{
  "principalPoint": {
    "x": 0,
    "y": 0
  },
  "viewTransform": {
    "rows": [
      [
        0.6206400978884047,
        -0.7834566693103738,
        -0.03164674084588952,
        1.311500274948143
      ],
      [
        0.030803376050744905,
        -0.01596754094447413,
        0.9993979135760005,
        -2.232035706856163
      ],
      [
        -0.7834902813162062,
        -0.6212412453703327,
        0.014223014229416006,
        -10
      ],
      [
        0,
        0,
        0,
        1
      ]
    ]
  },
  "cameraTransform": {
    "rows": [
      [
        0.6206400978884045,
        0.030803376050744888,
        -0.7834902813162059,
        -8.580118236949565
      ],
      [
        -0.7834566693103737,
        -0.01596754094447413,
        -0.6212412453703327,
        -5.220548938031569
      ],
      [
        -0.03164674084588951,
        0.9993979135760003,
        0.014223014229416003,
        2.414426680073939
      ],
      [
        0,
        0,
        0,
        1
      ]
    ]
  },
  "horizontalFieldOfView": 0.8569989058683248,
  "verticalFieldOfView": 0.6601426845069399,
  "vanishingPoints": [
    {
      "x": 1.734100700689429,
      "y": 0.08606623415878828
    },
    {
      "x": -2.7607227679975006,
      "y": -0.05626597559395918
    },
    {
      "x": 4.870857708348706,
      "y": -153.82073796333918
    }
  ],
  "vanishingPointAxes": [
    "xPositive",
    "yPositive",
    "zPositive"
  ],
  "relativeFocalLength": 2.189112579796747,
  "imageWidth": 640,
  "imageHeight": 480
}