{
  "principalPoint": {
    "x": 0,
    "y": 0
  },
  "viewTransform": {
    "rows": [
      [
        0.03202884422588891,
        -0.9985985559659826,
        -0.04213166457912887,
        1.0236767407216434
      ],
      [
        0.10976219377343388,
        -0.03838409939659897,
        0.9932164526081689,
        -0.8922108374217439
      ],
      [
        -0.9934417013371226,
        -0.03643603897470874,
        0.10837896986148474,
        -10
      ],
      [
        0,
        0,
        0,
        1
      ]
    ]
  },
  "cameraTransform": {
    "rows": [
      [
        0.03202884422588897,
        0.1097621937734339,
        -0.9934417013371226,
        -9.869273177413623
      ],
      [
        -0.9985985559659825,
        -0.03838409939659897,
        -0.03643603897470868,
        0.6236350158471907
      ],
      [
        -0.04213166457912887,
        0.9932164526081689,
        0.10837896986148474,
        2.013077386614976
      ],
      [
        0,
        0,
        0,
        1
      ]
    ]
  },
  "horizontalFieldOfView": 1.06495589566246,
  "verticalFieldOfView": 0.832258517121687,
  "vanishingPoints": [
    {
      "x": 0.05471405888670344,
      "y": 0.18750396022092927
    },
    {
      "x": -46.51144457664956,
      "y": -1.787805420950696
    },
    {
      "x": 0.6597260785084682,
      "y": -15.552454476576187
    }
  ],
  "vanishingPointAxes": [
    "xPositive",
    "yPositive",
    "zPositive"
  ],
  "relativeFocalLength": 1.69707115761395,
  "imageWidth": 1024,
  "imageHeight": 768
}