{
  "principalPoint": {
    "x": 0,
    "y": 0
  },
  "viewTransform": {
    "rows": [
      [
        -0.7702546581721988,
        0.6377347830115185,
        0.001451930191322219,
        1.3725086066864776
      ],
      [
        0.020401703394628674,
        0.026916532321990465,
        -0.9994294726424455,
        -2.2219467500063
      ],
      [
        -0.6374100187968703,
        -0.769785584968315,
        -0.03374346029029458,
        -10
      ],
      [
        0,
        0,
        0,
        1
      ]
    ]
  },
  "cameraTransform": {
    "rows": [
      [
        -0.770254658172199,
        0.020401703394628677,
        -0.6374100187968704,
        -5.271587541734723
      ],
      [
        0.6377347830115184,
        0.02691653232199046,
        -0.7697855849683148,
        -8.513345226635504
      ],
      [
        0.001451930191322219,
        -0.9994294726424455,
        -0.03374346029029458,
        -2.5601064581852366
      ],
      [
        0,
        0,
        0,
        1
      ]
    ]
  },
  "horizontalFieldOfView": 0.7748126801080916,
  "verticalFieldOfView": 0.5939404875973828,
  "vanishingPoints": [
    {
      "x": -2.9616065250023693,
      "y": 0.07844395000229562
    },
    {
      "x": 2.0304029733049065,
      "y": 0.08569613687927066
    },
    {
      "x": 0.10545520739596828,
      "y": -72.58960723116644
    }
  ],
  "vanishingPointAxes": [
    "xPositive",
    "yPositive",
    "zPositive"
  ],
  "relativeFocalLength": 2.450822790543469,
  "imageWidth": 560,
  "imageHeight": 420
}