# Blender 4.0.2
# www.blender.org
o room
v -3.643961 -2.607086 3.471609
v -4.637996 -2.607086 -1.009464
v -4.140978 -2.607086 1.231072
v -3.643961 0.726248 3.471609
v -3.643962 4.059582 3.471609
v 0.046251 -2.607085 3.471609
v 3.736463 -2.607085 3.471609
v -0.616439 -2.607085 -1.009464
v -0.285094 -2.607085 1.231072
v 3.405118 -2.607085 -1.009464
v 3.570791 -2.607085 1.231072
v 0.046250 4.059582 3.471609
v 3.736462 4.059583 3.471609
v 0.046250 0.726249 3.471609
v 3.736462 0.726249 3.471609
v -4.637997 2.482353 -1.009464
v -4.140979 3.327149 1.231072
v -4.637997 0.726248 -1.009464
v -4.140979 0.726248 1.231072
v -3.892469 -2.607086 2.351341
v -3.643962 5.726248 3.471609
v 5.581569 -2.607085 3.471609
v -4.886505 -2.607086 -2.129732
v -4.389487 -2.607086 0.110804
v -3.643961 -0.940419 3.471609
v -3.643961 2.392915 3.471609
v -1.798855 -2.607086 3.471609
v 1.891357 -2.607085 3.471609
v -0.119421 -2.607085 2.351341
v -0.782112 -2.607086 -2.129732
v -0.450767 -2.607085 0.110804
v 3.653627 -2.607085 2.351341
v 3.487955 -2.607085 0.110804
v -2.627218 -2.607086 -1.009464
v -2.213036 -2.607086 1.231072
v 1.394339 -2.607085 -1.009464
v 1.642848 -2.607085 1.231072
v 5.581568 4.059583 3.471609
v -1.798856 4.059582 3.471609
v 1.891356 4.059583 3.471609
v 5.581568 0.726249 3.471609
v -1.798855 0.726248 3.471609
v 1.891356 0.726249 3.471609
v 0.046249 5.726249 3.471609
v 3.736462 5.726249 3.471609
v 0.046250 2.392915 3.471609
v 3.736462 2.392916 3.471609
v 0.046250 -0.940418 3.471609
v 3.736463 -0.940418 3.471609
v -3.892470 3.693366 2.351341
v -4.886506 2.092405 -2.129732
v -4.389488 2.904751 0.110804
v -3.892470 0.726248 2.351341
v -4.886506 0.726248 -2.129732
v -4.389488 0.726248 0.110804
v -4.637997 3.689850 -1.009464
v -4.140980 4.704085 1.231072
v -4.637997 1.604300 -1.009464
v -4.140979 2.026699 1.231072
v -4.637996 -0.940419 -1.009464
v -4.140979 -0.940419 1.231072
v -3.892470 -0.940419 2.351341
v 5.581569 -0.940418 3.471609
v 5.540151 -2.607085 2.351341
v -2.005946 -2.607086 2.351341
v 1.767102 -2.607085 2.351341
v -2.834309 -2.607086 -2.129732
v -2.420127 -2.607086 0.110804
v 1.270085 -2.607085 -2.129732
v 1.518593 -2.607085 0.110804
v 5.581568 5.726250 3.471609
v 5.581568 2.392916 3.471609
v -1.798856 5.726248 3.471609
v 1.891356 5.726249 3.471609
v -1.798856 2.392915 3.471609
v 1.891356 2.392916 3.471609
v -1.798855 -0.940419 3.471609
v 1.891356 -0.940418 3.471609
v -3.892471 5.215167 2.351341
v -3.892470 2.209806 2.351341
v -4.886506 3.164934 -2.129732
v -4.389488 4.196968 0.110804
v -4.886506 1.409326 -2.129732
v -4.389488 1.815499 0.110804
v -4.886505 -0.940419 -2.129732
v -4.389488 -0.940419 0.110804
v -4.920944 -2.607086 -2.284980
v -2.859542 -2.607086 -2.266235
v -0.799529 -2.607086 -2.247503
v 1.259099 -2.607085 -2.228784
v 2.802668 -2.607085 -2.214747
v -5.098705 -2.149403 -3.086322
v -5.097994 -0.940419 -3.083117
v -5.097014 0.726248 -3.078698
v -5.096710 1.244405 -3.077323
v -5.096405 1.763041 -3.075949
v -5.095840 2.722765 -3.073404
v -5.095388 3.492227 -3.071362
v -4.886506 4.028860 -2.129732
v -4.637997 4.667299 -1.009464
v -4.389489 5.305738 0.110804
v -4.140980 5.944178 1.231072
v -3.892471 6.582617 2.351340
v -3.643962 7.221056 3.471609
v -1.798856 7.201904 3.471609
v 0.046250 7.182754 3.471609
v 1.891356 7.163602 3.471609
v 3.736461 7.144450 3.471609
v 5.581567 7.125299 3.471609
v 6.950730 7.111088 3.471608
v 3.374286 -2.607085 -1.426429
v 2.864313 -2.607085 -2.129732
v 5.509342 -2.607085 1.518025
v 6.113588 -2.607085 2.351341
v 3.676632 -2.607085 -1.009464
v 6.925907 -2.607085 3.471609
v 4.488950 -2.607085 0.110804
v 5.301270 -2.607085 1.231072
v 6.930165 -0.940418 3.471609
v 6.934421 0.726249 3.471609
v 6.938677 2.392916 3.471609
v 6.942936 4.059583 3.471609
v 6.947193 5.726250 3.471609
vn 0.9763 -0.0000 -0.2166
vn -0.0000 -0.0000 -1.0000
vn -0.0000 1.0000 -0.0000
vt 0.692435 0.505951
vt 0.654654 0.505368
vt 0.654376 0.362120
vt 0.692123 0.345362
vt 0.624237 0.504899
vt 0.623986 0.375612
vt 0.623736 0.246325
vt 0.654098 0.218872
vt 0.691812 0.184773
vt 0.192189 0.506434
vt 0.082980 0.506822
vt 0.082728 0.376102
vt 0.191937 0.376003
vt 0.002551 0.507108
vt 0.002551 0.376175
vt 0.002552 0.245243
vt 0.082475 0.245382
vt 0.191685 0.245572
vt 0.130364 0.183085
vt 0.164375 0.217743
vt 0.040405 0.217458
vt 0.001406 0.191571
vt 0.002560 0.182701
vt 0.002533 0.217370
vt 0.532582 0.218592
vt 0.552652 0.184355
vt 0.516435 0.246138
vt 0.408662 0.245950
vt 0.410459 0.218311
vt 0.412695 0.183934
vt 0.287725 0.218028
vt 0.271935 0.183511
vt 0.300413 0.245762
vt 0.890983 0.004691
vt 0.803383 0.083894
vt 0.612111 0.082922
vt 0.658884 0.003130
vt 0.419328 0.081941
vt 0.424556 0.001554
vt 0.739914 0.141281
vt 0.578271 0.140650
vt 0.415551 0.140015
vt 0.225018 0.080953
vt 0.187967 -0.000038
vt 0.029162 0.079957
vt -0.000643 0.049585
vt 0.002393 -0.001286
vt 0.251745 0.139376
vt 0.086840 0.138733
vt 0.002458 0.138403
vt 0.002504 0.079821
vt 0.083738 0.898985
vt 0.002551 0.899918
vt 0.002551 0.768980
vt 0.083486 0.768264
vt 0.192946 0.897730
vt 0.192694 0.767297
vt 0.083233 0.637543
vt 0.192442 0.636866
vt 0.002551 0.638043
vt 0.517690 0.893997
vt 0.409919 0.895235
vt 0.409667 0.765378
vt 0.517439 0.764424
vt 0.624989 0.892763
vt 0.624738 0.763475
vt 0.301672 0.896480
vt 0.301420 0.766335
vt 0.517188 0.634852
vt 0.624488 0.634187
vt 0.409416 0.635520
vt 0.409165 0.505663
vt 0.516937 0.505280
vt 0.301168 0.636191
vt 0.300916 0.506048
vt 0.516686 0.375709
vt 0.408913 0.375806
vt 0.300664 0.375905
vt 0.655402 0.891189
vt 0.655148 0.760390
vt 0.693178 0.889233
vt 0.692921 0.756559
vt 0.654901 0.632879
vt 0.692678 0.631255
vt 0.892679 0.878013
vt 0.804937 0.884457
vt 0.804639 0.730940
vt 0.892363 0.715735
vt 0.741361 0.887174
vt 0.741087 0.745514
vt 0.804423 0.619308
vt 0.892163 0.612383
vt 0.804206 0.507677
vt 0.891962 0.509031
vt 0.740855 0.626104
vt 0.740623 0.506695
vt 0.803795 0.295785
vt 0.891472 0.256860
vt 0.740269 0.323988
vt 0.183123 -0.010627
vt 0.425367 -0.010917
vt 0.655630 1.008721
vt 0.625214 1.008720
vt 0.908821 -0.011438
vt 1.001057 -0.012058
vt 1.001116 0.208184
vt 0.805179 1.008726
vt 0.741597 1.008724
vt 0.892933 1.008729
vt 1.001218 0.603775
vt 1.001240 0.696864
vt 0.667276 -0.011187
vt 1.001195 0.510717
vt 0.301889 1.008718
vt 0.193161 1.008717
vt 0.693410 1.008722
vt 0.410139 1.008719
vt 0.517913 1.008719
vt 1.001284 0.870037
vt 0.083950 1.008717
vt 0.002550 1.008720
vt 1.001321 1.010220
vt 0.001135 -0.010394
s 0
f 19/1/1 53/2/1 62/3/1 61/4/1
f 53/2/1 4/5/1 25/6/1 62/3/1
f 62/3/1 25/6/1 1/7/1 20/8/1
f 61/4/1 62/3/1 20/8/1 3/9/1
f 15/10/2 41/11/2 63/12/2 49/13/2
f 41/11/2 120/14/2 119/15/2 63/12/2
f 63/12/2 119/15/2 116/16/2 22/17/2
f 49/13/2 63/12/2 22/17/2 7/18/2
f 11/19/3 32/20/3 64/21/3 113/22/3 118/23/3
f 32/20/3 7/18/3 22/17/3 64/21/3
f 64/21/3 22/17/3 116/16/3 114/24/3
f 3/9/3 20/8/3 65/25/3 35/26/3
f 20/8/3 1/7/3 27/27/3 65/25/3
f 65/25/3 27/27/3 6/28/3 29/29/3
f 35/26/3 65/25/3 29/29/3 9/30/3
f 9/30/3 29/29/3 66/31/3 37/32/3
f 29/29/3 6/28/3 28/33/3 66/31/3
f 66/31/3 28/33/3 7/18/3 32/20/3
f 37/32/3 66/31/3 32/20/3 11/19/3
f 23/34/3 2/35/3 34/36/3 67/37/3
f 67/37/3 34/36/3 8/38/3 30/39/3
f 2/35/3 24/40/3 68/41/3 34/36/3
f 24/40/3 3/9/3 35/26/3 68/41/3
f 68/41/3 35/26/3 9/30/3 31/42/3
f 34/36/3 68/41/3 31/42/3 8/38/3
f 30/39/3 8/38/3 36/43/3 69/44/3
f 69/44/3 36/43/3 10/45/3 111/46/3 112/47/3
f 8/38/3 31/42/3 70/48/3 36/43/3
f 31/42/3 9/30/3 37/32/3 70/48/3
f 70/48/3 37/32/3 11/19/3 33/49/3
f 36/43/3 70/48/3 33/49/3 10/45/3
f 10/45/3 33/49/3 117/50/3 115/51/3
f 33/49/3 11/19/3 118/23/3 117/50/3
f 71/52/2 123/53/2 122/54/2 38/55/2
f 45/56/2 71/52/2 38/55/2 13/57/2
f 13/57/2 38/55/2 72/58/2 47/59/2
f 38/55/2 122/54/2 121/60/2 72/58/2
f 72/58/2 121/60/2 120/14/2 41/11/2
f 47/59/2 72/58/2 41/11/2 15/10/2
f 73/61/2 44/62/2 12/63/2 39/64/2
f 21/65/2 73/61/2 39/64/2 5/66/2
f 74/67/2 45/56/2 13/57/2 40/68/2
f 44/62/2 74/67/2 40/68/2 12/63/2
f 5/66/2 39/64/2 75/69/2 26/70/2
f 39/64/2 12/63/2 46/71/2 75/69/2
f 75/69/2 46/71/2 14/72/2 42/73/2
f 26/70/2 75/69/2 42/73/2 4/5/2
f 12/63/2 40/68/2 76/74/2 46/71/2
f 40/68/2 13/57/2 47/59/2 76/74/2
f 76/74/2 47/59/2 15/10/2 43/75/2
f 46/71/2 76/74/2 43/75/2 14/72/2
f 4/5/2 42/73/2 77/76/2 25/6/2
f 42/73/2 14/72/2 48/77/2 77/76/2
f 77/76/2 48/77/2 6/28/2 27/27/2
f 25/6/2 77/76/2 27/27/2 1/7/2
f 14/72/2 43/75/2 78/78/2 48/77/2
f 43/75/2 15/10/2 49/13/2 78/78/2
f 78/78/2 49/13/2 7/18/2 28/33/2
f 48/77/2 78/78/2 28/33/2 6/28/2
f 79/79/1 21/65/1 5/66/1 50/80/1
f 57/81/1 79/79/1 50/80/1 17/82/1
f 17/82/1 50/80/1 80/83/1 59/84/1
f 50/80/1 5/66/1 26/70/1 80/83/1
f 80/83/1 26/70/1 4/5/1 53/2/1
f 59/84/1 80/83/1 53/2/1 19/1/1
f 81/85/1 56/86/1 16/87/1 51/88/1
f 82/89/1 57/81/1 17/82/1 52/90/1
f 56/86/1 82/89/1 52/90/1 16/87/1
f 51/88/1 16/87/1 58/91/1 83/92/1
f 83/92/1 58/91/1 18/93/1 54/94/1
f 16/87/1 52/90/1 84/95/1 58/91/1
f 52/90/1 17/82/1 59/84/1 84/95/1
f 84/95/1 59/84/1 19/1/1 55/96/1
f 58/91/1 84/95/1 55/96/1 18/93/1
f 54/94/1 18/93/1 60/97/1 85/98/1
f 85/98/1 60/97/1 2/35/1 23/34/1
f 18/93/1 55/96/1 86/99/1 60/97/1
f 55/96/1 19/1/1 61/4/1 86/99/1
f 86/99/1 61/4/1 3/9/1 24/40/1
f 60/97/1 86/99/1 24/40/1 2/35/1
f 90/100/3 89/101/3 30/39/3 69/44/3
f 103/102/1 104/103/1 21/65/1 79/79/1
f 87/104/1 92/105/1 93/106/1 85/98/1 23/34/1
f 100/107/1 101/108/1 82/89/1 56/86/1
f 99/109/1 100/107/1 56/86/1 81/85/1
f 95/110/1 96/111/1 51/88/1 83/92/1
f 88/112/3 87/104/3 23/34/3 67/37/3
f 94/113/1 95/110/1 83/92/1 54/94/1
f 107/114/2 108/115/2 45/56/2 74/67/2
f 102/116/1 103/102/1 79/79/1 57/81/1
f 106/117/2 107/114/2 74/67/2 44/62/2
f 105/118/2 106/117/2 44/62/2 73/61/2
f 96/111/1 97/119/1 81/85/1 51/88/1
f 104/103/2 105/118/2 73/61/2 21/65/2
f 109/120/2 110/121/2 123/53/2 71/52/2
f 97/119/1 98/122/1 99/109/1 81/85/1
f 114/24/3 113/22/3 64/21/3
f 112/47/3 91/123/3 90/100/3 69/44/3
f 89/101/3 88/112/3 67/37/3 30/39/3
f 115/51/3 111/46/3 10/45/3
f 108/115/2 109/120/2 71/52/2 45/56/2
f 101/108/1 102/116/1 57/81/1 82/89/1
f 93/106/1 94/113/1 54/94/1 85/98/1
o props
v -0.912763 0.311903 -7.348979
v -1.811236 0.314228 -7.361212
v -2.247306 -0.789627 -0.272563
v -2.382011 -0.950811 -1.969049
v -3.886023 -0.822184 0.048671
v -4.032053 -0.843960 -1.213839
v -2.720227 -0.822184 -2.853259
v -4.024761 -0.822184 -2.595809
v -4.167592 1.027525 0.441004
v -4.300499 0.816139 -1.309488
v -4.293207 0.598337 -2.438656
v -2.535156 -0.523426 -5.197071
v -2.574607 -0.579366 -5.667036
v -3.474435 -0.523426 -4.924706
v -3.503205 -0.527716 -5.125158
v -3.364393 0.450388 -5.223450
v -0.100381 -0.523426 -5.680882
v 0.134904 -0.602137 -4.964712
v 0.341869 -0.523426 -4.591444
v -2.247306 -1.104891 -0.272563
v -2.382011 -1.075490 -1.969049
v -2.720227 -1.000530 -2.853259
v -4.076269 -0.990958 -2.595809
v -4.162578 -0.822184 -2.595809
v -4.362348 0.544951 -2.444562
v -4.162578 -1.011037 -2.595809
v 0.094313 -2.618940 3.380256
v -0.220971 -2.618940 1.853001
v -0.915337 -2.618940 1.915305
v 0.094313 -1.447893 3.380256
v -0.220971 -1.447893 1.853001
v -0.915537 -1.447893 2.026655
v 2.043844 -2.630647 1.344661
v 0.904217 -2.630647 1.137150
v 2.336551 -2.630647 1.702952
v 1.470926 -2.630647 0.955152
v 0.742291 -2.630647 1.679522
v 2.043844 -2.417860 1.344661
v 0.904217 -2.417860 1.137150
v 2.297956 -2.417860 1.716598
v 1.470926 -2.417860 0.955152
v 0.742291 -2.417860 1.679522
v 1.839200 -2.329792 1.345837
v 1.092391 -2.329792 1.509200
v 2.052834 -2.329792 1.607337
v 1.489779 -2.329792 1.295859
v 0.996002 -2.329792 1.830442
v 1.839200 2.353764 1.433246
v 1.092390 2.353764 1.558332
v 2.052833 2.412581 1.633475
v 1.489778 2.302461 1.394978
v 0.996001 2.412581 1.804304
v 1.970574 2.607418 1.409451
v 1.052196 2.607418 1.544957
v 2.202004 2.694998 1.626359
v 1.482688 2.552302 1.367995
v 0.947778 2.694998 1.811419
v 1.970574 3.905874 1.409451
v 1.052196 3.905874 1.544957
v 2.202004 4.046306 1.626359
v 1.482688 3.843369 1.367995
v 0.947778 4.046306 1.811419
v -3.981097 -0.290594 -1.245722
v -4.070579 0.262772 -1.277605
v -4.063286 0.124830 -2.491040
v -4.010285 -0.348677 -2.543425
v -3.839440 -0.205615 0.179449
v -3.933296 0.410955 0.310226
v -4.164621 0.124830 -2.491040
v -4.111620 -0.348677 -2.543425
v -3.207032 -0.897386 -1.591444
v -3.066664 -0.765497 -0.111946
v -3.372494 -0.822184 -2.724534
v -3.372494 -0.940198 -2.724534
v 0.250673 -1.359080 3.597191
v -0.163300 -1.359080 1.591882
v -1.025240 -1.359080 1.873016
v 0.201548 -1.265742 3.529035
v -0.181419 -1.265742 1.673920
v -0.981023 -1.265742 1.920663
v -0.576609 -1.265742 3.689677
v -0.290548 -2.618940 2.009447
v -0.770248 -2.618940 1.997167
v -0.463276 -1.447893 1.903022
v -0.705581 -1.447893 1.953043
v -0.450613 -1.359080 1.685594
v -0.737927 -1.359080 1.779305
v -0.447953 -1.265742 1.756168
v -0.714488 -1.265742 1.838415
v -0.317224 -1.265742 3.636130
v -0.057837 -1.265742 3.582582
v -0.915536 -2.033417 2.026655
v 0.094313 -2.033417 3.380256
v -0.220971 -2.033417 1.853001
v -0.683966 -2.033417 2.090664
v -0.397866 -2.033417 2.031602
v -0.220971 -2.174376 1.853001
v -0.915536 -2.174376 2.026655
v 0.094313 -2.174376 3.380256
v -0.770448 -2.174376 2.108517
v -0.290548 -2.174376 2.009447
v -4.092577 -1.313450 -2.695072
v -4.177857 -1.306959 -2.686871
v -2.519448 -0.526071 -5.088881
v -2.553921 -0.441224 -5.881666
v -3.190671 -0.466518 -4.917727
v -2.715090 -0.517191 -4.959146
v -2.983685 -0.488548 -4.890771
v -2.672968 -0.420312 -5.986774
v -2.861846 -0.403852 -5.981745
v -2.523048 -0.462314 -5.701277
v -2.526534 -0.490204 -5.452736
v -2.487939 -0.514271 -5.240139
v -3.237503 -0.452285 -5.082574
v -3.200321 -0.440129 -5.342445
v -3.133629 -0.419398 -5.633074
v -2.738176 -0.497972 -5.187623
v -2.744929 -0.475541 -5.420372
v -2.695571 -0.444622 -5.709838
v -2.985097 -0.471366 -5.135061
v -2.966041 -0.456651 -5.380728
v -2.895415 -0.429060 -5.683920
v 0.133732 -0.722618 -4.977568
v 0.382070 -0.587411 -4.977375
v -0.028423 -0.523426 -5.687440
v 0.683594 -0.514042 -4.566710
v -2.656985 -0.774446 -0.192255
v -2.794522 -0.924099 -1.780247
v -2.827818 -0.822184 -2.832026
v -2.819926 -0.991308 -2.833583
v -2.382011 -1.075490 -1.969049
v -2.720227 -1.077078 -2.853259
v -2.819926 -1.067857 -2.833583
v -2.221727 -1.027194 -0.707753
v -2.319892 -1.138559 -0.688380
v -2.166489 -2.618940 -0.704614
v -2.234371 -2.612662 -0.691217
v -2.535156 -0.609558 -5.197071
v -2.574607 -0.654711 -5.667036
v -3.159748 -0.546886 -5.304863
v -3.122820 -0.523426 -4.903701
v -3.443065 -0.041423 -5.231791
v -3.410825 -0.014474 -4.974614
v -3.371744 0.370648 -5.135195
v -2.590981 -0.669609 -5.197072
v 2.052834 0.185184 1.621198
v 0.996001 0.185184 1.816580
v 1.092390 0.153991 1.535256
v 1.839200 0.153992 1.392192
v 1.489779 0.126785 1.348423
v 0.850248 2.462657 1.804304
v 0.850249 0.235260 1.816580
v 1.482688 2.677416 1.367995
v 1.970574 2.727916 1.409451
v 1.052196 2.727916 1.544957
v 0.947778 2.808162 1.811419
v 2.202004 2.808162 1.626359
v 1.970574 3.001964 1.409451
v 1.482688 2.961960 1.367995
v 1.052196 3.001964 1.544957
v 0.947778 3.065529 1.811419
v 2.202004 3.065529 1.626359
v 1.487015 2.825500 1.384461
v 1.095038 2.866704 1.545590
v 0.999961 2.932176 1.788213
v 2.141975 2.932176 1.619710
v 1.931251 2.866704 1.422208
v 1.970574 4.128753 1.409451
v 1.052196 4.128753 1.544957
v 2.202004 4.174605 1.626359
v 1.482688 4.108345 1.367995
v 0.947778 4.174605 1.811419
v 1.947725 3.462082 1.416864
v 1.485202 3.424524 1.377563
v 1.077090 3.462082 1.545325
v 0.978100 3.536825 1.797935
v 2.167124 3.536825 1.622496
v 4.867728 -2.607085 2.250722
v -2.280982 -0.829923 -0.696685
v -2.314659 -0.870219 -1.120806
v -2.348335 -0.910515 -1.544928
v -3.413288 -0.884030 -1.497043
v -3.619543 -0.870673 -1.402641
v -3.825798 -0.857317 -1.308240
v -3.995546 -0.838516 -0.898211
v -3.959038 -0.833072 -0.582584
v -3.922530 -0.827628 -0.266956
v -2.554565 -0.778241 -0.212332
v -2.452146 -0.782036 -0.232409
v -2.349726 -0.785832 -0.252486
v -3.535561 -0.822184 -2.692352
v -3.698627 -0.822184 -2.660171
v -3.861694 -0.822184 -2.627990
v -2.635673 -0.854341 -2.632206
v -2.551119 -0.886498 -2.411154
v -2.466565 -0.918655 -2.190101
v -4.030231 -0.838516 -1.559331
v -4.028407 -0.833072 -1.904824
v -4.026584 -0.827628 -2.250316
v -4.267272 0.868985 -0.871865
v -4.234046 0.921832 -0.434242
v -4.200819 0.974679 0.003381
v -4.298676 0.761688 -1.591780
v -4.296853 0.707238 -1.874072
v -4.295030 0.652787 -2.156363
v -4.128059 0.401114 -1.285575
v -4.185539 0.539455 -1.293546
v -4.243019 0.677797 -1.301517
v -4.013904 -0.467054 -2.556520
v -4.017523 -0.585431 -2.569616
v -4.021142 -0.703808 -2.582713
v -3.991870 0.565098 0.342921
v -4.050444 0.719240 0.375615
v -4.109018 0.873383 0.408310
v -2.545019 -0.537411 -5.314562
v -2.554882 -0.551396 -5.432053
v -2.564744 -0.565381 -5.549544
v -3.245613 -0.542094 -5.259937
v -3.331477 -0.537301 -5.215011
v -3.417341 -0.532509 -5.170084
v -3.496013 -0.526644 -5.075045
v -3.488820 -0.525571 -5.024932
v -3.481628 -0.524499 -4.974818
v -2.975904 -0.523426 -4.977043
v -2.828989 -0.523426 -5.050386
v -2.682073 -0.523426 -5.123728
v -2.590882 -0.565381 -5.733397
v -2.607158 -0.551396 -5.799758
v -2.623433 -0.537411 -5.866119
v -3.370323 0.440956 -5.277332
v -3.426727 -0.141712 -4.962137
v -3.442630 -0.268950 -4.949660
v -3.458532 -0.396188 -4.937182
v -0.041560 -0.543103 -5.501838
v 0.017262 -0.562781 -5.322796
v 0.076082 -0.582459 -5.143754
v 0.495670 -0.580204 -4.975656
v 0.609270 -0.572997 -4.973938
v 0.722870 -0.565790 -4.972218
v -0.046412 -0.523426 -5.685800
v -0.064402 -0.523426 -5.684161
v -0.082392 -0.523426 -5.682520
v 0.786401 -0.516388 -4.590992
v 0.889207 -0.518734 -4.615274
v 0.992014 -0.521080 -4.639555
v 0.186646 -0.582459 -4.871395
v 0.238387 -0.562781 -4.778078
v 0.290128 -0.543103 -4.684761
v -2.280982 -1.097541 -0.696685
v -2.314659 -1.090190 -1.120806
v -2.348335 -1.082840 -1.544927
v -3.548438 -0.952888 -2.692352
v -3.724381 -0.965578 -2.660171
v -3.900325 -0.978268 -2.627989
v -2.635673 -1.019270 -2.632206
v -2.551119 -1.038010 -2.411154
v -2.466565 -1.056750 -2.190101
v -2.382011 -1.044320 -1.969049
v -2.382011 -1.013150 -1.969049
v -2.382011 -0.981981 -1.969049
v -2.720227 -0.866771 -2.853259
v -2.720227 -0.911357 -2.853259
v -2.720227 -0.955943 -2.853259
v -4.037638 -0.864378 -2.595809
v -4.050515 -0.906571 -2.595809
v -4.063392 -0.948765 -2.595809
v -2.247306 -1.026075 -0.272563
v -2.247306 -0.947259 -0.272563
v -2.247306 -0.868443 -0.272563
v -4.124360 -0.467054 -2.556520
v -4.137099 -0.585431 -2.569616
v -4.149838 -0.703808 -2.582713
v -4.162578 -0.869398 -2.595809
v -4.162578 -0.916611 -2.595809
v -4.162578 -0.963824 -2.595809
v -4.059215 -0.822184 -2.595809
v -4.093669 -0.822184 -2.595809
v -4.128123 -0.822184 -2.595809
v -4.141000 -1.006017 -2.595809
v -4.119423 -1.000998 -2.595809
v -4.097846 -0.995978 -2.595809
v -4.310492 0.584991 -2.440133
v -4.327777 0.571644 -2.441609
v -4.345062 0.558297 -2.443086
v 0.015491 -2.618940 2.998442
v -0.063329 -2.618940 2.616629
v -0.142150 -2.618940 2.234815
v -0.806520 -2.618940 1.976702
v -0.842792 -2.618940 1.956236
v -0.879064 -2.618940 1.935771
v 0.015492 -1.447893 2.998443
v -0.063329 -1.447893 2.616629
v -0.142150 -1.447893 2.234815
v -0.758071 -1.447893 1.971446
v -0.810559 -1.447893 1.989849
v -0.863048 -1.447893 2.008252
v -0.915537 -1.887036 2.026655
v -0.915537 -1.740655 2.026655
v -0.915537 -1.594274 2.026655
v 0.094314 -1.887036 3.380256
v 0.094314 -1.740655 3.380256
v 0.094313 -1.594274 3.380256
v -0.220972 -2.285517 1.853001
v -0.220971 -2.396658 1.853001
v -0.220972 -2.507799 1.853001
v 2.263374 -2.630647 1.613379
v 2.190197 -2.630647 1.523806
v 2.117021 -2.630647 1.434233
v 1.329248 -2.630647 1.000652
v 1.187571 -2.630647 1.046151
v 1.045894 -2.630647 1.091650
v 1.900613 -2.630647 1.247283
v 1.757385 -2.630647 1.149906
v 1.614155 -2.630647 1.052529
v 0.863735 -2.630647 1.272743
v 0.823254 -2.630647 1.408336
v 0.782773 -2.630647 1.543929
v 2.234427 -2.417860 1.623614
v 2.170900 -2.417860 1.530629
v 2.107372 -2.417860 1.437645
v 1.329248 -2.417860 1.000651
v 1.187571 -2.417860 1.046151
v 1.045894 -2.417860 1.091650
v 1.900614 -2.417860 1.247283
v 1.757385 -2.417860 1.149906
v 1.614155 -2.417860 1.052529
v 0.863735 -2.417860 1.272743
v 0.823254 -2.417860 1.408336
v 0.782773 -2.417860 1.543929
v 2.114114 -2.351809 1.634652
v 2.175395 -2.373826 1.661968
v 2.236675 -2.395843 1.689283
v 0.932574 -2.351809 1.792712
v 0.869146 -2.373826 1.754982
v 0.805718 -2.395843 1.717252
v 0.951260 -2.395843 1.230162
v 0.998304 -2.373826 1.323175
v 1.045347 -2.351809 1.416188
v 2.043844 -2.577450 1.344661
v 2.043844 -2.524253 1.344661
v 2.043844 -2.471056 1.344661
v 1.470925 -2.471056 0.955152
v 1.470926 -2.524253 0.955152
v 1.470925 -2.577450 0.955152
v 0.904216 -2.471057 1.137150
v 0.904217 -2.524254 1.137150
v 0.904216 -2.577451 1.137150
v 0.742290 -2.471057 1.679522
v 0.742291 -2.524254 1.679522
v 0.742290 -2.577451 1.679522
v 2.307604 -2.471056 1.713186
v 2.317254 -2.524253 1.709775
v 2.326902 -2.577450 1.706363
v 1.999425 -2.329792 1.541962
v 1.946017 -2.329792 1.476587
v 1.892609 -2.329792 1.411212
v 1.390431 -2.329792 1.349194
v 1.291085 -2.329792 1.402529
v 1.191738 -2.329792 1.455865
v 1.751845 -2.329792 1.333342
v 1.664490 -2.329792 1.320848
v 1.577134 -2.329792 1.308353
v 1.068293 -2.329792 1.589510
v 1.044196 -2.329792 1.669821
v 1.020099 -2.329792 1.750131
v 2.052833 -0.443560 1.617733
v 2.052834 -1.072304 1.614268
v 2.052834 -1.701048 1.610802
v 0.996001 -0.443560 1.820046
v 0.996002 -1.072304 1.823511
v 0.996002 -1.701048 1.826976
v 1.092390 0.703934 1.541025
v 1.092391 1.253878 1.546794
v 1.092390 1.803821 1.552563
v 1.890360 -2.351809 1.345543
v 1.941522 -2.373826 1.345249
v 1.992682 -2.395843 1.344955
v 1.485065 -2.351809 1.210682
v 1.480352 -2.373826 1.125505
v 1.475638 -2.395843 1.040329
v 1.999424 2.397877 1.583418
v 1.946016 2.383173 1.533360
v 1.892608 2.368468 1.483303
v 1.390430 2.315286 1.435816
v 1.291084 2.328112 1.476655
v 1.191737 2.340938 1.517493
v 1.751844 2.340938 1.423679
v 1.664489 2.328112 1.414112
v 1.577133 2.315286 1.404545
v 1.068292 2.368468 1.619825
v 1.044195 2.383173 1.681318
v 1.020098 2.397877 1.742811
v 1.062244 2.544004 1.548301
v 1.072293 2.480591 1.551644
v 1.082341 2.417177 1.554988
v 1.488005 2.364921 1.388232
v 1.486233 2.427382 1.381486
v 1.484460 2.489842 1.374741
v 1.839200 -0.466954 1.380603
v 1.839200 -1.087900 1.369015
v 1.839200 -1.708846 1.357426
v 1.489778 -0.487360 1.335282
v 1.489779 -1.101504 1.322141
v 1.489779 -1.715648 1.309000
v 2.144146 2.673103 1.572132
v 2.086289 2.651208 1.517905
v 2.028431 2.629313 1.463678
v 1.375065 2.566081 1.412236
v 1.267442 2.579860 1.456476
v 1.159819 2.593639 1.500717
v 1.848603 2.593639 1.399087
v 1.726631 2.579860 1.388723
v 1.604660 2.566081 1.378359
v 1.026091 2.629313 1.611573
v 0.999987 2.651208 1.678188
v 0.973882 2.673103 1.744804
v 1.482687 2.646137 1.367995
v 1.482688 2.614859 1.367995
v 1.482687 2.583580 1.367995
v 1.953437 3.573030 1.415010
v 1.959150 3.683978 1.413157
v 1.964862 3.794926 1.411304
v 0.959834 2.624393 1.809641
v 0.971890 2.553790 1.807862
v 0.983945 2.483185 1.806083
v 2.164711 2.624393 1.628138
v 2.127419 2.553790 1.629917
v 2.090126 2.483185 1.631696
v 1.937730 2.544004 1.415400
v 1.904887 2.480591 1.421349
v 1.872043 2.417177 1.427297
v 2.144146 4.011198 1.572132
v 2.086289 3.976090 1.517905
v 2.028431 3.940982 1.463678
v 1.375065 3.858995 1.412236
v 1.267442 3.874622 1.456476
v 1.159819 3.890248 1.500717
v 1.848603 3.890248 1.399087
v 1.726631 3.874622 1.388723
v 1.604660 3.858995 1.378359
v 1.026092 3.940982 1.611573
v 0.999987 3.976090 1.678188
v 0.973882 4.011198 1.744804
v 1.052196 2.697792 1.544957
v 1.052196 2.667667 1.544957
v 1.052196 2.637542 1.544957
v 0.947778 2.779871 1.811419
v 0.947778 2.751580 1.811419
v 0.947778 2.723289 1.811419
v 2.202004 2.779871 1.626359
v 2.202004 2.751580 1.626359
v 2.202004 2.723289 1.626359
v -4.019314 -0.705619 -1.221809
v -4.006575 -0.567277 -1.229780
v -3.993836 -0.428936 -1.237751
v -4.003467 -0.152253 -1.253692
v -4.025838 -0.013911 -1.261663
v -4.048208 0.124431 -1.269634
v -4.235726 0.479960 -2.451752
v -4.178246 0.361583 -2.464848
v -4.120766 0.243207 -2.477944
v -4.050035 0.006453 -2.504136
v -4.036785 -0.111924 -2.517232
v -4.023535 -0.230300 -2.530329
v -3.874377 -0.668042 0.081365
v -3.862731 -0.513900 0.114060
v -3.851086 -0.359757 0.146754
v -3.862904 -0.051472 0.212143
v -3.886368 0.102670 0.244838
v -3.909832 0.256813 0.277532
v -4.312916 0.439920 -2.456182
v -4.263484 0.334890 -2.467802
v -4.214053 0.229860 -2.479421
v -4.151371 0.006453 -2.504136
v -4.138121 -0.111924 -2.517232
v -4.124871 -0.230301 -2.530328
v -4.035619 -0.348677 -2.543425
v -4.060953 -0.348677 -2.543425
v -4.086287 -0.348678 -2.543424
v -4.088620 0.124830 -2.491040
v -4.113954 0.124830 -2.491040
v -4.139287 0.124830 -2.491040
v -3.874854 -0.226860 -0.176844
v -3.910268 -0.248104 -0.533137
v -3.945683 -0.269349 -0.889429
v -3.967617 0.373909 -0.086731
v -4.001937 0.336864 -0.483689
v -4.036258 0.299818 -0.880647
v -3.988394 -0.305115 -1.570148
v -3.995691 -0.319636 -1.894573
v -4.002988 -0.334157 -2.218999
v -4.068755 0.228287 -1.580963
v -4.066932 0.193801 -1.884322
v -4.065109 0.159316 -2.187682
v -2.897649 -0.917420 -1.733046
v -3.000777 -0.910742 -1.685845
v -3.103905 -0.904064 -1.638644
v -3.681183 -0.808013 0.008517
v -3.476343 -0.793841 -0.031638
v -3.271504 -0.779669 -0.071792
v -2.963987 -0.822184 -2.805152
v -3.100156 -0.822184 -2.778279
v -3.236325 -0.822184 -2.751406
v -2.958068 -0.978531 -2.806320
v -3.096210 -0.965753 -2.779058
v -3.234352 -0.952976 -2.751796
v -3.372494 -0.851688 -2.724534
v -3.372494 -0.881191 -2.724534
v -3.372494 -0.910695 -2.724534
v -3.248398 -0.878586 -1.874716
v -3.289763 -0.859785 -2.157989
v -3.331129 -0.840985 -2.441261
v -3.171940 -0.864414 -1.221570
v -3.136848 -0.831442 -0.851695
v -3.101756 -0.798470 -0.481821
v 0.147180 -1.359080 3.095864
v 0.043686 -1.359080 2.594537
v -0.059807 -1.359080 2.093210
v -0.809756 -1.359080 1.802733
v -0.881583 -1.359080 1.826161
v -0.953412 -1.359080 1.849589
v -0.206553 -1.425690 1.787722
v -0.192136 -1.403486 1.722442
v -0.177718 -1.381283 1.657162
v -0.997815 -1.381284 1.911426
v -0.970388 -1.403487 1.949836
v -0.942963 -1.425690 1.988245
v 0.105806 -1.265742 3.065256
v 0.010065 -1.265742 2.601477
v -0.085677 -1.265742 2.137699
v -0.781122 -1.265742 1.858977
v -0.847755 -1.265742 1.879539
v -0.914389 -1.265742 1.900101
v -0.879920 -1.265742 2.362917
v -0.778816 -1.265742 2.805170
v -0.677713 -1.265742 3.247424
v 0.007009 -1.265742 3.569196
v 0.071856 -1.265742 3.555809
v 0.136702 -1.265742 3.542422
v 0.213829 -1.289076 3.546074
v 0.226110 -1.312411 3.563113
v 0.238391 -1.335745 3.580152
v -0.167830 -1.335745 1.612392
v -0.172359 -1.312411 1.632901
v -0.176889 -1.289076 1.653410
v -0.992077 -1.289077 1.908751
v -1.003131 -1.312411 1.896840
v -1.014186 -1.335746 1.884928
v -0.238366 -2.618940 1.892113
v -0.255760 -2.618940 1.931224
v -0.273153 -2.618940 1.970336
v -0.410473 -2.618940 2.006377
v -0.530398 -2.618940 2.003307
v -0.650323 -2.618940 2.000237
v -0.281547 -1.447893 1.865507
v -0.342124 -1.447893 1.878012
v -0.402699 -1.447893 1.890517
v -0.523853 -1.447893 1.915528
v -0.584429 -1.447893 1.928033
v -0.645005 -1.447893 1.940538
v -0.235129 -1.359080 1.615310
v -0.306957 -1.359080 1.638738
v -0.378786 -1.359080 1.662166
v -0.522442 -1.359080 1.709022
v -0.594270 -1.359080 1.732449
v -0.666099 -1.359080 1.755877
v -0.248053 -1.265742 1.694482
v -0.314686 -1.265742 1.715044
v -0.381320 -1.265742 1.735605
v -0.514587 -1.265742 1.776729
v -0.581221 -1.265742 1.797291
v -0.647855 -1.265742 1.817853
v -0.511763 -1.265742 3.676290
v -0.446916 -1.265742 3.662904
v -0.382070 -1.265742 3.649517
v -0.252377 -1.265742 3.622743
v -0.187531 -1.265742 3.609356
v -0.122684 -1.265742 3.595969
v -0.732067 -1.335746 1.794083
v -0.726207 -1.312411 1.808860
v -0.720348 -1.289077 1.823638
v -0.449948 -1.335746 1.703237
v -0.449284 -1.312411 1.720881
v -0.448618 -1.289076 1.738524
v -0.615172 -1.265742 2.287844
v -0.515856 -1.265742 2.737273
v -0.416540 -1.265742 3.186701
v -0.350424 -1.265742 2.212771
v -0.252895 -1.265742 2.669375
v -0.155366 -1.265742 3.125979
v -0.713668 -1.425690 1.909609
v -0.721754 -1.403487 1.866174
v -0.729841 -1.381284 1.822740
v -0.460111 -1.425690 1.848665
v -0.456945 -1.403487 1.794308
v -0.453779 -1.381283 1.739951
v -0.689370 -1.887036 2.056259
v -0.694774 -1.740655 2.021854
v -0.700178 -1.594274 1.987449
v -0.414218 -1.887036 1.999457
v -0.430571 -1.740655 1.967312
v -0.446923 -1.594274 1.935167
v -0.915537 -2.139136 2.026655
v -0.915536 -2.103896 2.026655
v -0.915537 -2.068656 2.026655
v 0.094313 -2.139136 3.380256
v 0.094313 -2.103896 3.380256
v 0.094313 -2.068656 3.380256
v -0.220971 -1.594274 1.853001
v -0.220971 -1.740655 1.853001
v -0.220971 -1.887036 1.853001
v -0.748828 -2.139136 2.104053
v -0.727207 -2.103896 2.099590
v -0.705587 -2.068656 2.095127
v -0.317378 -2.139136 2.014986
v -0.344207 -2.103896 2.020525
v -0.371036 -2.068656 2.026063
v -0.469391 -2.033417 2.046367
v -0.540916 -2.033417 2.061133
v -0.612441 -2.033417 2.075898
v -0.741859 -2.033417 2.074661
v -0.799751 -2.033417 2.058659
v -0.857644 -2.033417 2.042657
v -0.265195 -2.033417 1.897651
v -0.309419 -2.033417 1.942302
v -0.353642 -2.033417 1.986952
v 0.015492 -2.033417 2.998443
v -0.063329 -2.033417 2.616629
v -0.142150 -2.033417 2.234815
v -0.220971 -2.068656 1.853001
v -0.220971 -2.103896 1.853001
v -0.220971 -2.139136 1.853001
v -0.915387 -2.507799 1.943142
v -0.915437 -2.396658 1.970980
v -0.915487 -2.285517 1.998817
v 0.094313 -2.507799 3.380256
v 0.094313 -2.396658 3.380256
v 0.094313 -2.285517 3.380256
v -0.770298 -2.507799 2.025005
v -0.770348 -2.396658 2.052842
v -0.770398 -2.285517 2.080679
v -0.290548 -2.507799 2.009447
v -0.290548 -2.396658 2.009447
v -0.290548 -2.285517 2.009447
v 0.015491 -2.174376 2.998442
v -0.063329 -2.174376 2.616629
v -0.142150 -2.174376 2.234815
v -0.238366 -2.174376 1.892113
v -0.255760 -2.174376 1.931224
v -0.273153 -2.174376 1.970336
v -0.806720 -2.174376 2.088051
v -0.842992 -2.174376 2.067586
v -0.879264 -2.174376 2.047120
v -0.410523 -2.174376 2.034214
v -0.530498 -2.174376 2.058982
v -0.650473 -2.174376 2.083750
v -4.156537 -1.308581 -2.688921
v -4.135217 -1.310204 -2.690971
v -4.113897 -1.311827 -2.693022
v -4.088500 -1.232827 -2.670256
v -4.084423 -1.152204 -2.645441
v -4.080346 -1.071581 -2.620624
v -4.166398 -1.085017 -2.618574
v -4.170218 -1.158998 -2.641339
v -4.174037 -1.232978 -2.664105
v -2.495816 -0.517221 -5.202324
v -2.503693 -0.520171 -5.164510
v -2.511570 -0.523121 -5.126696
v -3.035432 -0.483041 -4.897510
v -3.087178 -0.477533 -4.904249
v -3.138925 -0.472026 -4.910987
v -2.568358 -0.523851 -5.056447
v -2.617269 -0.521631 -5.024014
v -2.666180 -0.519411 -4.991579
v -2.782239 -0.510031 -4.942051
v -2.849388 -0.502870 -4.924959
v -2.916536 -0.495709 -4.907864
v -2.583683 -0.435996 -5.907943
v -2.613444 -0.430768 -5.934220
v -2.643206 -0.425540 -5.960497
v -2.720187 -0.416197 -5.985517
v -2.767407 -0.412082 -5.984259
v -2.814626 -0.407967 -5.983002
v -2.689920 -0.438545 -5.779072
v -2.684269 -0.432467 -5.848306
v -2.678619 -0.426390 -5.917540
v -2.887023 -0.422758 -5.758377
v -2.878631 -0.416456 -5.832833
v -2.870238 -0.410154 -5.907288
v -2.546203 -0.446496 -5.836568
v -2.538485 -0.451769 -5.791471
v -2.530766 -0.457041 -5.746375
v -2.523920 -0.469287 -5.639141
v -2.524791 -0.476259 -5.577007
v -2.525663 -0.483231 -5.514872
v -2.516886 -0.496221 -5.399587
v -2.507237 -0.502237 -5.346438
v -2.497588 -0.508254 -5.293289
v -3.202379 -0.462960 -4.958938
v -3.214087 -0.459401 -5.000150
v -3.225795 -0.455843 -5.041362
v -3.228207 -0.449246 -5.147542
v -3.218912 -0.446207 -5.212510
v -3.209616 -0.443168 -5.277478
v -3.183648 -0.434947 -5.415102
v -3.166975 -0.429764 -5.487760
v -3.150302 -0.424581 -5.560417
v -2.720861 -0.512386 -5.016265
v -2.726633 -0.507581 -5.073384
v -2.732405 -0.502777 -5.130503
v -2.739864 -0.492364 -5.245811
v -2.741553 -0.486757 -5.303998
v -2.743241 -0.481149 -5.362185
v -2.732589 -0.467811 -5.492739
v -2.720250 -0.460082 -5.565105
v -2.707911 -0.452352 -5.637471
v -2.984038 -0.484253 -4.951844
v -2.984391 -0.479957 -5.012916
v -2.984744 -0.475661 -5.073988
v -2.980333 -0.467687 -5.196478
v -2.975569 -0.464009 -5.257895
v -2.970805 -0.460330 -5.319311
v -2.948384 -0.449754 -5.456526
v -2.930728 -0.442856 -5.532324
v -2.913072 -0.435958 -5.608122
v -2.923367 -0.478017 -5.148201
v -2.861637 -0.484669 -5.161342
v -2.799906 -0.491320 -5.174482
v -2.910763 -0.461374 -5.390639
v -2.855485 -0.466096 -5.400550
v -2.800207 -0.470819 -5.410461
v -2.845454 -0.432950 -5.690399
v -2.795493 -0.436841 -5.696879
v -2.745533 -0.440731 -5.703358
v -2.675617 -0.502046 -5.200752
v -2.613058 -0.506121 -5.213881
v -2.550498 -0.510196 -5.227010
v -2.690331 -0.479207 -5.428463
v -2.635732 -0.482873 -5.436554
v -2.581133 -0.486538 -5.444645
v -2.652441 -0.449045 -5.707697
v -2.609310 -0.453468 -5.705557
v -2.566179 -0.457891 -5.703416
v -3.174401 -0.457055 -5.095696
v -3.111300 -0.461825 -5.108818
v -3.048198 -0.466595 -5.121939
v -3.141751 -0.444260 -5.352016
v -3.083181 -0.448390 -5.361587
v -3.024611 -0.452521 -5.371157
v -3.074076 -0.421814 -5.645785
v -3.014522 -0.424229 -5.658497
v -2.954969 -0.426645 -5.671208
v -0.042732 -0.663585 -5.514695
v 0.016089 -0.683263 -5.335653
v 0.074910 -0.702941 -5.156610
v -0.100675 -0.553546 -5.684095
v -0.100967 -0.583666 -5.687310
v -0.101261 -0.613787 -5.690524
v 0.134611 -0.632257 -4.967926
v 0.134318 -0.662378 -4.971139
v 0.134025 -0.692498 -4.974354
v 0.196695 -0.598455 -4.967877
v 0.258487 -0.594774 -4.971043
v 0.320279 -0.591093 -4.974208
v 0.211806 -0.523776 -5.706048
v 0.131730 -0.523659 -5.699845
v 0.051653 -0.523543 -5.693642
v 0.427301 -0.521080 -4.585260
v 0.512733 -0.518734 -4.579077
v 0.598163 -0.516388 -4.572894
v 0.198160 -0.606870 -5.718903
v -0.028716 -0.553546 -5.690654
v -0.029009 -0.583666 -5.693869
v -0.029302 -0.613787 -5.697082
v 0.457451 -0.569069 -4.874708
v 0.532832 -0.550727 -4.772043
v 0.608213 -0.532385 -4.669376
v 0.279447 -0.571415 -5.154891
v 0.176824 -0.555418 -5.332407
v 0.074201 -0.539422 -5.509923
v -2.964244 -0.767735 -0.132023
v -2.861825 -0.769972 -0.152101
v -2.759405 -0.772209 -0.172178
v -2.485139 -0.944133 -1.921848
v -2.588266 -0.937455 -1.874648
v -2.691394 -0.930777 -1.827447
v -2.747125 -0.822184 -2.847950
v -2.774022 -0.822184 -2.842642
v -2.800920 -0.822184 -2.837334
v -2.745152 -0.998224 -2.848340
v -2.770077 -0.995919 -2.843421
v -2.795002 -0.993613 -2.838501
v -2.802846 -0.898620 -2.043191
v -2.811170 -0.873141 -2.306136
v -2.819494 -0.847663 -2.569080
v -2.825845 -0.864465 -2.832415
v -2.823872 -0.906746 -2.832805
v -2.821899 -0.949027 -2.833193
v -2.760138 -0.886686 -1.383248
v -2.725754 -0.849272 -0.986251
v -2.691370 -0.811859 -0.589252
v -2.635673 -1.076681 -2.632206
v -2.551119 -1.076284 -2.411154
v -2.466565 -1.075887 -2.190101
v -2.745152 -1.074773 -2.848340
v -2.770077 -1.072468 -2.843421
v -2.795002 -1.070162 -2.838501
v -2.819926 -1.010445 -2.833583
v -2.819926 -1.029582 -2.833583
v -2.819926 -1.048720 -2.833582
v -2.720227 -1.057941 -2.853259
v -2.720227 -1.038804 -2.853259
v -2.720227 -1.019667 -2.853259
v -2.382011 -1.075490 -1.969049
v -2.382011 -1.075490 -1.969049
v -2.382011 -1.075490 -1.969049
v -2.815949 -1.380520 -2.834367
v -2.811972 -1.693183 -2.835153
v -2.807995 -2.005847 -2.835938
v -2.732158 -2.012861 -2.850904
v -2.728181 -1.700933 -2.851689
v -2.724204 -1.389006 -2.852473
v -2.246268 -1.055035 -0.702910
v -2.270810 -1.082877 -0.698067
v -2.295351 -1.110718 -0.693224
v -2.183460 -2.617371 -0.701265
v -2.200430 -2.615801 -0.697916
v -2.217401 -2.614231 -0.694566
v -2.255751 -2.244136 -0.690508
v -2.277132 -1.875610 -0.689799
v -2.298512 -1.507085 -0.689090
v -2.207918 -1.425131 -0.706969
v -2.194108 -1.823067 -0.706184
v -2.180299 -2.221004 -0.705399
v -2.545019 -0.620847 -5.314561
v -2.554882 -0.632135 -5.432053
v -2.564745 -0.643423 -5.549544
v -2.574607 -0.635875 -5.667036
v -2.574607 -0.617039 -5.667035
v -2.574607 -0.598203 -5.667035
v -2.535156 -0.588025 -5.197071
v -2.535156 -0.566492 -5.197071
v -2.535156 -0.544959 -5.197071
v -2.720892 -0.571246 -5.576492
v -2.867178 -0.563126 -5.485949
v -3.013463 -0.555007 -5.395405
v -3.386531 -0.523426 -4.919454
v -3.298628 -0.523426 -4.914203
v -3.210724 -0.523426 -4.908952
v -3.171128 -0.541022 -5.456410
v -3.150517 -0.541021 -5.204572
v -3.141284 -0.535156 -5.104282
v -3.132052 -0.529291 -5.003991
v -3.488170 -0.406143 -5.151816
v -3.473135 -0.284570 -5.178474
v -3.458100 -0.162997 -5.205132
v -3.381514 0.274368 -5.095049
v -3.391284 0.178087 -5.054904
v -3.401054 0.081807 -5.014759
v -3.418885 -0.021211 -5.038908
v -3.426945 -0.027949 -5.103202
v -3.435005 -0.034686 -5.167496
v -3.366231 0.430453 -5.201386
v -3.368068 0.410518 -5.179322
v -3.369906 0.390583 -5.157259
v -3.378620 0.361037 -5.195721
v -3.385495 0.351425 -5.256248
v -2.549113 -0.624571 -5.197071
v -2.563069 -0.639584 -5.197072
v -2.577025 -0.654597 -5.197071
v -2.578638 -0.881924 -5.197071
v -2.582752 -0.811153 -5.197072
v -2.586867 -0.740381 -5.197071
v -2.530169 -0.695343 -5.197071
v -2.525182 -0.781127 -5.197071
v -2.520194 -0.866912 -5.197071
v 2.052833 1.855731 1.630406
v 2.052834 1.298882 1.627337
v 2.052833 0.742033 1.624267
v 0.996001 1.855731 1.807373
v 0.996002 1.298882 1.810442
v 0.996001 0.742033 1.813511
v 1.092390 -1.708846 1.515714
v 1.092391 -1.087901 1.522228
v 1.092390 -0.466955 1.528742
v 1.839199 1.803820 1.422982
v 1.839200 1.253878 1.412719
v 1.839199 0.703935 1.402455
v 1.489778 1.758542 1.383339
v 1.489779 1.214623 1.371701
v 1.489778 0.670703 1.360062
v 1.390431 0.133586 1.395132
v 1.291084 0.140388 1.441840
v 1.191738 0.147190 1.488548
v 1.751844 0.147190 1.381250
v 1.664489 0.140388 1.370308
v 1.577134 0.133587 1.359365
v 1.068293 0.161789 1.605587
v 1.044196 0.169588 1.675918
v 1.020098 0.177386 1.746249
v 1.999424 0.177386 1.563947
v 1.946017 0.169588 1.506695
v 1.892609 0.161790 1.449443
v 0.850249 1.905808 1.807373
v 0.850249 1.348959 1.810442
v 0.850249 0.792109 1.813511
v 0.886687 0.222741 1.816580
v 0.923125 0.210222 1.816580
v 0.959563 0.197703 1.816580
v 0.959563 2.425100 1.804304
v 0.923125 2.437619 1.804304
v 0.886686 2.450139 1.804304
v 1.485933 2.788479 1.380344
v 1.484851 2.751458 1.376228
v 1.483769 2.714437 1.372112
v 1.970574 2.637542 1.409451
v 1.970574 2.667667 1.409451
v 1.970574 2.697792 1.409451
v 1.084327 2.832006 1.545432
v 1.073617 2.797310 1.545274
v 1.062906 2.762613 1.545115
v 0.986915 2.901172 1.794015
v 0.973870 2.870169 1.799816
v 0.960824 2.839165 1.805618
v 2.156982 2.901172 1.621372
v 2.171989 2.870169 1.623035
v 2.186996 2.839165 1.624697
v 2.144146 2.788101 1.572132
v 2.086289 2.768039 1.517905
v 2.028431 2.747977 1.463678
v 1.026092 2.747977 1.611573
v 0.999987 2.768039 1.678188
v 0.973882 2.788101 1.744804
v 1.848603 2.715291 1.399087
v 1.726631 2.702666 1.388723
v 1.604660 2.690041 1.378359
v 1.375065 2.690041 1.412236
v 1.267442 2.702666 1.456476
v 1.159819 2.715291 1.500717
v 1.941081 2.900518 1.419019
v 1.950913 2.934333 1.415830
v 1.960743 2.968148 1.412640
v 1.484573 3.308883 1.375171
v 1.483945 3.193243 1.372779
v 1.483316 3.077601 1.370387
v 1.070866 3.347052 1.545233
v 1.064643 3.232023 1.545141
v 1.058420 3.116993 1.545049
v 0.970519 3.419000 1.801306
v 0.962939 3.301177 1.804677
v 0.955358 3.183353 1.808048
v 2.175844 3.419001 1.623462
v 2.184564 3.301177 1.624428
v 2.193284 3.183353 1.625393
v 2.144146 3.049637 1.572132
v 2.086289 3.033746 1.517905
v 2.028431 3.017855 1.463678
v 1.026092 3.017855 1.611573
v 0.999987 3.033746 1.678188
v 0.973882 3.049637 1.744804
v 1.848603 2.991963 1.399087
v 1.726631 2.981962 1.388723
v 1.604660 2.971961 1.378359
v 1.375065 2.971961 1.412236
v 1.267442 2.981962 1.456476
v 1.159819 2.991963 1.500717
v 1.483769 2.927845 1.372112
v 1.484851 2.893730 1.376228
v 1.485932 2.859615 1.380345
v 1.062907 2.968149 1.545115
v 1.073617 2.934333 1.545274
v 1.084327 2.900518 1.545432
v 0.960824 3.032190 1.805618
v 0.973870 2.998852 1.799816
v 0.986915 2.965514 1.794015
v 2.186996 3.032190 1.624697
v 2.171989 2.998852 1.623035
v 2.156982 2.965514 1.621372
v 1.960743 2.762613 1.412640
v 1.950913 2.797310 1.415830
v 1.941082 2.832007 1.419019
v 1.389019 2.835801 1.424743
v 1.291027 2.846102 1.465026
v 1.193032 2.856403 1.505308
v 1.820191 2.856402 1.412771
v 1.709133 2.846102 1.403334
v 1.598074 2.835801 1.393898
v 1.071269 2.883071 1.606246
v 1.047500 2.899439 1.666902
v 1.023731 2.915808 1.727557
v 2.089293 2.915807 1.570334
v 2.036613 2.899439 1.520959
v 1.983932 2.883072 1.471583
v 2.144146 4.163141 1.572132
v 2.086289 4.151679 1.517905
v 2.028431 4.140215 1.463678
v 1.375065 4.113446 1.412236
v 1.267442 4.118549 1.456476
v 1.159819 4.123650 1.500717
v 1.848603 4.123650 1.399087
v 1.726631 4.118549 1.388723
v 1.604660 4.113446 1.378359
v 1.026092 4.140215 1.611573
v 0.999987 4.151679 1.678188
v 0.973882 4.163141 1.744804
v 1.052196 3.961594 1.544957
v 1.052196 4.017313 1.544957
v 1.052196 4.073033 1.544957
v 0.947778 4.142529 1.811419
v 0.947778 4.110456 1.811419
v 0.947778 4.078380 1.811419
v 1.482688 3.909612 1.367995
v 1.482688 3.975857 1.367995
v 1.482688 4.042100 1.367995
v 1.970574 3.961594 1.409451
v 1.970574 4.017313 1.409451
v 1.970574 4.073033 1.409451
v 2.202004 4.078381 1.626359
v 2.202004 4.110456 1.626359
v 2.202004 4.142530 1.626359
v 1.964861 3.116993 1.411304
v 1.959150 3.232023 1.413157
v 1.953437 3.347052 1.415011
v 1.483316 3.738657 1.370387
v 1.483945 3.633947 1.372779
v 1.484573 3.529235 1.375171
v 1.058419 3.794926 1.545049
v 1.064643 3.683978 1.545141
v 1.070866 3.573030 1.545233
v 0.955358 3.918935 1.808048
v 0.962939 3.791565 1.804677
v 0.970519 3.664195 1.801306
v 2.193284 3.918935 1.625393
v 2.184564 3.791565 1.624428
v 2.175844 3.664195 1.623462
v 2.112273 3.518138 1.571088
v 2.057425 3.499453 1.519680
v 2.002575 3.480768 1.468272
v 1.052342 3.480767 1.608478
v 1.027595 3.499453 1.671630
v 1.002847 3.518139 1.734783
v 1.832094 3.452692 1.407038
v 1.716464 3.443303 1.397213
v 1.600832 3.433914 1.387388
v 1.383173 3.433913 1.419503
v 1.281146 3.443303 1.461444
v 1.179118 3.452693 1.503384
v 4.867728 -0.107085 2.250722
v 4.867727 2.392915 2.250722
v 4.867727 4.892916 2.250722
v 5.986549 -2.607085 2.250722
v -2.657187 -0.892643 -1.423668
v -2.622980 -0.854509 -1.019889
v -2.588773 -0.816375 -0.616111
v -2.554236 -0.898600 -1.464088
v -2.520206 -0.859746 -1.053529
v -2.486176 -0.820891 -0.642969
v -2.451286 -0.904558 -1.504508
v -2.417432 -0.864982 -1.087167
v -2.383579 -0.825407 -0.669827
v -3.443856 -0.868568 -1.795870
v -3.474424 -0.853107 -2.094697
v -3.504992 -0.837646 -2.393525
v -3.639314 -0.858551 -1.717024
v -3.659085 -0.846429 -2.031406
v -3.678856 -0.834307 -2.345788
v -3.834772 -0.848534 -1.638177
v -3.843746 -0.839751 -1.968115
v -3.852720 -0.830968 -2.298052
v -4.122589 0.282683 -2.179852
v -4.180069 0.406051 -2.172022
v -4.237549 0.529419 -2.164193
v -4.124413 0.322160 -1.881759
v -4.181892 0.450520 -1.879197
v -4.239373 0.578878 -1.876634
v -4.126235 0.361637 -1.583667
v -4.183716 0.494987 -1.586371
v -4.241196 0.628338 -1.589075
v -4.094012 0.442110 -0.878451
v -4.151765 0.584402 -0.876256
v -4.209519 0.726693 -0.874060
v -4.059965 0.483106 -0.471327
v -4.117991 0.629348 -0.458965
v -4.176019 0.775590 -0.446603
v -4.025918 0.524102 -0.064203
v -4.084218 0.674294 -0.041675
v -4.142518 0.824486 -0.019147
v -3.004073 -0.547111 -5.290815
v -2.994684 -0.539217 -5.186224
v -2.985294 -0.531321 -5.081634
v -2.857630 -0.553201 -5.377058
v -2.848083 -0.543276 -5.268167
v -2.838536 -0.533351 -5.159276
v -2.711188 -0.559291 -5.463301
v -2.701482 -0.547336 -5.350110
v -2.691778 -0.535381 -5.236919
v -3.256120 -0.537427 -5.414639
v -3.383185 0.371450 -5.274989
v -3.380875 0.391474 -5.293731
v -3.378564 0.411499 -5.312472
v -3.376546 0.381016 -5.216124
v -3.374471 0.400996 -5.236526
v -3.372397 0.420976 -5.256929
v 0.228605 -0.574176 -5.152107
v 0.136933 -0.557259 -5.330004
v 0.045259 -0.540343 -5.507902
v 0.177765 -0.576937 -5.149322
v 0.097043 -0.559100 -5.327602
v 0.016320 -0.541263 -5.505881
v 0.126923 -0.579698 -5.146538
v 0.057152 -0.560941 -5.325199
v -0.012620 -0.542183 -5.503860
v 0.568352 -0.564250 -4.879489
v 0.641036 -0.548296 -4.783323
v 0.713718 -0.532342 -4.687158
v 0.679255 -0.559431 -4.884271
v 0.749238 -0.545866 -4.794606
v 0.819223 -0.532300 -4.704939
v 0.790156 -0.554613 -4.889052
v 0.857442 -0.543435 -4.805887
v 0.924728 -0.532258 -4.722721
v -2.466565 -0.953178 -2.190102
v -2.466565 -0.987702 -2.190101
v -2.466565 -1.022226 -2.190102
v -2.551119 -0.924376 -2.411154
v -2.551119 -0.962254 -2.411154
v -2.551119 -1.000132 -2.411154
v -2.635673 -0.895573 -2.632206
v -2.635673 -0.936805 -2.632206
v -2.635673 -0.978038 -2.632206
v -3.538780 -0.854860 -2.692352
v -3.541999 -0.887536 -2.692352
v -3.545218 -0.920213 -2.692352
v -3.705066 -0.858033 -2.660171
v -3.711504 -0.893881 -2.660171
v -3.717943 -0.929730 -2.660171
v -3.871352 -0.861205 -2.627990
v -3.881010 -0.900226 -2.627990
v -3.890667 -0.939247 -2.627990
v -2.280982 -0.896828 -0.696685
v -2.280982 -0.963732 -0.696685
v -2.280982 -1.030637 -0.696685
v -2.314659 -0.925212 -1.120806
v -2.314659 -0.980205 -1.120806
v -2.314659 -1.035197 -1.120806
v -2.348335 -0.953597 -1.544928
v -2.348335 -0.996678 -1.544928
v -2.348335 -1.039759 -1.544928
v -4.088189 -0.952529 -2.595808
v -4.112985 -0.956294 -2.595809
v -4.137781 -0.960059 -2.595809
v -4.078530 -0.909081 -2.595809
v -4.106546 -0.911591 -2.595808
v -4.134562 -0.914101 -2.595809
v -4.068873 -0.865633 -2.595809
v -4.100108 -0.866888 -2.595809
v -4.131343 -0.868143 -2.595809
v -4.144088 0.239870 -2.478313
v -4.167409 0.236533 -2.478682
v -4.190731 0.233197 -2.479052
v -4.199556 0.354910 -2.465586
v -4.220865 0.348237 -2.466324
v -4.242175 0.341563 -2.467063
v -4.255024 0.469950 -2.452859
v -4.274321 0.459940 -2.453967
v -4.293619 0.449930 -2.455074
v -0.142150 -1.887036 2.234815
v -0.142150 -1.740655 2.234815
v -0.142150 -1.594274 2.234815
v -0.063329 -1.887036 2.616629
v -0.063329 -1.740655 2.616629
v -0.063329 -1.594274 2.616629
v 0.015492 -1.887036 2.998442
v 0.015492 -1.740655 2.998443
v 0.015492 -1.594274 2.998442
v -0.365907 -1.887036 1.962843
v -0.378170 -1.740655 1.938734
v -0.390436 -1.594274 1.914626
v -0.317595 -1.887036 1.926229
v -0.325771 -1.740655 1.910157
v -0.333947 -1.594274 1.894084
v -0.269283 -1.887036 1.889615
v -0.273371 -1.740655 1.881579
v -0.277459 -1.594274 1.873543
v 2.053680 -2.395843 1.431037
v 1.999990 -2.373826 1.424428
v 1.946300 -2.351809 1.417820
v 2.114679 -2.395843 1.517119
v 2.058458 -2.373826 1.503608
v 2.002238 -2.351809 1.490098
v 2.175677 -2.395843 1.603201
v 2.116927 -2.373826 1.582788
v 2.058176 -2.351809 1.562375
v 0.842103 -2.395843 1.595479
v 0.901435 -2.373826 1.647030
v 0.960767 -2.351809 1.698581
v 0.878490 -2.395843 1.473707
v 0.933725 -2.373826 1.539078
v 0.988961 -2.351809 1.604450
v 0.914875 -2.395843 1.351935
v 0.966014 -2.373826 1.431127
v 1.017153 -2.351809 1.510319
v 1.614155 -2.577450 1.052529
v 1.614154 -2.524253 1.052529
v 1.614155 -2.471056 1.052529
v 1.757384 -2.577450 1.149906
v 1.757385 -2.524253 1.149906
v 1.757385 -2.471056 1.149906
v 1.900614 -2.577450 1.247283
v 1.900614 -2.524253 1.247283
v 1.900614 -2.471056 1.247283
v 1.045894 -2.577451 1.091650
v 1.045893 -2.524254 1.091650
v 1.045894 -2.471057 1.091650
v 1.187571 -2.577450 1.046151
v 1.187571 -2.524254 1.046151
v 1.187571 -2.471057 1.046151
v 1.329248 -2.577450 1.000651
v 1.329249 -2.524253 1.000651
v 1.329248 -2.471057 1.000652
v 0.782773 -2.577451 1.543929
v 0.782772 -2.524254 1.543929
v 0.782772 -2.471057 1.543929
v 0.823254 -2.577451 1.408336
v 0.823254 -2.524254 1.408336
v 0.823254 -2.471057 1.408336
v 0.863735 -2.577451 1.272743
v 0.863736 -2.524254 1.272743
v 0.863735 -2.471057 1.272743
v 2.114608 -2.577450 1.435086
v 2.112195 -2.524253 1.435939
v 2.109783 -2.471056 1.436792
v 2.185373 -2.577450 1.525512
v 2.180548 -2.524253 1.527218
v 2.175725 -2.471056 1.528924
v 2.256137 -2.577450 1.615938
v 2.248901 -2.524253 1.618496
v 2.241664 -2.471056 1.621055
v 1.892608 0.713459 1.457908
v 1.892608 1.265129 1.466373
v 1.892608 1.816798 1.474838
v 1.946016 0.722984 1.513361
v 1.946016 1.276380 1.520028
v 1.946016 1.829776 1.526694
v 1.999424 0.732508 1.568815
v 1.999425 1.287631 1.573682
v 1.999425 1.842754 1.578550
v 1.020099 0.732508 1.745390
v 1.020098 1.287631 1.744530
v 1.020099 1.842754 1.743671
v 1.044196 0.722984 1.677268
v 1.044196 1.276380 1.678618
v 1.044196 1.829776 1.679968
v 1.068293 0.713459 1.609146
v 1.068293 1.265129 1.612706
v 1.068293 1.816798 1.616265
v 1.604900 -2.395843 1.116485
v 1.595644 -2.373826 1.180441
v 1.586389 -2.351809 1.244397
v 1.734160 -2.395843 1.192642
v 1.710937 -2.373826 1.235377
v 1.687713 -2.351809 1.278112
v 1.863421 -2.395843 1.268798
v 1.826230 -2.373826 1.290313
v 1.789037 -2.351809 1.311828
v 1.082355 -2.395843 1.182704
v 1.118815 -2.373826 1.273758
v 1.155277 -2.351809 1.364811
v 1.213449 -2.395843 1.135246
v 1.239328 -2.373826 1.224340
v 1.265206 -2.351809 1.313435
v 1.344544 -2.395843 1.087787
v 1.359840 -2.373826 1.174923
v 1.375135 -2.351809 1.262058
v 1.008543 2.466683 1.743309
v 0.996990 2.535490 1.743807
v 0.985436 2.604296 1.744306
v 1.033143 2.450181 1.680536
v 1.022091 2.517190 1.679753
v 1.011039 2.584199 1.678971
v 1.057742 2.433679 1.617762
v 1.047192 2.498890 1.615699
v 1.036642 2.564102 1.613636
v 1.183757 2.404113 1.513299
v 1.175778 2.467288 1.509105
v 1.167798 2.530463 1.504911
v 1.285173 2.391049 1.471610
v 1.279263 2.453986 1.466565
v 1.273352 2.516923 1.461521
v 1.386589 2.377985 1.429921
v 1.382748 2.440684 1.424026
v 1.378906 2.503382 1.418131
v 1.577134 0.679011 1.370660
v 1.577133 1.224436 1.381955
v 1.577134 1.769862 1.393250
v 1.664489 0.687319 1.381259
v 1.664489 1.234250 1.392210
v 1.664489 1.781181 1.403161
v 1.751844 0.695627 1.391857
v 1.751844 1.244064 1.402464
v 1.751844 1.792500 1.413072
v 1.191737 0.695627 1.495784
v 1.191736 1.244064 1.503021
v 1.191736 1.792500 1.510257
v 1.291084 0.687319 1.450543
v 1.291084 1.234250 1.459247
v 1.291084 1.781181 1.467951
v 1.390431 0.679011 1.405303
v 1.390431 1.224437 1.415474
v 1.390431 1.769861 1.425645
v 1.174293 3.562081 1.502717
v 1.169468 3.671470 1.502051
v 1.164643 3.780859 1.501384
v 1.277720 3.551133 1.460202
v 1.274294 3.658962 1.458960
v 1.270868 3.766792 1.457718
v 1.381146 3.540184 1.417686
v 1.379119 3.646454 1.415869
v 1.377092 3.752724 1.414052
v 1.601789 3.540184 1.385131
v 1.602746 3.646454 1.382874
v 1.603702 3.752724 1.380616
v 1.719005 3.551133 1.395091
v 1.721547 3.658962 1.392968
v 1.724089 3.766792 1.390846
v 1.836221 3.562080 1.405051
v 1.840349 3.671470 1.403063
v 1.844475 3.780859 1.401075
v 1.926563 2.433679 1.478397
v 1.960519 2.498890 1.473491
v 1.994475 2.564101 1.468585
v 1.981084 2.450181 1.529497
v 2.016152 2.517190 1.525633
v 2.051220 2.584199 1.521769
v 2.035605 2.466683 1.580596
v 2.071785 2.535490 1.577775
v 2.107965 2.604296 1.574954
v 1.584014 2.377985 1.397998
v 1.590896 2.440683 1.391452
v 1.597778 2.503382 1.384906
v 1.680024 2.391049 1.407765
v 1.695560 2.453986 1.401417
v 1.711095 2.516923 1.395070
v 1.776033 2.404113 1.417531
v 1.800223 2.467288 1.411383
v 1.824413 2.530464 1.405235
v 0.995606 3.641403 1.737288
v 0.988365 3.764668 1.739793
v 0.981123 3.887933 1.742298
v 1.020693 3.618612 1.673270
v 1.013791 3.737772 1.674909
v 1.006889 3.856930 1.676549
v 1.045780 3.595820 1.609251
v 1.039217 3.710875 1.610025
v 1.032654 3.825928 1.610799
v 2.009038 3.595820 1.467123
v 2.015503 3.710875 1.465975
v 2.021966 3.825928 1.464827
v 2.064641 3.618612 1.519236
v 2.071857 3.737772 1.518792
v 2.079072 3.856931 1.518349
v 2.120242 3.641404 1.571349
v 2.128211 3.764668 1.571610
v 2.136178 3.887933 1.571871
v -4.053316 -0.703808 -2.582712
v -4.085490 -0.703808 -2.582713
v -4.117664 -0.703808 -2.582712
v -4.047417 -0.585431 -2.569616
v -4.077311 -0.585431 -2.569617
v -4.107205 -0.585431 -2.569617
v -4.041518 -0.467054 -2.556520
v -4.069132 -0.467054 -2.556520
v -4.096746 -0.467054 -2.556520
v -4.048869 -0.230301 -2.530329
v -4.074203 -0.230301 -2.530328
v -4.099537 -0.230301 -2.530328
v -4.062119 -0.111924 -2.517232
v -4.087453 -0.111924 -2.517232
v -4.112787 -0.111924 -2.517232
v -4.075369 0.006453 -2.504137
v -4.100703 0.006453 -2.504137
v -4.126038 0.006453 -2.504136
v -3.983080 -0.696225 -0.896016
v -3.970614 -0.553933 -0.893820
v -3.958148 -0.411641 -0.891625
v -3.946846 -0.686830 -0.570222
v -3.934653 -0.540588 -0.557860
v -3.922461 -0.394346 -0.545498
v -3.910611 -0.677436 -0.244428
v -3.898692 -0.527244 -0.221900
v -3.886773 -0.377052 -0.199372
v -3.968326 -0.127058 -0.887233
v -3.990970 0.015234 -0.885038
v -4.013614 0.157526 -0.882842
v -3.933186 -0.101862 -0.520775
v -3.956103 0.044380 -0.508413
v -3.979020 0.190622 -0.496051
v -3.898045 -0.076667 -0.154315
v -3.921236 0.073525 -0.131788
v -3.944426 0.223717 -0.109259
v -4.020685 -0.704261 -2.242486
v -4.014786 -0.580893 -2.234657
v -4.008887 -0.457525 -2.226828
v -4.020228 -0.704713 -1.902261
v -4.012049 -0.576354 -1.899698
v -4.003870 -0.447995 -1.897136
v -4.019771 -0.705166 -1.562035
v -4.009312 -0.571816 -1.564739
v -3.998853 -0.438466 -1.567443
v -4.018518 -0.210789 -2.211169
v -4.034048 -0.087421 -2.203340
v -4.049579 0.035947 -2.195510
v -4.013501 -0.191277 -1.892010
v -4.031312 -0.062917 -1.889448
v -4.049122 0.065442 -1.886885
v -4.008484 -0.171765 -1.572851
v -4.028574 -0.038414 -1.575555
v -4.048665 0.094936 -1.578259
v -2.962507 -0.861271 -2.805444
v -2.961027 -0.900357 -2.805737
v -2.959548 -0.939444 -2.806028
v -3.099170 -0.858076 -2.778474
v -3.098183 -0.893969 -2.778669
v -3.097197 -0.929861 -2.778863
v -3.235832 -0.854882 -2.751503
v -3.235338 -0.887580 -2.751601
v -3.234845 -0.920278 -2.751698
v -2.914234 -0.893611 -2.001072
v -2.930818 -0.869802 -2.269099
v -2.947403 -0.845993 -2.537126
v -3.025622 -0.888603 -1.958954
v -3.050467 -0.866463 -2.232062
v -3.075311 -0.844324 -2.505171
v -3.137010 -0.883594 -1.916835
v -3.170115 -0.863124 -2.195026
v -3.203220 -0.842654 -2.473216
v -3.789644 -0.844991 -0.979051
v -3.753491 -0.832665 -0.649862
v -3.717337 -0.820339 -0.320672
v -3.583743 -0.851465 -1.059891
v -3.547943 -0.832257 -0.717139
v -3.512143 -0.813049 -0.374388
v -3.377842 -0.857939 -1.140730
v -3.342396 -0.831849 -0.784417
v -3.306950 -0.805759 -0.428104
v -0.396721 -1.425690 1.833429
v -0.390742 -1.403487 1.776341
v -0.384764 -1.381283 1.719254
v -0.333331 -1.425690 1.818193
v -0.324541 -1.403487 1.758375
v -0.315748 -1.381284 1.698556
v -0.269943 -1.425690 1.802957
v -0.258338 -1.403487 1.740408
v -0.246733 -1.381284 1.677859
v -0.284238 -1.265742 2.194003
v -0.187155 -1.265742 2.652401
v -0.090074 -1.265742 3.110798
v -0.218050 -1.265742 2.175235
v -0.121416 -1.265742 2.635426
v -0.024780 -1.265742 3.095618
v -0.151865 -1.265742 2.156467
v -0.055675 -1.265742 2.618452
v 0.040513 -1.265742 3.080437
v -0.379419 -1.335746 1.680526
v -0.380052 -1.312411 1.698886
v -0.380686 -1.289077 1.717246
v -0.308888 -1.335746 1.657814
v -0.310822 -1.312411 1.676891
v -0.312754 -1.289077 1.695967
v -0.238359 -1.335746 1.635103
v -0.241590 -1.312411 1.654896
v -0.244822 -1.289076 1.674689
v -0.066275 -1.335746 2.104332
v -0.072742 -1.312411 2.115454
v -0.079209 -1.289077 2.126576
v 0.035281 -1.335746 2.596272
v 0.026875 -1.312411 2.598007
v 0.018470 -1.289076 2.599742
v 0.136837 -1.335746 3.088212
v 0.126493 -1.312411 3.080560
v 0.116149 -1.289076 3.072908
v -0.943656 -1.335746 1.862217
v -0.933901 -1.312411 1.874845
v -0.924145 -1.289077 1.887473
v -0.873127 -1.335746 1.839505
v -0.864670 -1.312411 1.852850
v -0.856212 -1.289077 1.866195
v -0.802597 -1.335746 1.816794
v -0.795439 -1.312411 1.830855
v -0.788280 -1.289077 1.844916
v -0.661538 -1.335746 1.771371
v -0.656977 -1.312411 1.786865
v -0.652416 -1.289077 1.802359
v -0.591008 -1.335746 1.748660
v -0.587746 -1.312411 1.764870
v -0.584483 -1.289077 1.781081
v -0.520479 -1.335746 1.725949
v -0.518514 -1.312411 1.742875
v -0.516551 -1.289077 1.759802
v -0.813732 -1.265742 2.344149
v -0.713076 -1.265742 2.788196
v -0.612420 -1.265742 3.232243
v -0.747546 -1.265742 2.325380
v -0.647336 -1.265742 2.771221
v -0.547126 -1.265742 3.217062
v -0.681359 -1.265742 2.306612
v -0.581596 -1.265742 2.754247
v -0.481833 -1.265742 3.201882
v -0.548985 -1.265742 2.269076
v -0.450116 -1.265742 2.720298
v -0.351246 -1.265742 3.171520
v -0.482798 -1.265742 2.250308
v -0.384376 -1.265742 2.703324
v -0.285953 -1.265742 3.156340
v -0.416611 -1.265742 2.231539
v -0.318635 -1.265742 2.686349
v -0.220660 -1.265742 3.141159
v -0.885639 -1.425690 1.968586
v -0.908230 -1.403487 1.928920
v -0.930821 -1.381284 1.889254
v -0.828315 -1.425690 1.948927
v -0.846071 -1.403487 1.908005
v -0.863827 -1.381284 1.867083
v -0.770992 -1.425690 1.929268
v -0.783913 -1.403487 1.887090
v -0.796834 -1.381283 1.844911
v -0.650279 -1.425690 1.894373
v -0.655552 -1.403487 1.848208
v -0.660825 -1.381284 1.802042
v -0.586890 -1.425690 1.879137
v -0.589350 -1.403487 1.830241
v -0.591810 -1.381284 1.781345
v -0.523500 -1.425690 1.863901
v -0.523147 -1.403487 1.812275
v -0.522795 -1.381283 1.760648
v -0.858995 -1.887036 2.034056
v -0.860346 -1.740655 2.025454
v -0.861697 -1.594274 2.016853
v -0.802453 -1.887036 2.041457
v -0.805155 -1.740655 2.024254
v -0.807857 -1.594274 2.007052
v -0.745912 -1.887036 2.048858
v -0.749964 -1.740655 2.023054
v -0.754018 -1.594274 1.997250
v -0.620582 -1.887036 2.042058
v -0.628723 -1.740655 2.008218
v -0.636864 -1.594274 1.974378
v -0.551794 -1.887036 2.027858
v -0.562672 -1.740655 1.994583
v -0.573551 -1.594274 1.961308
v -0.483006 -1.887036 2.013657
v -0.496622 -1.740655 1.980947
v -0.510237 -1.594274 1.948238
v -0.640965 -2.139136 2.081787
v -0.631457 -2.103896 2.079824
v -0.621949 -2.068656 2.077861
v -0.533103 -2.139136 2.059520
v -0.535707 -2.103896 2.060057
v -0.538311 -2.068656 2.060595
v -0.425240 -2.139136 2.037253
v -0.439957 -2.103896 2.040291
v -0.454674 -2.068656 2.043329
v -0.873860 -2.139136 2.046004
v -0.868454 -2.103896 2.044888
v -0.863049 -2.068656 2.043773
v -0.832182 -2.139136 2.065354
v -0.821372 -2.103896 2.063123
v -0.810562 -2.068656 2.060891
v -0.790505 -2.139136 2.084704
v -0.774289 -2.103896 2.081356
v -0.758074 -2.068656 2.078009
v -0.293276 -2.139136 1.974490
v -0.313398 -2.103896 1.978644
v -0.333520 -2.068656 1.982798
v -0.269174 -2.139136 1.933993
v -0.282589 -2.103896 1.936763
v -0.296004 -2.068656 1.939532
v -0.245073 -2.139136 1.893497
v -0.251780 -2.103896 1.894882
v -0.258487 -2.068656 1.896267
v -0.142150 -2.139136 2.234815
v -0.142150 -2.103896 2.234815
v -0.142150 -2.068656 2.234815
v -0.063329 -2.139136 2.616629
v -0.063329 -2.103896 2.616629
v -0.063329 -2.068656 2.616629
v 0.015491 -2.139136 2.998442
v 0.015492 -2.103896 2.998443
v 0.015492 -2.068656 2.998442
v -0.142150 -2.507799 2.234815
v -0.142150 -2.396658 2.234815
v -0.142150 -2.285517 2.234815
v -0.063329 -2.507799 2.616629
v -0.063329 -2.396658 2.616629
v -0.063329 -2.285517 2.616629
v 0.015491 -2.507799 2.998442
v 0.015492 -2.396658 2.998443
v 0.015492 -2.285517 2.998442
v -0.273154 -2.507799 1.970336
v -0.273154 -2.396658 1.970336
v -0.273154 -2.285517 1.970336
v -0.255759 -2.507799 1.931224
v -0.255760 -2.396658 1.931224
v -0.255760 -2.285517 1.931224
v -0.238366 -2.507799 1.892113
v -0.238365 -2.396658 1.892113
v -0.238366 -2.285517 1.892113
v -0.879115 -2.507799 1.963608
v -0.879165 -2.396658 1.991445
v -0.879215 -2.285517 2.019283
v -0.842842 -2.507799 1.984074
v -0.842892 -2.396658 2.011911
v -0.842942 -2.285517 2.039748
v -0.806570 -2.507799 2.004539
v -0.806620 -2.396658 2.032377
v -0.806670 -2.285517 2.060214
v -0.650360 -2.507799 2.021115
v -0.650398 -2.396658 2.041993
v -0.650435 -2.285517 2.062871
v -0.530423 -2.507799 2.017226
v -0.530448 -2.396658 2.031145
v -0.530473 -2.285517 2.045063
v -0.410486 -2.507799 2.013336
v -0.410498 -2.396658 2.020296
v -0.410511 -2.285517 2.027255
v -4.101859 -1.074940 -2.620112
v -4.105871 -1.153902 -2.644415
v -4.109884 -1.232865 -2.668718
v -4.123372 -1.078299 -2.619599
v -4.127320 -1.155601 -2.643390
v -4.131269 -1.232903 -2.667181
v -4.144885 -1.081658 -2.619086
v -4.148769 -1.157299 -2.642365
v -4.152653 -1.232940 -2.665642
v -2.941646 -0.420840 -5.741926
v -2.996269 -0.418922 -5.725477
v -3.050892 -0.417005 -5.709027
v -2.928323 -0.415036 -5.812644
v -2.978016 -0.413615 -5.792456
v -3.027709 -0.412195 -5.772268
v -2.915001 -0.409232 -5.883362
v -2.959763 -0.408309 -5.859437
v -2.570555 -0.452417 -5.754548
v -2.610343 -0.447793 -5.762723
v -2.650132 -0.443169 -5.770897
v -2.574931 -0.446944 -5.805680
v -2.611377 -0.442118 -5.819889
v -2.647823 -0.437293 -5.834097
v -2.579307 -0.441470 -5.856811
v -2.612411 -0.436443 -5.877055
v -2.645515 -0.431417 -5.897297
v -2.739196 -0.434598 -5.773898
v -2.788472 -0.430651 -5.768724
v -2.837747 -0.426705 -5.763550
v -2.732860 -0.428464 -5.844438
v -2.781450 -0.424462 -5.840569
v -2.830040 -0.420459 -5.836701
v -2.726524 -0.422331 -5.914978
v -2.774428 -0.418272 -5.912414
v -2.822333 -0.414213 -5.909851
v -2.786656 -0.505353 -5.000159
v -2.852450 -0.498320 -4.984054
v -2.918244 -0.491286 -4.967948
v -2.791073 -0.500675 -5.058267
v -2.855512 -0.493769 -5.043150
v -2.919951 -0.486863 -5.028033
v -2.795490 -0.495998 -5.116374
v -2.858574 -0.489219 -5.102246
v -2.921659 -0.482440 -5.088117
v -2.799982 -0.486195 -5.233477
v -2.860099 -0.480026 -5.221143
v -2.920216 -0.473856 -5.208810
v -2.800057 -0.481070 -5.292471
v -2.858561 -0.475383 -5.280946
v -2.917065 -0.469695 -5.269420
v -2.800132 -0.475944 -5.351466
v -2.857023 -0.470739 -5.340748
v -2.913914 -0.465535 -5.330029
v -2.786538 -0.463297 -5.483685
v -2.840487 -0.458783 -5.474632
v -2.894436 -0.454268 -5.465579
v -2.772870 -0.455775 -5.556910
v -2.825489 -0.451469 -5.548715
v -2.878109 -0.447162 -5.540519
v -2.759201 -0.448253 -5.630134
v -2.810491 -0.444155 -5.622797
v -2.861781 -0.440056 -5.615459
v -2.563893 -0.520437 -5.099087
v -2.616216 -0.517754 -5.071480
v -2.668539 -0.515070 -5.043872
v -2.559428 -0.517023 -5.141728
v -2.615163 -0.513876 -5.118947
v -2.670898 -0.510729 -5.096165
v -2.554963 -0.513610 -5.184370
v -2.614110 -0.509999 -5.166414
v -2.673258 -0.506388 -5.148458
v -2.558157 -0.504282 -5.281419
v -2.618726 -0.500309 -5.269549
v -2.679296 -0.496337 -5.257679
v -2.565815 -0.498367 -5.335827
v -2.624395 -0.494497 -5.325217
v -2.682974 -0.490627 -5.314608
v -2.573474 -0.492453 -5.390236
v -2.630063 -0.488685 -5.380886
v -2.686652 -0.484917 -5.371535
v -2.577394 -0.479377 -5.509338
v -2.629126 -0.475522 -5.503805
v -2.680858 -0.471667 -5.498271
v -2.573656 -0.472215 -5.574031
v -2.622521 -0.468170 -5.571056
v -2.671385 -0.464126 -5.568080
v -2.569917 -0.465053 -5.638724
v -2.615915 -0.460819 -5.638307
v -2.661913 -0.456586 -5.637889
v -3.038623 -0.478930 -4.953617
v -3.093209 -0.473606 -4.955391
v -3.147794 -0.468283 -4.957164
v -3.041815 -0.474818 -5.009725
v -3.099239 -0.469679 -5.006533
v -3.156663 -0.464540 -5.003342
v -3.045007 -0.470707 -5.065831
v -3.105269 -0.465752 -5.057676
v -3.165532 -0.460798 -5.049519
v -3.042302 -0.463077 -5.184243
v -3.104270 -0.458467 -5.172009
v -3.166239 -0.453856 -5.159775
v -3.036405 -0.459558 -5.246548
v -3.097240 -0.455108 -5.235202
v -3.158076 -0.450657 -5.223856
v -3.030508 -0.456040 -5.308853
v -3.090210 -0.451749 -5.298394
v -3.149913 -0.447459 -5.287936
v -3.007200 -0.446052 -5.446170
v -3.066016 -0.442350 -5.435814
v -3.124832 -0.438648 -5.425458
v -2.989789 -0.439583 -5.521183
v -3.048851 -0.436310 -5.510042
v -3.107913 -0.433037 -5.498901
v -2.972379 -0.433114 -5.596196
v -3.031687 -0.430269 -5.584269
v -3.090994 -0.427425 -5.572342
v -0.046706 -0.553546 -5.689014
v -0.046999 -0.583667 -5.692228
v -0.047292 -0.613787 -5.695442
v -0.064695 -0.553546 -5.687375
v -0.064988 -0.583666 -5.690589
v -0.065281 -0.613787 -5.693802
v -0.082685 -0.553546 -5.685734
v -0.082978 -0.583666 -5.688949
v -0.083271 -0.613787 -5.692163
v -0.041853 -0.573224 -5.505053
v -0.042147 -0.603344 -5.508267
v -0.042439 -0.633465 -5.511480
v 0.016968 -0.592902 -5.326011
v 0.016675 -0.623022 -5.329225
v 0.016382 -0.653142 -5.332438
v 0.075789 -0.612580 -5.146967
v 0.075497 -0.642700 -5.150182
v 0.075203 -0.672820 -5.153397
v 0.208395 -0.544550 -5.709261
v 0.204983 -0.565323 -5.712475
v 0.201571 -0.586097 -5.715689
v 0.129358 -0.547548 -5.703059
v 0.126986 -0.571437 -5.706273
v 0.124614 -0.595327 -5.709486
v 0.050321 -0.550547 -5.696856
v 0.048988 -0.577552 -5.700071
v 0.047656 -0.604557 -5.703284
v 0.254346 -0.579112 -4.872223
v 0.311998 -0.559768 -4.776568
v 0.369649 -0.540424 -4.680914
v 0.322048 -0.575764 -4.873051
v 0.385610 -0.556754 -4.775060
v 0.449171 -0.537744 -4.677068
v 0.389749 -0.572417 -4.873880
v 0.459220 -0.553741 -4.773551
v 0.528692 -0.535064 -4.673222
v 0.595105 -0.555287 -5.155675
v 0.467338 -0.544783 -5.339133
v 0.339572 -0.534280 -5.522590
v 0.489885 -0.560663 -5.155415
v 0.370500 -0.548328 -5.336891
v 0.251115 -0.535994 -5.518368
v 0.384666 -0.566039 -5.155152
v 0.273662 -0.551873 -5.334650
v 0.162658 -0.537708 -5.514145
v -2.550635 -0.913646 -2.153374
v -2.616132 -0.883159 -2.384899
v -2.681628 -0.852672 -2.616425
v -2.634706 -0.908637 -2.116646
v -2.681144 -0.879820 -2.358645
v -2.727583 -0.851002 -2.600644
v -2.718776 -0.903629 -2.079918
v -2.746157 -0.876481 -2.332390
v -2.773539 -0.849333 -2.584862
v -2.746632 -0.866194 -2.848047
v -2.746138 -0.910204 -2.848145
v -2.745645 -0.954214 -2.848242
v -2.773036 -0.865618 -2.842837
v -2.772049 -0.909051 -2.843031
v -2.771063 -0.952485 -2.843226
v -2.799441 -0.865042 -2.837626
v -2.797961 -0.907899 -2.837918
v -2.796481 -0.950756 -2.838210
v -3.068990 -0.869982 -1.261989
v -3.034075 -0.835899 -0.885334
v -2.999160 -0.801817 -0.508678
v -2.966039 -0.875550 -1.302409
v -2.931301 -0.840357 -0.918973
v -2.896563 -0.805164 -0.535537
v -2.863088 -0.881118 -1.342829
v -2.828527 -0.844815 -0.952612
v -2.793966 -0.808512 -0.562395
v -2.745152 -1.017362 -2.848340
v -2.745152 -1.036499 -2.848340
v -2.745152 -1.055636 -2.848340
v -2.770077 -1.015056 -2.843421
v -2.770077 -1.034193 -2.843420
v -2.770077 -1.053330 -2.843421
v -2.795002 -1.012751 -2.838502
v -2.795002 -1.031888 -2.838502
v -2.795002 -1.051025 -2.838502
v -2.466565 -1.061534 -2.190102
v -2.466565 -1.066318 -2.190101
v -2.466565 -1.071102 -2.190102
v -2.551119 -1.047578 -2.411154
v -2.551119 -1.057147 -2.411154
v -2.551119 -1.066715 -2.411154
v -2.635673 -1.033623 -2.632206
v -2.635673 -1.047975 -2.632206
v -2.635673 -1.062328 -2.632206
v -2.747140 -1.386884 -2.847947
v -2.749129 -1.698996 -2.847556
v -2.751117 -2.011107 -2.847162
v -2.770077 -1.384763 -2.843421
v -2.770076 -1.697058 -2.843421
v -2.770076 -2.009354 -2.843421
v -2.793013 -1.382641 -2.838894
v -2.791024 -1.695121 -2.839287
v -2.789036 -2.007600 -2.839679
v -2.230566 -1.445619 -0.702499
v -2.214864 -1.836203 -0.702087
v -2.199162 -2.226787 -0.701676
v -2.253215 -1.466108 -0.698029
v -2.235620 -1.849339 -0.697991
v -2.218025 -2.232570 -0.697953
v -2.275864 -1.486596 -0.693559
v -2.256376 -1.862475 -0.693895
v -2.236888 -2.238353 -0.694231
v -2.590883 -0.584218 -5.733396
v -2.590882 -0.603054 -5.733396
v -2.607157 -0.570233 -5.799757
v -2.545019 -0.558270 -5.314561
v -2.545019 -0.579129 -5.314562
v -2.545019 -0.599988 -5.314562
v -2.554882 -0.571581 -5.432053
v -2.554882 -0.591766 -5.432053
v -2.554882 -0.611950 -5.432053
v -2.564745 -0.584892 -5.549544
v -2.564744 -0.604402 -5.549544
v -2.564744 -0.623913 -5.549544
v -2.735944 -0.559292 -5.664150
v -2.750995 -0.547336 -5.751808
v -2.766046 -0.535381 -5.839465
v -2.881005 -0.553201 -5.594903
v -2.894832 -0.543276 -5.703858
v -2.908659 -0.533351 -5.812813
v -3.026066 -0.547112 -5.525657
v -3.038669 -0.539216 -5.655909
v -3.409638 -0.530238 -5.107426
v -3.401936 -0.527967 -5.044769
v -3.394234 -0.525697 -4.982111
v -3.323265 -0.533833 -5.139809
v -3.315052 -0.530364 -5.064607
v -3.306840 -0.526895 -4.989405
v -3.236890 -0.537427 -5.172190
v -3.228168 -0.532760 -5.084445
v -3.219446 -0.528093 -4.996698
v -3.480761 -0.403654 -5.098157
v -3.465509 -0.280665 -5.121271
v -3.450257 -0.157676 -5.144383
v -3.473351 -0.401165 -5.044500
v -3.457882 -0.276760 -5.064067
v -3.442414 -0.152354 -5.083635
v -3.465942 -0.398677 -4.990840
v -3.450256 -0.272855 -5.006863
v -3.434570 -0.147033 -5.022885
v -3.424346 0.059439 -5.204815
v -3.413688 0.153564 -5.242135
v -3.403030 0.247689 -5.279454
v -3.416583 0.066895 -5.141463
v -3.406220 0.161738 -5.179725
v -3.395858 0.256582 -5.217987
v -3.408818 0.074351 -5.078111
v -3.398752 0.169913 -5.117315
v -3.388686 0.265475 -5.156518
v -2.572692 -0.729122 -5.197071
v -2.568360 -0.803646 -5.197071
v -2.564027 -0.878171 -5.197071
v -2.558518 -0.717862 -5.197071
v -2.553967 -0.796140 -5.197071
v -2.549416 -0.874418 -5.197072
v -2.544344 -0.706602 -5.197071
v -2.539574 -0.788633 -5.197072
v -2.534805 -0.870665 -5.197071
v 1.191737 -1.710547 1.464036
v 1.191737 -1.091301 1.472206
v 1.191736 -0.472056 1.480377
v 1.291085 -1.712247 1.412357
v 1.291084 -1.094702 1.422184
v 1.291084 -0.477157 1.432012
v 1.390431 -1.713948 1.360678
v 1.390432 -1.098103 1.372163
v 1.390431 -0.482258 1.383647
v 1.577134 -1.713948 1.321106
v 1.577134 -1.098103 1.333859
v 1.577134 -0.482258 1.346612
v 1.664489 -1.712247 1.333213
v 1.664489 -1.094702 1.345578
v 1.664489 -0.477157 1.357943
v 1.751844 -1.710547 1.345319
v 1.751845 -1.091301 1.357296
v 1.751844 -0.472056 1.369273
v 1.020099 -1.702998 1.749161
v 1.020099 -1.076203 1.748190
v 1.020099 -0.449409 1.747220
v 1.044196 -1.704947 1.671345
v 1.044196 -1.080102 1.672869
v 1.044196 -0.455257 1.674394
v 1.068293 -1.706897 1.593530
v 1.068294 -1.084001 1.597549
v 1.068293 -0.461106 1.601568
v 1.892608 -1.706897 1.420770
v 1.892608 -1.084001 1.430328
v 1.892608 -0.461106 1.439886
v 1.946017 -1.704947 1.484114
v 1.946017 -1.080102 1.491641
v 1.946016 -0.455257 1.499168
v 1.999425 -1.702998 1.547458
v 1.999425 -1.076203 1.552954
v 1.999425 -0.449409 1.558451
v 0.959562 0.754552 1.813511
v 0.923125 0.767071 1.813511
v 0.886686 0.779590 1.813511
v 0.959563 1.311401 1.810442
v 0.923125 1.323920 1.810442
v 0.886687 1.336440 1.810442
v 0.959563 1.868251 1.807373
v 0.923125 1.880770 1.807373
v 0.886686 1.893289 1.807373
v 2.028431 2.658978 1.463678
v 2.028431 2.688645 1.463678
v 2.028431 2.718311 1.463678
v 2.086289 2.680416 1.517905
v 2.086289 2.709623 1.517905
v 2.086289 2.738831 1.517905
v 2.144146 2.701852 1.572132
v 2.144146 2.730602 1.572132
v 2.144146 2.759351 1.572132
v 0.973883 2.701852 1.744804
v 0.973882 2.730601 1.744804
v 0.973882 2.759350 1.744804
v 0.999987 2.680416 1.678188
v 0.999987 2.709623 1.678188
v 0.999987 2.738831 1.678188
v 1.026092 2.658979 1.611573
v 1.026092 2.688645 1.611573
v 1.026091 2.718311 1.611573
v 1.604659 2.597071 1.378359
v 1.604659 2.628061 1.378359
v 1.604659 2.659051 1.378359
v 1.726631 2.610561 1.388723
v 1.726631 2.641263 1.388723
v 1.726631 2.671964 1.388723
v 1.848602 2.624052 1.399087
v 1.848603 2.654465 1.399087
v 1.848602 2.684878 1.399087
v 1.159819 2.624052 1.500717
v 1.159819 2.654465 1.500717
v 1.159819 2.684878 1.500717
v 1.267442 2.610561 1.456476
v 1.267442 2.641263 1.456476
v 1.267442 2.671964 1.456476
v 1.375065 2.597071 1.412236
v 1.375065 2.628061 1.412235
v 1.375064 2.659051 1.412236
v 1.995057 2.916767 1.469607
v 2.006181 2.950463 1.467631
v 2.017306 2.984159 1.465655
v 2.049032 2.933016 1.520195
v 2.061450 2.966593 1.519432
v 2.073870 3.000169 1.518669
v 2.103007 2.949265 1.570784
v 2.116720 2.982723 1.571233
v 2.130433 3.016180 1.571683
v 1.011269 2.949265 1.731869
v 0.998806 2.982722 1.736181
v 0.986344 3.016180 1.740492
v 1.035622 2.933016 1.669723
v 1.023743 2.966593 1.672545
v 1.011865 3.000169 1.675367
v 1.059975 2.916767 1.607578
v 1.048680 2.950464 1.608909
v 1.037385 2.984159 1.610241
v 1.599720 2.869841 1.390013
v 1.601366 2.903881 1.386128
v 1.603013 2.937921 1.382244
v 1.713507 2.880066 1.399682
v 1.717882 2.914032 1.396029
v 1.722256 2.947997 1.392376
v 1.827294 2.890292 1.409350
v 1.834397 2.924183 1.405929
v 1.841500 2.958073 1.402508
v 1.184729 2.890293 1.504160
v 1.176425 2.924182 1.503012
v 1.168122 2.958073 1.501864
v 1.285130 2.880066 1.462888
v 1.279234 2.914032 1.460751
v 1.273338 2.947997 1.458613
v 1.385531 2.869841 1.421616
v 1.382042 2.903881 1.418489
v 1.378554 2.937921 1.415363
v 1.168122 2.750569 1.501864
v 1.176425 2.785847 1.503012
v 1.184729 2.821125 1.504160
v 1.273338 2.738524 1.458613
v 1.279234 2.774384 1.460751
v 1.285130 2.810243 1.462888
v 1.378553 2.726480 1.415363
v 1.382043 2.762921 1.418489
v 1.385531 2.799361 1.421616
v 1.603013 2.726481 1.382244
v 1.601366 2.762921 1.386128
v 1.599720 2.799361 1.390013
v 1.722256 2.738525 1.392376
v 1.717882 2.774384 1.396029
v 1.713507 2.810243 1.399682
v 1.841499 2.750569 1.402508
v 1.834397 2.785847 1.405929
v 1.827294 2.821125 1.409350
v 0.986344 2.820027 1.740492
v 0.998806 2.851954 1.736181
v 1.011268 2.883881 1.731869
v 1.011865 2.800889 1.675367
v 1.023743 2.833739 1.672545
v 1.035621 2.866589 1.669723
v 1.037386 2.781751 1.610241
v 1.048680 2.815525 1.608909
v 1.059974 2.849298 1.607578
v 2.017306 2.781751 1.465655
v 2.006181 2.815525 1.467631
v 1.995057 2.849298 1.469607
v 2.073870 2.800889 1.518669
v 2.061451 2.833739 1.519432
v 2.049032 2.866590 1.520195
v 2.130433 2.820027 1.571683
v 2.116720 2.851954 1.571233
v 2.103007 2.883881 1.570784
v 0.973883 4.049183 1.744804
v 0.973882 4.087169 1.744804
v 0.973882 4.125155 1.744804
v 0.999987 4.019987 1.678188
v 0.999987 4.063884 1.678188
v 0.999987 4.107781 1.678188
v 1.026092 3.990790 1.611573
v 1.026092 4.040599 1.611573
v 1.026091 4.090407 1.611573
v 1.159819 3.948598 1.500717
v 1.159819 4.006948 1.500717
v 1.159819 4.065300 1.500717
v 1.267442 3.935603 1.456476
v 1.267442 3.996584 1.456476
v 1.267442 4.057567 1.456476
v 1.375065 3.922608 1.412236
v 1.375065 3.986221 1.412235
v 1.375064 4.049833 1.412236
v 1.604659 3.922607 1.378359
v 1.604659 3.986221 1.378359
v 1.604659 4.049833 1.378359
v 1.726631 3.935603 1.388723
v 1.726631 3.996585 1.388723
v 1.726631 4.057567 1.388723
v 1.848602 3.948598 1.399087
v 1.848603 4.006949 1.399087
v 1.848602 4.065300 1.399087
v 2.028431 3.990791 1.463678
v 2.028431 4.040598 1.463678
v 2.028431 4.090406 1.463678
v 2.086289 4.019987 1.517905
v 2.086289 4.063884 1.517905
v 2.086289 4.107781 1.517905
v 2.144146 4.049183 1.572132
v 2.144146 4.087170 1.572132
v 2.144146 4.125155 1.572132
v 2.021967 3.133583 1.464827
v 2.015503 3.249311 1.465975
v 2.009038 3.365039 1.467123
v 2.079073 3.150173 1.518349
v 2.071856 3.266600 1.518793
v 2.064641 3.383027 1.519236
v 2.136178 3.166762 1.571871
v 2.128211 3.283888 1.571610
v 2.120242 3.401013 1.571349
v 0.981123 3.166762 1.742298
v 0.988365 3.283888 1.739793
v 0.995606 3.401013 1.737288
v 1.006889 3.150173 1.676549
v 1.013791 3.266600 1.674909
v 1.020693 3.383027 1.673270
v 1.032654 3.133583 1.610799
v 1.039217 3.249311 1.610025
v 1.045780 3.365039 1.609251
v 1.603702 3.087449 1.380616
v 1.602746 3.202937 1.382874
v 1.601789 3.318425 1.385131
v 1.724090 3.097297 1.390846
v 1.721547 3.212633 1.392968
v 1.719005 3.327968 1.395091
v 1.844475 3.107145 1.401075
v 1.840349 3.222328 1.403063
v 1.836221 3.337510 1.405051
v 1.164644 3.107145 1.501384
v 1.169468 3.222328 1.502051
v 1.174293 3.337510 1.502717
v 1.270868 3.097297 1.457718
v 1.274294 3.212633 1.458960
v 1.277720 3.327968 1.460202
v 1.377091 3.087449 1.414052
v 1.379119 3.202938 1.415869
v 1.381146 3.318426 1.417686
v 5.986548 4.892915 2.250722
v 5.986548 2.392916 2.250722
v 5.986549 -0.107085 2.250722
v -2.575942 -0.928291 -5.197071
v -2.561117 -0.928214 -5.197071
v -2.735465 -2.272208 -2.850252
v -2.752794 -2.274255 -2.846831
v -2.770076 -2.276297 -2.843421
v -2.787313 -2.278333 -2.840020
v -2.804502 -2.280364 -2.836627
v -2.531468 -0.928060 -5.197071
v -2.546293 -0.928137 -5.197071
v -2.516644 -0.927982 -5.197071
v -0.065439 -0.629958 -5.695528
v -0.101437 -0.631903 -5.692458
v -0.083437 -0.630931 -5.693992
v -0.092471 -0.646946 -5.666091
v -0.047440 -0.628986 -5.697064
v -0.029440 -0.628013 -5.698601
v 0.046714 -0.623636 -5.705555
v 0.122248 -0.619158 -5.712694
v 0.122802 -0.619124 -5.712747
v -2.930542 -0.524580 -5.905713
v -2.920354 -0.524956 -5.904970
v -2.776410 -0.527149 -5.899826
v -2.629035 -0.532597 -5.888961
v -2.623433 -0.545644 -5.866119
v -2.616215 -0.562449 -5.836690
v -2.607158 -0.583539 -5.799757
v -2.590883 -0.621424 -5.733396
v -2.603387 -0.592309 -5.784384
v -2.583536 -0.638537 -5.703441
v -2.590570 -0.622159 -5.732122
v -2.577747 -0.652013 -5.679839
v -3.017470 -0.531802 -5.792477
v -2.904467 -0.404642 -5.939277
v -2.956466 -0.407350 -5.871536
v -2.969923 -0.408099 -5.854005
v -3.023178 -0.411256 -5.784628
v -3.034913 -0.411990 -5.769341
v -3.180421 -0.536231 -5.580182
v -3.151053 -0.536044 -5.618444
v -3.048031 -0.533352 -5.752664
v -3.124204 -0.417953 -5.653023
v -3.090330 -0.415620 -5.697150
v -3.338572 -0.533940 -5.374116
v -3.260295 -0.535573 -5.476110
v -3.458632 -0.163940 -5.216422
v -3.443263 -0.041888 -5.236028
v -3.440869 -0.022702 -5.239082
v -3.489381 -0.406793 -5.177188
v -3.504763 -0.527504 -5.157559
v -3.422494 -0.531174 -5.264761
v -3.340996 -0.533875 -5.370957
v -3.474004 -0.285588 -5.196808
v -3.430215 0.053803 -5.252702
v -3.416977 0.149964 -5.269622
v -3.403841 0.246683 -5.286406
v -3.399437 0.279411 -5.292032
v -3.390812 0.343993 -5.303051
v -3.383035 0.388262 -5.313032
v -3.386914 0.366076 -5.308053
v -3.379176 0.410559 -5.317983
v -3.377642 0.419490 -5.319952
v -3.375339 0.432978 -5.322906
v -2.883314 -0.403623 -5.966835
v 5.986548 6.422504 2.250722
v 4.867727 6.434115 2.250722
v 6.063692 6.421703 2.250722
v 0.263057 -0.596316 -5.724205
v 0.265540 -0.578424 -5.720844
v 0.268020 -0.560381 -5.717488
v 0.270499 -0.542193 -5.714134
v 0.272974 -0.523865 -5.710785
v 0.407077 -0.532972 -5.525811
v 0.541177 -0.542080 -5.340843
v 0.675276 -0.551191 -5.155874
v 0.809372 -0.560302 -4.970910
v 0.866368 -0.551301 -4.892339
v 0.924044 -0.541939 -4.812831
v 0.982365 -0.532234 -4.732435
v 1.041297 -0.522204 -4.651196
v 6.046671 -0.241430 2.250722
v 6.040629 -2.607085 2.250722
v 6.047016 -0.107085 2.250722
v 6.053401 2.392916 2.250722
v 6.059786 4.892915 2.250722
vn 0.0197 0.9952 -0.0957
vn 0.0191 0.9952 -0.0957
vn 0.0196 0.9952 -0.0959
vn 0.0190 0.9952 -0.0958
vn 0.0204 0.9952 -0.0956
vn 0.0197 0.9952 -0.0956
vn 0.0191 0.9952 -0.0955
vn 0.0185 0.9953 -0.0955
vn 0.0185 0.9952 -0.0956
vn 0.0184 0.9952 -0.0958
vn 0.0184 0.9952 -0.0959
vn 0.0190 0.9952 -0.0960
vn 0.0196 0.9952 -0.0960
vn 0.0202 0.9952 -0.0961
vn 0.0202 0.9952 -0.0959
vn 0.0203 0.9952 -0.0958
vn 0.0588 0.9975 0.0400
vn 0.0408 0.9983 0.0416
vn 0.0550 0.9980 0.0299
vn 0.0374 0.9988 0.0307
vn 0.0790 0.9957 0.0488
vn 0.0628 0.9967 0.0509
vn 0.0444 0.9976 0.0532
vn 0.0231 0.9982 0.0559
vn 0.0202 0.9989 0.0433
vn 0.0174 0.9993 0.0316
vn 0.0149 0.9997 0.0209
vn 0.0343 0.9992 0.0207
vn 0.0515 0.9985 0.0205
vn 0.0668 0.9976 0.0203
vn 0.0706 0.9971 0.0292
vn 0.0747 0.9965 0.0387
vn 0.9075 0.4166 -0.0536
vn 0.9069 0.4167 -0.0617
vn 0.9144 0.4016 -0.0514
vn 0.9140 0.4014 -0.0592
vn 0.9005 0.4323 -0.0477
vn 0.8998 0.4327 -0.0559
vn 0.8990 0.4331 -0.0644
vn 0.8982 0.4335 -0.0733
vn 0.9063 0.4168 -0.0702
vn 0.9135 0.4012 -0.0673
vn 0.9199 0.3867 -0.0646
vn 0.9203 0.3872 -0.0569
vn 0.9205 0.3876 -0.0494
vn 0.9207 0.3879 -0.0421
vn 0.9147 0.4018 -0.0439
vn 0.9080 0.4165 -0.0457
vn 0.9199 0.3749 -0.1148
vn 0.9199 0.3749 -0.1149
vn 0.9201 0.3746 -0.1147
vn 0.9201 0.3746 -0.1149
vn 0.9198 0.3753 -0.1146
vn 0.9198 0.3753 -0.1148
vn 0.9197 0.3753 -0.1149
vn 0.9197 0.3753 -0.1151
vn 0.9199 0.3749 -0.1151
vn 0.9200 0.3746 -0.1150
vn 0.9202 0.3742 -0.1150
vn 0.9202 0.3742 -0.1149
vn 0.9202 0.3742 -0.1147
vn 0.9202 0.3742 -0.1146
vn 0.9201 0.3746 -0.1146
vn 0.9199 0.3749 -0.1146
vn -0.0126 0.9965 -0.0821
vn -0.0234 0.9964 -0.0811
vn -0.0208 0.9951 -0.0962
vn -0.0312 0.9950 -0.0953
vn 0.0075 0.9977 -0.0677
vn -0.0037 0.9978 -0.0667
vn -0.0150 0.9977 -0.0656
vn -0.0263 0.9976 -0.0646
vn -0.0343 0.9962 -0.0801
vn -0.0417 0.9947 -0.0944
vn -0.0484 0.9930 -0.1076
vn -0.0384 0.9934 -0.1084
vn -0.0283 0.9936 -0.1093
vn -0.0183 0.9937 -0.1102
vn -0.0104 0.9952 -0.0972
vn -0.0018 0.9965 -0.0830
vn 0.0552 0.9981 0.0264
vn 0.0641 0.9975 0.0297
vn 0.0539 0.9980 0.0319
vn 0.0584 0.9982 0.0091
vn 0.0587 0.9982 0.0155
vn 0.0602 0.9979 0.0221
vn 0.9795 -0.1852 -0.0796
vn 0.9798 -0.1840 -0.0782
vn 0.9802 -0.1825 -0.0769
vn 0.9809 -0.1787 -0.0776
vn 0.9805 -0.1801 -0.0790
vn 0.9801 -0.1815 -0.0803
vn 0.9798 -0.1828 -0.0815
vn 0.9791 -0.1865 -0.0809
vn -0.0436 0.9921 0.1179
vn -0.0326 0.9931 0.1127
vn -0.0434 0.9918 0.1200
vn -0.0324 0.9928 0.1154
vn -0.0504 0.9916 0.1194
vn -0.0437 0.9923 0.1158
vn -0.0328 0.9934 0.1099
vn -0.0118 0.9951 0.0986
vn -0.0115 0.9947 0.1026
vn -0.0112 0.9942 0.1066
vn -0.0108 0.9938 0.1107
vn -0.0322 0.9925 0.1182
vn -0.0433 0.9916 0.1221
vn -0.0501 0.9910 0.1245
vn -0.0502 0.9912 0.1228
vn -0.0503 0.9914 0.1211
vn -0.0420 0.9912 -0.1252
vn -0.0298 0.9905 -0.1345
vn -0.0409 0.9931 -0.1097
vn -0.0278 0.9924 -0.1200
vn -0.0548 0.9900 -0.1299
vn -0.0429 0.9894 -0.1387
vn -0.0314 0.9886 -0.1471
vn -0.0204 0.9877 -0.1552
vn -0.0180 0.9895 -0.1434
vn -0.0152 0.9914 -0.1298
vn -0.0133 0.9929 -0.1179
vn -0.0264 0.9940 -0.1066
vn -0.0403 0.9947 -0.0947
vn -0.0548 0.9951 -0.0820
vn -0.0546 0.9936 -0.0989
vn -0.0547 0.9918 -0.1156
vn 0.9340 -0.0000 -0.3573
vn -0.1889 0.0266 -0.9816
vn -0.1859 0.0262 -0.9822
vn -0.1892 0.0407 -0.9811
vn -0.1865 0.0401 -0.9816
vn -0.1919 0.0099 -0.9814
vn -0.1885 0.0098 -0.9820
vn -0.1852 0.0096 -0.9826
vn -0.1821 0.0094 -0.9832
vn -0.1831 0.0258 -0.9828
vn -0.1838 0.0395 -0.9822
vn -0.1844 0.0512 -0.9815
vn -0.1869 0.0518 -0.9810
vn -0.1894 0.0526 -0.9805
vn -0.1920 0.0533 -0.9799
vn -0.1920 0.0413 -0.9805
vn -0.1920 0.0271 -0.9810
vn 0.9969 -0.0000 -0.0792
vn -0.0000 -0.0000 -1.0000
vn -0.0000 0.1100 -0.9939
vn -0.0000 0.1099 -0.9939
vn 0.9793 -0.0000 -0.2022
vn -0.5371 -0.1514 -0.8298
vn -0.4064 -0.1520 -0.9010
vn -0.5411 -0.0915 -0.8359
vn -0.4095 -0.0919 -0.9077
vn -0.6459 -0.2045 -0.7355
vn -0.5313 -0.2097 -0.8208
vn -0.4020 -0.2105 -0.8911
vn -0.2658 -0.2069 -0.9416
vn -0.2686 -0.1494 -0.9516
vn -0.2706 -0.0903 -0.9585
vn -0.2716 -0.0302 -0.9619
vn -0.4110 -0.0307 -0.9111
vn -0.5431 -0.0306 -0.8391
vn -0.6596 -0.0298 -0.7511
vn -0.6572 -0.0892 -0.7484
vn -0.6526 -0.1476 -0.7432
vn 0.4012 0.8689 -0.2900
vn 0.4017 0.8640 -0.3034
vn 0.4173 0.8572 -0.3017
vn 0.4193 0.8508 -0.3167
vn 0.3867 0.8822 -0.2689
vn 0.3861 0.8792 -0.2791
vn 0.3853 0.8757 -0.2910
vn 0.3843 0.8713 -0.3053
vn 0.4022 0.8580 -0.3195
vn 0.4216 0.8427 -0.3349
vn 0.4424 0.8251 -0.3515
vn 0.4382 0.8357 -0.3310
vn 0.4346 0.8441 -0.3141
vn 0.4314 0.8508 -0.3000
vn 0.4156 0.8624 -0.2890
vn 0.4007 0.8728 -0.2786
vn -0.2815 0.9559 -0.0842
vn -0.2814 0.9559 -0.0842
vn -0.2814 0.9559 -0.0841
vn -0.2813 0.9559 -0.0842
vn -0.2817 0.9558 -0.0841
vn -0.2816 0.9558 -0.0842
vn -0.2816 0.9558 -0.0843
vn -0.2815 0.9558 -0.0844
vn -0.2813 0.9559 -0.0843
vn -0.2812 0.9559 -0.0843
vn -0.2810 0.9560 -0.0842
vn -0.2812 0.9560 -0.0841
vn -0.2813 0.9559 -0.0841
vn -0.2813 0.9559 -0.0840
vn -0.2815 0.9559 -0.0841
vn -0.2816 0.9559 -0.0841
vn 0.5622 -0.0000 -0.8270
vn -0.3058 -0.0000 -0.9521
vn -0.9582 -0.0000 -0.2861
vn 0.7921 0.0685 -0.6065
vn 0.8049 0.0689 -0.5894
vn 0.7889 0.1136 -0.6040
vn 0.8015 0.1144 -0.5869
vn 0.7808 0.0227 -0.6244
vn 0.7938 0.0229 -0.6077
vn 0.8066 0.0230 -0.5906
vn 0.8193 0.0232 -0.5730
vn 0.8175 0.0693 -0.5718
vn 0.8140 0.1151 -0.5693
vn 0.8089 0.1601 -0.5657
vn 0.7966 0.1591 -0.5832
vn 0.7840 0.1581 -0.6003
vn 0.7713 0.1570 -0.6168
vn 0.7760 0.1128 -0.6206
vn 0.7792 0.0680 -0.6231
vn 0.7136 0.0096 -0.7005
vn 0.7016 0.0098 -0.7125
vn 0.7139 0.0073 -0.7003
vn 0.7019 0.0074 -0.7123
vn 0.7249 0.0117 -0.6888
vn 0.7134 0.0119 -0.7007
vn 0.7013 0.0121 -0.7128
vn 0.6886 0.0123 -0.7251
vn 0.6889 0.0099 -0.7248
vn 0.6893 0.0075 -0.7245
vn 0.6896 0.0052 -0.7242
vn 0.7021 0.0051 -0.7120
vn 0.7141 0.0050 -0.7000
vn 0.7254 0.0049 -0.6883
vn 0.7252 0.0072 -0.6885
vn 0.7251 0.0094 -0.6886
vn -0.9410 0.0001 -0.3384
vn -0.9373 0.0002 -0.3485
vn -0.9409 0.0015 -0.3386
vn -0.9372 0.0015 -0.3488
vn -0.9445 -0.0012 -0.3286
vn -0.9411 -0.0012 -0.3382
vn -0.9374 -0.0012 -0.3483
vn -0.9333 -0.0013 -0.3590
vn -0.9332 0.0002 -0.3593
vn -0.9331 0.0016 -0.3596
vn -0.9330 0.0030 -0.3598
vn -0.9371 0.0030 -0.3490
vn -0.9409 0.0029 -0.3388
vn -0.9443 0.0028 -0.3291
vn -0.9444 0.0015 -0.3289
vn -0.9444 0.0001 -0.3288
vn 0.1764 0.9276 -0.3291
vn 0.1396 0.9296 -0.3412
vn 0.2170 0.8883 -0.4048
vn 0.1786 0.8818 -0.4364
vn 0.1745 0.9458 -0.2739
vn 0.1479 0.9497 -0.2759
vn 0.1138 0.9538 -0.2781
vn 0.0687 0.9574 -0.2806
vn 0.0875 0.9299 -0.3572
vn 0.1183 0.8675 -0.4832
vn 0.1717 0.6919 -0.7013
vn 0.2403 0.7730 -0.5872
vn 0.2766 0.8106 -0.5161
vn 0.2986 0.8313 -0.4688
vn 0.2434 0.8915 -0.3821
vn 0.2037 0.9253 -0.3199
vn -0.0809 0.9743 -0.2102
vn -0.0905 0.9742 -0.2068
vn -0.0857 0.9711 -0.2226
vn -0.0963 0.9707 -0.2201
vn -0.0690 0.9769 -0.2024
vn -0.0766 0.9770 -0.1990
vn -0.0853 0.9771 -0.1950
vn -0.0953 0.9770 -0.1905
vn -0.1015 0.9739 -0.2029
vn -0.1086 0.9701 -0.2170
vn -0.1167 0.9654 -0.2332
vn -0.1028 0.9665 -0.2351
vn -0.0911 0.9673 -0.2366
vn -0.0811 0.9679 -0.2379
vn -0.0766 0.9714 -0.2248
vn -0.0726 0.9743 -0.2130
vn -0.9335 -0.1560 -0.3230
vn -0.9345 -0.1562 -0.3198
vn -0.9332 -0.1594 -0.3220
vn -0.9343 -0.1595 -0.3188
vn -0.9326 -0.1526 -0.3271
vn -0.9337 -0.1528 -0.3239
vn -0.9347 -0.1531 -0.3208
vn -0.9357 -0.1533 -0.3179
vn -0.9355 -0.1564 -0.3168
vn -0.9353 -0.1596 -0.3157
vn -0.9351 -0.1630 -0.3146
vn -0.9341 -0.1629 -0.3177
vn -0.9330 -0.1629 -0.3209
vn -0.9318 -0.1629 -0.3243
vn -0.9321 -0.1593 -0.3253
vn -0.9324 -0.1559 -0.3262
vn -0.3900 -0.1099 -0.9142
vn -0.3899 -0.1099 -0.9143
vn -0.3900 -0.1099 -0.9143
vn -0.3900 -0.1100 -0.9142
vn -0.3899 -0.1100 -0.9142
vn -0.3899 -0.1100 -0.9143
vn -0.3899 -0.1098 -0.9143
vn -0.3900 -0.1098 -0.9143
vn -0.3900 -0.1098 -0.9142
vn 0.1164 0.0202 -0.9930
vn 0.1122 0.0202 -0.9935
vn 0.1165 0.0195 -0.9930
vn 0.1123 0.0196 -0.9935
vn 0.1206 0.0209 -0.9925
vn 0.1164 0.0209 -0.9930
vn 0.1121 0.0209 -0.9935
vn 0.1079 0.0209 -0.9939
vn 0.1080 0.0202 -0.9939
vn 0.1081 0.0196 -0.9939
vn 0.1082 0.0189 -0.9939
vn 0.1124 0.0189 -0.9935
vn 0.1166 0.0189 -0.9930
vn 0.1207 0.0189 -0.9925
vn 0.1207 0.0195 -0.9925
vn 0.1206 0.0202 -0.9925
vn -0.4078 0.0133 -0.9130
vn -0.3963 0.0134 -0.9180
vn -0.4076 0.0158 -0.9130
vn -0.3961 0.0159 -0.9181
vn -0.4193 0.0107 -0.9078
vn -0.4080 0.0108 -0.9129
vn -0.3965 0.0109 -0.9180
vn -0.3849 0.0109 -0.9229
vn -0.3846 0.0134 -0.9230
vn -0.3843 0.0159 -0.9231
vn -0.3840 0.0185 -0.9231
vn -0.3958 0.0184 -0.9181
vn -0.4074 0.0183 -0.9131
vn -0.4188 0.0182 -0.9079
vn -0.4189 0.0157 -0.9079
vn -0.4191 0.0132 -0.9078
vn -0.3823 -0.0226 -0.9238
vn -0.3825 -0.0226 -0.9237
vn -0.3823 -0.0229 -0.9238
vn -0.3826 -0.0229 -0.9236
vn -0.3820 -0.0223 -0.9239
vn -0.3823 -0.0223 -0.9238
vn -0.3825 -0.0224 -0.9237
vn -0.3828 -0.0224 -0.9236
vn -0.3828 -0.0227 -0.9236
vn -0.3828 -0.0229 -0.9235
vn -0.3829 -0.0232 -0.9235
vn -0.3826 -0.0232 -0.9236
vn -0.3823 -0.0232 -0.9237
vn -0.3821 -0.0232 -0.9238
vn -0.3820 -0.0229 -0.9239
vn -0.3820 -0.0226 -0.9239
vn 0.0868 -0.0218 -0.9960
vn 0.0870 -0.0218 -0.9960
vn 0.0868 -0.0215 -0.9960
vn 0.0870 -0.0215 -0.9960
vn 0.0866 -0.0221 -0.9960
vn 0.0868 -0.0221 -0.9960
vn 0.0871 -0.0221 -0.9960
vn 0.0873 -0.0221 -0.9959
vn 0.0873 -0.0218 -0.9959
vn 0.0873 -0.0215 -0.9960
vn 0.0872 -0.0213 -0.9960
vn 0.0870 -0.0212 -0.9960
vn 0.0867 -0.0212 -0.9960
vn 0.0865 -0.0212 -0.9960
vn 0.0865 -0.0215 -0.9960
vn 0.0865 -0.0218 -0.9960
vn 0.6908 -0.4005 -0.6020
vn 0.6954 -0.4025 -0.5953
vn 0.6919 -0.3928 -0.6058
vn 0.6965 -0.3949 -0.5992
vn 0.6846 -0.4066 -0.6050
vn 0.6896 -0.4086 -0.5980
vn 0.6943 -0.4105 -0.5911
vn 0.6989 -0.4123 -0.5845
vn 0.6999 -0.4044 -0.5887
vn 0.7009 -0.3969 -0.5927
vn 0.7018 -0.3895 -0.5965
vn 0.6974 -0.3875 -0.6029
vn 0.6929 -0.3853 -0.6094
vn 0.6882 -0.3830 -0.6161
vn 0.6871 -0.3906 -0.6126
vn 0.6859 -0.3985 -0.6089
vn 0.1129 -0.1214 -0.9862
vn 0.1060 -0.1202 -0.9871
vn 0.1143 -0.1336 -0.9844
vn 0.1072 -0.1314 -0.9855
vn 0.1195 -0.1097 -0.9868
vn 0.1115 -0.1094 -0.9877
vn 0.1047 -0.1093 -0.9885
vn 0.0990 -0.1091 -0.9891
vn 0.1000 -0.1192 -0.9878
vn 0.1011 -0.1296 -0.9864
vn 0.1022 -0.1402 -0.9848
vn 0.1084 -0.1429 -0.9838
vn 0.1158 -0.1461 -0.9825
vn 0.1246 -0.1499 -0.9808
vn 0.1229 -0.1361 -0.9830
vn 0.1212 -0.1227 -0.9850
vn -0.9362 -0.0487 -0.3481
vn -0.9371 -0.0488 -0.3456
vn -0.9363 -0.0502 -0.3475
vn -0.9373 -0.0503 -0.3450
vn -0.9352 -0.0471 -0.3511
vn -0.9361 -0.0472 -0.3486
vn -0.9370 -0.0473 -0.3462
vn -0.9378 -0.0474 -0.3438
vn -0.9380 -0.0489 -0.3432
vn -0.9382 -0.0504 -0.3425
vn -0.9384 -0.0521 -0.3417
vn -0.9374 -0.0520 -0.3443
vn -0.9364 -0.0519 -0.3469
vn -0.9354 -0.0519 -0.3497
vn -0.9353 -0.0502 -0.3502
vn -0.9352 -0.0486 -0.3507
vn 0.6938 -0.0454 -0.7187
vn 0.6954 -0.0455 -0.7172
vn 0.6935 -0.0440 -0.7191
vn 0.6951 -0.0441 -0.7176
vn 0.6924 -0.0469 -0.7200
vn 0.6941 -0.0469 -0.7183
vn 0.6958 -0.0470 -0.7167
vn 0.6974 -0.0471 -0.7152
vn 0.6970 -0.0456 -0.7157
vn 0.6966 -0.0442 -0.7161
vn 0.6962 -0.0429 -0.7165
vn 0.6947 -0.0427 -0.7180
vn 0.6932 -0.0426 -0.7195
vn 0.6917 -0.0425 -0.7210
vn 0.6919 -0.0439 -0.7206
vn 0.6921 -0.0453 -0.7203
vn 0.9913 -0.0794 -0.1054
vn 0.9917 -0.0797 -0.1006
vn 0.9920 -0.0682 -0.1059
vn 0.9925 -0.0688 -0.1012
vn 0.9897 -0.0912 -0.1101
vn 0.9903 -0.0911 -0.1049
vn 0.9908 -0.0910 -0.1000
vn 0.9913 -0.0910 -0.0953
vn 0.9922 -0.0799 -0.0960
vn 0.9929 -0.0694 -0.0967
vn 0.9935 -0.0593 -0.0973
vn 0.9931 -0.0584 -0.1017
vn 0.9927 -0.0576 -0.1063
vn 0.9922 -0.0566 -0.1112
vn 0.9915 -0.0676 -0.1109
vn 0.9907 -0.0791 -0.1105
vn 0.9816 0.1603 -0.1042
vn 0.9818 0.1602 -0.1024
vn 0.9808 0.1648 -0.1045
vn 0.9810 0.1647 -0.1027
vn 0.9822 0.1554 -0.1059
vn 0.9824 0.1554 -0.1039
vn 0.9825 0.1555 -0.1021
vn 0.9827 0.1556 -0.1003
vn 0.9819 0.1601 -0.1007
vn 0.9812 0.1645 -0.1010
vn 0.9804 0.1687 -0.1013
vn 0.9802 0.1690 -0.1030
vn 0.9800 0.1692 -0.1047
vn 0.9797 0.1695 -0.1065
vn 0.9805 0.1650 -0.1063
vn 0.9813 0.1603 -0.1061
vn 0.9984 -0.0557 -0.0044
vn 0.9984 -0.0554 -0.0105
vn 0.9975 -0.0710 -0.0043
vn 0.9974 -0.0710 -0.0101
vn 0.9992 -0.0395 0.0017
vn 0.9992 -0.0390 -0.0045
vn 0.9992 -0.0384 -0.0108
vn 0.9991 -0.0378 -0.0174
vn 0.9983 -0.0551 -0.0168
vn 0.9973 -0.0710 -0.0162
vn 0.9962 -0.0857 -0.0156
vn 0.9963 -0.0855 -0.0098
vn 0.9964 -0.0852 -0.0042
vn 0.9964 -0.0850 0.0013
vn 0.9975 -0.0710 0.0014
vn 0.9984 -0.0559 0.0015
vn 0.9910 0.1321 -0.0213
vn 0.9911 0.1320 -0.0165
vn 0.9894 0.1433 -0.0221
vn 0.9895 0.1433 -0.0175
vn 0.9924 0.1203 -0.0254
vn 0.9926 0.1199 -0.0205
vn 0.9927 0.1195 -0.0155
vn 0.9928 0.1191 -0.0102
vn 0.9912 0.1318 -0.0116
vn 0.9896 0.1433 -0.0128
vn 0.9880 0.1539 -0.0139
vn 0.9879 0.1537 -0.0184
vn 0.9879 0.1535 -0.0228
vn 0.9878 0.1533 -0.0270
vn 0.9893 0.1433 -0.0265
vn 0.9909 0.1323 -0.0260
vn -0.1936 -0.0000 -0.9811
vn 0.0632 0.9948 0.0796
vn 0.0428 0.9958 0.0813
vn 0.0602 0.9957 0.0706
vn 0.0404 0.9965 0.0728
vn 0.0906 0.9920 0.0878
vn 0.0664 0.9938 0.0891
vn 0.0453 0.9949 0.0902
vn 0.0266 0.9955 0.0912
vn 0.0247 0.9963 0.0827
vn 0.0229 0.9969 0.0746
vn 0.0212 0.9975 0.0670
vn 0.0382 0.9972 0.0647
vn 0.0573 0.9964 0.0621
vn 0.0788 0.9951 0.0591
vn 0.0825 0.9943 0.0682
vn 0.0865 0.9932 0.0777
vn -0.0021 0.9989 -0.0467
vn -0.0315 0.9986 -0.0435
vn -0.0083 0.9979 -0.0638
vn -0.0366 0.9975 -0.0609
vn 0.0347 0.9989 -0.0314
vn 0.0046 0.9996 -0.0281
vn -0.0260 0.9994 -0.0246
vn -0.0571 0.9981 -0.0211
vn -0.0614 0.9973 -0.0402
vn -0.0654 0.9962 -0.0579
vn -0.0691 0.9948 -0.0742
vn -0.0414 0.9962 -0.0770
vn -0.0140 0.9967 -0.0797
vn 0.0130 0.9965 -0.0823
vn 0.0197 0.9976 -0.0666
vn 0.0269 0.9984 -0.0497
vn -0.0932 -0.9268 -0.3638
vn -0.1043 -0.9253 -0.3646
vn -0.0905 -0.9312 -0.3530
vn -0.1013 -0.9297 -0.3542
vn -0.0839 -0.9233 -0.3748
vn -0.0961 -0.9219 -0.3752
vn -0.1074 -0.9205 -0.3756
vn -0.1178 -0.9191 -0.3759
vn -0.1145 -0.9238 -0.3654
vn -0.1113 -0.9281 -0.3553
vn -0.1083 -0.9320 -0.3458
vn -0.0985 -0.9336 -0.3444
vn -0.0878 -0.9353 -0.3428
vn -0.0763 -0.9370 -0.3410
vn -0.0787 -0.9328 -0.3516
vn -0.0812 -0.9283 -0.3629
vn -0.0000 1.0000 -0.0000
vn -0.2441 0.5986 -0.7630
vn -0.2409 0.5992 -0.7635
vn -0.2426 0.6049 -0.7585
vn -0.2394 0.6056 -0.7589
vn -0.2485 0.5918 -0.7668
vn -0.2455 0.5922 -0.7675
vn -0.2423 0.5927 -0.7681
vn -0.2390 0.5932 -0.7687
vn -0.2376 0.5998 -0.7640
vn -0.2361 0.6063 -0.7594
vn -0.2346 0.6127 -0.7547
vn -0.2380 0.6118 -0.7543
vn -0.2412 0.6110 -0.7540
vn -0.2443 0.6102 -0.7536
vn -0.2457 0.6042 -0.7580
vn -0.2471 0.5980 -0.7624
vn 0.9191 0.3452 -0.1897
vn 0.9192 0.3452 -0.1897
vn -0.2556 0.5444 -0.7990
vn -0.2525 0.5439 -0.8003
vn -0.2541 0.5516 -0.7945
vn -0.2510 0.5512 -0.7957
vn -0.2600 0.5377 -0.8021
vn -0.2570 0.5371 -0.8034
vn -0.2539 0.5364 -0.8048
vn -0.2507 0.5358 -0.8063
vn -0.2492 0.5434 -0.8016
vn -0.2478 0.5509 -0.7969
vn -0.2463 0.5583 -0.7922
vn -0.2496 0.5585 -0.7911
vn -0.2527 0.5586 -0.7900
vn -0.2557 0.5588 -0.7889
vn -0.2571 0.5519 -0.7933
vn -0.2585 0.5448 -0.7977
vn -0.2498 0.5724 -0.7810
vn -0.2467 0.5725 -0.7819
vn -0.2484 0.5791 -0.7765
vn -0.2452 0.5794 -0.7773
vn -0.2543 0.5656 -0.7845
vn -0.2513 0.5656 -0.7855
vn -0.2481 0.5656 -0.7865
vn -0.2449 0.5655 -0.7875
vn -0.2434 0.5726 -0.7828
vn -0.2419 0.5796 -0.7781
vn -0.2405 0.5865 -0.7734
vn -0.2438 0.5861 -0.7727
vn -0.2469 0.5857 -0.7720
vn -0.2500 0.5854 -0.7713
vn -0.2514 0.5789 -0.7757
vn -0.2528 0.5723 -0.7801
vn -0.1432 -0.8954 -0.4217
vn -0.1410 -0.8952 -0.4227
vn -0.1441 -0.8939 -0.4245
vn -0.1419 -0.8939 -0.4253
vn -0.1447 -0.8971 -0.4175
vn -0.1423 -0.8968 -0.4189
vn -0.1402 -0.8966 -0.4201
vn -0.1384 -0.8964 -0.4212
vn -0.1391 -0.8951 -0.4236
vn -0.1399 -0.8938 -0.4260
vn -0.1407 -0.8926 -0.4284
vn -0.1428 -0.8925 -0.4279
vn -0.1451 -0.8924 -0.4273
vn -0.1478 -0.8923 -0.4265
vn -0.1468 -0.8939 -0.4235
vn -0.1457 -0.8955 -0.4205
vn -0.1060 -0.9042 -0.4138
vn -0.1179 -0.9033 -0.4124
vn -0.1025 -0.9107 -0.4002
vn -0.1142 -0.9096 -0.3994
vn -0.0963 -0.8975 -0.4304
vn -0.1097 -0.8970 -0.4282
vn -0.1218 -0.8964 -0.4261
vn -0.1329 -0.8958 -0.4242
vn -0.1288 -0.9025 -0.4111
vn -0.1249 -0.9085 -0.3987
vn -0.1212 -0.9141 -0.3870
vn -0.1107 -0.9153 -0.3872
vn -0.0992 -0.9166 -0.3873
vn -0.0867 -0.9178 -0.3874
vn -0.0897 -0.9117 -0.4009
vn -0.0929 -0.9050 -0.4152
vn 0.0552 -0.0869 -0.9947
vn -0.1000 -0.0887 -0.9910
vn 0.0548 -0.1439 -0.9881
vn -0.0993 -0.1469 -0.9842
vn 0.2003 -0.0278 -0.9793
vn 0.0554 -0.0291 -0.9980
vn -0.1004 -0.0297 -0.9945
vn -0.2563 -0.0296 -0.9662
vn -0.2554 -0.0884 -0.9628
vn -0.2536 -0.1463 -0.9562
vn -0.2511 -0.2028 -0.9465
vn -0.0983 -0.2035 -0.9741
vn 0.0543 -0.1995 -0.9784
vn 0.1967 -0.1914 -0.9616
vn 0.1985 -0.1380 -0.9704
vn 0.1997 -0.0833 -0.9763
vn -0.1967 -0.2312 -0.9528
vn -0.2022 -0.0000 -0.9793
vn 0.3865 -0.1323 -0.9128
vn 0.3321 -0.1208 -0.9355
vn 0.3806 -0.2171 -0.8989
vn 0.3279 -0.1988 -0.9235
vn 0.4543 -0.0489 -0.8895
vn 0.3895 -0.0444 -0.9199
vn 0.3343 -0.0405 -0.9416
vn 0.2872 -0.0372 -0.9571
vn 0.2856 -0.1109 -0.9519
vn 0.2826 -0.1829 -0.9417
vn 0.2781 -0.2520 -0.9269
vn 0.3219 -0.2732 -0.9065
vn 0.3723 -0.2973 -0.8792
vn 0.4303 -0.3243 -0.8424
vn 0.4418 -0.2379 -0.8650
vn 0.4500 -0.1454 -0.8811
vn -0.7874 -0.3231 -0.5249
vn -0.7450 -0.2958 -0.5979
vn -0.8152 -0.2007 -0.5434
vn -0.7668 -0.1827 -0.6153
vn -0.7844 -0.4663 -0.4089
vn -0.7507 -0.4313 -0.5004
vn -0.7156 -0.3977 -0.5742
vn -0.6813 -0.3668 -0.6335
vn -0.7049 -0.2711 -0.6554
vn -0.7221 -0.1666 -0.6714
vn -0.7312 -0.0562 -0.6798
vn -0.7784 -0.0618 -0.6247
vn -0.8302 -0.0681 -0.5534
vn -0.8843 -0.0751 -0.4609
vn -0.8650 -0.2204 -0.4509
vn -0.8299 -0.3524 -0.4326
vn -0.9137 -0.0000 -0.4064
vn 0.4801 0.2133 -0.8509
vn -0.0606 0.1544 -0.9862
vn -0.1172 0.1536 -0.9812
vn -0.0611 0.0933 -0.9938
vn -0.1181 0.0928 -0.9887
vn -0.0033 0.2141 -0.9768
vn -0.0599 0.2137 -0.9751
vn -0.1159 0.2126 -0.9702
vn -0.1708 0.2109 -0.9625
vn -0.1727 0.1523 -0.9731
vn -0.1740 0.0921 -0.9804
vn -0.1746 0.0308 -0.9842
vn -0.1185 0.0311 -0.9925
vn -0.0613 0.0312 -0.9976
vn -0.0034 0.0313 -0.9995
vn -0.0034 0.0935 -0.9956
vn -0.0034 0.1547 -0.9880
vn -0.0690 0.2967 -0.9525
vn -0.0652 -0.9933 -0.0951
vn -0.0663 -0.9930 -0.0982
vn -0.0695 -0.9929 -0.0961
vn -0.0696 -0.9927 -0.0985
vn -0.0612 -0.9939 -0.0920
vn -0.0618 -0.9936 -0.0943
vn -0.0625 -0.9933 -0.0970
vn -0.0630 -0.9930 -0.1000
vn -0.0656 -0.9928 -0.0999
vn -0.0693 -0.9925 -0.1009
vn -0.0732 -0.9924 -0.0986
vn -0.0723 -0.9928 -0.0957
vn -0.0728 -0.9929 -0.0936
vn -0.0681 -0.9933 -0.0930
vn -0.0643 -0.9936 -0.0925
vn -0.0942 -0.9908 -0.0973
vn -0.0946 -0.9909 -0.0961
vn -0.0921 -0.9910 -0.0974
vn -0.0928 -0.9910 -0.0961
vn -0.0958 -0.9905 -0.0986
vn -0.0960 -0.9906 -0.0972
vn -0.0961 -0.9907 -0.0961
vn -0.0963 -0.9908 -0.0952
vn -0.0949 -0.9909 -0.0951
vn -0.0933 -0.9911 -0.0951
vn -0.0914 -0.9913 -0.0950
vn -0.0906 -0.9912 -0.0961
vn -0.0895 -0.9912 -0.0976
vn -0.0880 -0.9911 -0.0996
vn -0.0912 -0.9909 -0.0992
vn -0.0938 -0.9907 -0.0988
vn -0.0892 -0.9915 -0.0942
vn -0.0892 -0.9916 -0.0941
vn -0.0891 -0.9916 -0.0942
vn -0.0891 -0.9916 -0.0941
vn -0.0894 -0.9915 -0.0943
vn -0.0894 -0.9915 -0.0942
vn -0.0894 -0.9915 -0.0941
vn -0.0894 -0.9916 -0.0940
vn -0.0892 -0.9916 -0.0940
vn -0.0891 -0.9916 -0.0940
vn -0.0890 -0.9916 -0.0940
vn -0.0890 -0.9916 -0.0941
vn -0.0890 -0.9916 -0.0942
vn -0.0890 -0.9916 -0.0943
vn -0.0891 -0.9915 -0.0943
vn -0.0893 -0.9915 -0.0943
vn -0.1228 -0.9900 -0.0701
vn -0.1227 -0.9900 -0.0696
vn -0.1223 -0.9900 -0.0701
vn -0.1222 -0.9901 -0.0697
vn -0.1233 -0.9899 -0.0706
vn -0.1232 -0.9899 -0.0701
vn -0.1231 -0.9900 -0.0696
vn -0.1230 -0.9900 -0.0692
vn -0.1225 -0.9900 -0.0692
vn -0.1221 -0.9901 -0.0692
vn -0.1217 -0.9902 -0.0692
vn -0.1218 -0.9901 -0.0697
vn -0.1219 -0.9901 -0.0702
vn -0.1220 -0.9900 -0.0707
vn -0.1224 -0.9900 -0.0706
vn -0.1229 -0.9899 -0.0706
vn -0.1156 -0.9898 -0.0828
vn -0.1145 -0.9904 -0.0769
vn -0.1095 -0.9905 -0.0828
vn -0.1083 -0.9912 -0.0767
vn -0.1225 -0.9885 -0.0887
vn -0.1214 -0.9891 -0.0828
vn -0.1203 -0.9897 -0.0770
vn -0.1191 -0.9903 -0.0713
vn -0.1133 -0.9910 -0.0710
vn -0.1072 -0.9917 -0.0707
vn -0.1008 -0.9924 -0.0703
vn -0.1018 -0.9919 -0.0765
vn -0.1029 -0.9912 -0.0828
vn -0.1041 -0.9906 -0.0892
vn -0.1106 -0.9899 -0.0890
vn -0.1167 -0.9892 -0.0888
vn -0.1010 -0.9877 -0.1191
vn -0.1007 -0.9880 -0.1168
vn -0.0976 -0.9881 -0.1185
vn -0.0973 -0.9885 -0.1161
vn -0.1047 -0.9870 -0.1221
vn -0.1043 -0.9873 -0.1197
vn -0.1039 -0.9876 -0.1174
vn -0.1035 -0.9879 -0.1151
vn -0.1003 -0.9884 -0.1144
vn -0.0970 -0.9888 -0.1137
vn -0.0935 -0.9892 -0.1130
vn -0.0938 -0.9889 -0.1154
vn -0.0941 -0.9886 -0.1179
vn -0.0944 -0.9882 -0.1204
vn -0.0980 -0.9878 -0.1210
vn -0.1014 -0.9874 -0.1216
vn -0.0936 -0.9919 -0.0860
vn -0.0911 -0.9926 -0.0806
vn -0.0888 -0.9924 -0.0857
vn -0.0870 -0.9929 -0.0807
vn -0.1039 -0.9901 -0.0943
vn -0.0992 -0.9913 -0.0863
vn -0.0958 -0.9921 -0.0805
vn -0.0932 -0.9927 -0.0761
vn -0.0892 -0.9931 -0.0764
vn -0.0856 -0.9934 -0.0767
vn -0.0824 -0.9936 -0.0769
vn -0.0833 -0.9932 -0.0807
vn -0.0845 -0.9927 -0.0855
vn -0.0861 -0.9921 -0.0917
vn -0.0911 -0.9915 -0.0924
vn -0.0970 -0.9909 -0.0933
vn -0.0833 -0.9919 -0.0956
vn -0.0832 -0.9920 -0.0946
vn -0.0824 -0.9920 -0.0957
vn -0.0822 -0.9921 -0.0947
vn -0.0844 -0.9918 -0.0964
vn -0.0842 -0.9919 -0.0955
vn -0.0840 -0.9920 -0.0945
vn -0.0838 -0.9921 -0.0936
vn -0.0830 -0.9921 -0.0937
vn -0.0820 -0.9922 -0.0937
vn -0.0811 -0.9923 -0.0938
vn -0.0812 -0.9922 -0.0948
vn -0.0814 -0.9921 -0.0958
vn -0.0815 -0.9919 -0.0969
vn -0.0826 -0.9919 -0.0967
vn -0.0835 -0.9918 -0.0966
vn -0.0875 -0.9894 -0.1157
vn -0.0876 -0.9892 -0.1178
vn -0.0905 -0.9891 -0.1159
vn -0.0905 -0.9889 -0.1181
vn -0.0845 -0.9899 -0.1134
vn -0.0848 -0.9897 -0.1155
vn -0.0850 -0.9894 -0.1175
vn -0.0853 -0.9892 -0.1193
vn -0.0878 -0.9889 -0.1197
vn -0.0906 -0.9886 -0.1201
vn -0.0937 -0.9883 -0.1205
vn -0.0937 -0.9885 -0.1184
vn -0.0938 -0.9888 -0.1161
vn -0.0939 -0.9891 -0.1136
vn -0.0904 -0.9894 -0.1135
vn -0.0873 -0.9897 -0.1135
vn -0.0936 -0.9934 -0.0664
vn -0.0936 -0.9936 -0.0640
vn -0.0916 -0.9936 -0.0666
vn -0.0914 -0.9937 -0.0643
vn -0.0957 -0.9931 -0.0684
vn -0.0959 -0.9932 -0.0662
vn -0.0961 -0.9933 -0.0636
vn -0.0964 -0.9935 -0.0603
vn -0.0936 -0.9937 -0.0610
vn -0.0912 -0.9939 -0.0616
vn -0.0891 -0.9941 -0.0621
vn -0.0895 -0.9939 -0.0646
vn -0.0898 -0.9937 -0.0668
vn -0.0901 -0.9936 -0.0686
vn -0.0918 -0.9934 -0.0685
vn -0.0936 -0.9933 -0.0684
vn -0.0855 -0.9943 -0.0633
vn -0.0852 -0.9945 -0.0614
vn -0.0835 -0.9945 -0.0631
vn -0.0832 -0.9947 -0.0612
vn -0.0878 -0.9940 -0.0654
vn -0.0874 -0.9941 -0.0635
vn -0.0871 -0.9943 -0.0616
vn -0.0867 -0.9944 -0.0598
vn -0.0848 -0.9946 -0.0596
vn -0.0829 -0.9948 -0.0593
vn -0.0808 -0.9950 -0.0590
vn -0.0812 -0.9948 -0.0609
vn -0.0815 -0.9947 -0.0629
vn -0.0818 -0.9945 -0.0649
vn -0.0839 -0.9943 -0.0651
vn -0.0859 -0.9942 -0.0652
vn -0.0771 -0.9919 -0.1010
vn -0.0762 -0.9925 -0.0959
vn -0.0707 -0.9925 -0.0996
vn -0.0697 -0.9931 -0.0945
vn -0.0843 -0.9906 -0.1074
vn -0.0835 -0.9912 -0.1024
vn -0.0827 -0.9918 -0.0973
vn -0.0819 -0.9924 -0.0921
vn -0.0753 -0.9930 -0.0907
vn -0.0687 -0.9936 -0.0892
vn -0.0622 -0.9942 -0.0878
vn -0.0632 -0.9937 -0.0930
vn -0.0643 -0.9931 -0.0981
vn -0.0653 -0.9925 -0.1032
vn -0.0716 -0.9919 -0.1046
vn -0.0780 -0.9913 -0.1060
vn -0.0902 0.1065 -0.9902
vn -0.0903 0.1066 -0.9902
vn -0.0903 0.1065 -0.9902
vn -0.0902 0.1066 -0.9902
vn -0.9505 -0.0238 0.3097
vn -0.0866 0.1529 -0.9844
vn -0.0940 0.1537 -0.9836
vn -0.0856 0.1310 -0.9877
vn -0.0920 0.1314 -0.9871
vn -0.1016 0.1546 -0.9827
vn -0.0983 0.1335 -0.9862
vn -0.0952 0.1156 -0.9887
vn -0.0905 0.1139 -0.9894
vn -0.0848 0.1138 -0.9899
vn -0.0793 0.1137 -0.9904
vn -0.0794 0.1306 -0.9883
vn -0.0796 0.1521 -0.9852
vn -0.0435 0.9849 -0.1678
vn -0.0304 0.9839 -0.1758
vn -0.0436 0.9864 -0.1582
vn -0.0308 0.9855 -0.1666
vn -0.0586 0.9838 -0.1692
vn -0.0434 0.9831 -0.1779
vn -0.0300 0.9822 -0.1854
vn -0.0182 0.9812 -0.1921
vn -0.0188 0.9830 -0.1829
vn -0.0194 0.9845 -0.1741
vn -0.0200 0.9860 -0.1656
vn -0.0312 0.9870 -0.1577
vn -0.0438 0.9879 -0.1489
vn -0.0579 0.9886 -0.1389
vn -0.0582 0.9872 -0.1486
vn -0.0584 0.9856 -0.1587
vn -0.0428 0.9949 0.0912
vn -0.0255 0.9965 0.0796
vn -0.0426 0.9941 0.1002
vn -0.0251 0.9957 0.0891
vn -0.0054 0.9978 0.0661
vn -0.0047 0.9971 0.0762
vn -0.0041 0.9962 0.0866
vn -0.0248 0.9948 0.0989
vn -0.0425 0.9931 0.1093
vn -0.0578 0.9913 0.1183
vn -0.0578 0.9923 0.1097
vn -0.0578 0.9932 0.1013
vn 0.0980 0.9901 0.1008
vn 0.0842 0.9910 0.1042
vn 0.0967 0.9905 0.0977
vn 0.0826 0.9916 0.0999
vn 0.1072 0.9891 0.1014
vn 0.0994 0.9896 0.1040
vn 0.0858 0.9904 0.1086
vn 0.0570 0.9913 0.1183
vn 0.0550 0.9923 0.1113
vn 0.0530 0.9931 0.1045
vn 0.0511 0.9939 0.0979
vn 0.0810 0.9921 0.0957
vn 0.0954 0.9909 0.0946
vn 0.1039 0.9901 0.0939
vn 0.1050 0.9898 0.0964
vn 0.1061 0.9894 0.0988
vn 0.0153 0.9956 -0.0921
vn 0.0108 0.9957 -0.0917
vn 0.0149 0.9955 -0.0933
vn 0.0105 0.9956 -0.0929
vn 0.0203 0.9956 -0.0913
vn 0.0158 0.9957 -0.0909
vn 0.0112 0.9958 -0.0905
vn 0.0065 0.9959 -0.0901
vn 0.0062 0.9958 -0.0913
vn 0.0059 0.9957 -0.0925
vn 0.0057 0.9956 -0.0937
vn 0.0101 0.9955 -0.0941
vn 0.0145 0.9954 -0.0945
vn 0.0188 0.9953 -0.0949
vn 0.0193 0.9954 -0.0937
vn 0.0198 0.9955 -0.0925
vn 0.9340 -0.0001 -0.3572
vn 0.9340 0.0001 -0.3573
vn -0.1937 -0.0000 -0.9811
vn -0.1872 -0.0086 -0.9823
vn -0.1896 -0.0087 -0.9818
vn -0.1871 -0.0088 -0.9823
vn -0.1895 -0.0089 -0.9818
vn -0.1853 -0.0084 -0.9826
vn -0.1873 -0.0085 -0.9823
vn -0.1897 -0.0086 -0.9818
vn -0.1926 -0.0087 -0.9812
vn -0.1926 -0.0089 -0.9812
vn -0.1926 -0.0090 -0.9812
vn -0.1926 -0.0092 -0.9812
vn -0.1895 -0.0090 -0.9818
vn -0.1870 -0.0089 -0.9823
vn -0.1849 -0.0088 -0.9827
vn -0.1851 -0.0087 -0.9827
vn -0.1852 -0.0085 -0.9827
vn 0.9712 -0.0000 -0.2382
vn 0.9965 -0.0000 -0.0836
vn 0.9965 -0.0000 -0.0837
vn 0.0752 0.9922 0.0994
vn 0.0481 0.9935 0.1035
vn 0.0623 0.9958 0.0673
vn 0.0399 0.9967 0.0703
vn 0.1247 0.9823 0.1401
vn 0.0941 0.9847 0.1467
vn 0.0610 0.9862 0.1537
vn 0.0336 0.9883 0.1485
vn 0.0225 0.9942 0.1051
vn 0.0304 0.9958 0.0869
vn 0.0468 0.9973 0.0559
vn 0.0533 0.9976 0.0444
vn 0.0719 0.9965 0.0425
vn 0.0840 0.9944 0.0648
vn 0.1006 0.9903 0.0954
vn 0.0213 0.9988 -0.0440
vn 0.0139 0.9990 -0.0432
vn 0.0189 0.9985 -0.0518
vn 0.0126 0.9986 -0.0512
vn 0.0334 0.9989 -0.0340
vn 0.0246 0.9992 -0.0329
vn 0.0157 0.9994 -0.0317
vn 0.0065 0.9995 -0.0305
vn 0.0063 0.9991 -0.0423
vn 0.0062 0.9987 -0.0505
vn 0.0062 0.9984 -0.0565
vn 0.0117 0.9983 -0.0570
vn 0.0172 0.9982 -0.0575
vn 0.0225 0.9981 -0.0581
vn 0.0251 0.9983 -0.0524
vn 0.0285 0.9986 -0.0449
vn 0.9817 -0.1435 -0.1249
vn 0.9828 -0.1424 -0.1178
vn 0.9822 -0.1401 -0.1251
vn 0.9832 -0.1392 -0.1181
vn 0.9800 -0.1484 -0.1328
vn 0.9813 -0.1469 -0.1246
vn 0.9824 -0.1456 -0.1175
vn 0.9833 -0.1444 -0.1111
vn 0.9837 -0.1414 -0.1115
vn 0.9840 -0.1384 -0.1118
vn 0.9844 -0.1355 -0.1121
vn 0.9836 -0.1361 -0.1183
vn 0.9826 -0.1368 -0.1254
vn 0.9815 -0.1375 -0.1334
vn 0.9810 -0.1411 -0.1332
vn 0.9805 -0.1447 -0.1330
vn 0.9836 -0.1496 -0.1005
vn 0.9843 -0.1479 -0.0960
vn 0.9840 -0.1467 -0.1010
vn 0.9847 -0.1449 -0.0964
vn 0.9824 -0.1543 -0.1049
vn 0.9850 -0.1460 -0.0915
vn 0.9854 -0.1431 -0.0918
vn 0.9858 -0.1401 -0.0923
vn 0.9851 -0.1419 -0.0969
vn 0.9844 -0.1437 -0.1014
vn 0.9837 -0.1455 -0.1058
vn 0.9833 -0.1484 -0.1054
vn 0.9829 -0.1513 -0.1050
vn -0.0000 -0.0000 1.0000
vn -0.4553 0.0130 -0.8902
vn -0.4433 0.0130 -0.8963
vn -0.4553 0.0154 -0.8902
vn -0.4432 0.0155 -0.8963
vn -0.4672 0.0105 -0.8841
vn -0.4554 0.0105 -0.8902
vn -0.4434 0.0106 -0.8963
vn -0.4311 0.0107 -0.9023
vn -0.4309 0.0131 -0.9023
vn -0.4308 0.0156 -0.9023
vn -0.4307 0.0181 -0.9023
vn -0.4431 0.0179 -0.8963
vn -0.4552 0.0178 -0.8902
vn -0.4671 0.0177 -0.8840
vn -0.4671 0.0153 -0.8841
vn -0.4671 0.0129 -0.8841
vn 0.1345 0.0202 -0.9907
vn 0.1298 0.0202 -0.9913
vn 0.1345 0.0195 -0.9907
vn 0.1298 0.0195 -0.9913
vn 0.1392 0.0208 -0.9900
vn 0.1345 0.0209 -0.9907
vn 0.1298 0.0209 -0.9913
vn 0.1250 0.0209 -0.9919
vn 0.1251 0.0202 -0.9919
vn 0.1251 0.0195 -0.9919
vn 0.1252 0.0188 -0.9920
vn 0.1299 0.0188 -0.9914
vn 0.1346 0.0188 -0.9907
vn 0.1392 0.0188 -0.9901
vn 0.1392 0.0195 -0.9901
vn 0.1392 0.0202 -0.9901
vn -0.9539 0.0001 -0.3002
vn -0.9509 0.0001 -0.3094
vn -0.9539 0.0013 -0.3002
vn -0.9509 0.0014 -0.3094
vn -0.9566 -0.0010 -0.2915
vn -0.9539 -0.0011 -0.3002
vn -0.9510 -0.0011 -0.3093
vn -0.9478 -0.0011 -0.3190
vn -0.9477 0.0001 -0.3191
vn -0.9477 0.0014 -0.3192
vn -0.9477 0.0027 -0.3193
vn -0.9509 0.0026 -0.3095
vn -0.9538 0.0025 -0.3003
vn -0.9565 0.0025 -0.2916
vn -0.9566 0.0013 -0.2916
vn -0.9566 0.0001 -0.2915
vn 0.7591 0.0089 -0.6509
vn 0.7482 0.0091 -0.6634
vn 0.7592 0.0068 -0.6508
vn 0.7483 0.0069 -0.6633
vn 0.7694 0.0109 -0.6387
vn 0.7591 0.0111 -0.6509
vn 0.7481 0.0113 -0.6635
vn 0.7365 0.0115 -0.6764
vn 0.7366 0.0093 -0.6763
vn 0.7367 0.0070 -0.6761
vn 0.7369 0.0048 -0.6760
vn 0.7484 0.0047 -0.6633
vn 0.7592 0.0046 -0.6508
vn 0.7695 0.0046 -0.6386
vn 0.7695 0.0066 -0.6386
vn 0.7694 0.0087 -0.6387
vn -0.0019 -0.0055 -1.0000
vn 0.6838 -0.0000 -0.7296
vn 0.6839 -0.0000 -0.7296
vn -0.9311 -0.0000 -0.3648
vn -0.9311 -0.0000 -0.3649
vn 0.0847 -0.0000 -0.9964
vn -0.3802 -0.0000 -0.9249
vn 0.6998 -0.2718 -0.6607
vn 0.6985 -0.2714 -0.6621
vn 0.6996 -0.2758 -0.6592
vn 0.6984 -0.2753 -0.6607
vn 0.7012 -0.2682 -0.6606
vn 0.6999 -0.2679 -0.6621
vn 0.6987 -0.2676 -0.6634
vn 0.6976 -0.2674 -0.6647
vn 0.6974 -0.2711 -0.6634
vn 0.6972 -0.2749 -0.6621
vn 0.6970 -0.2788 -0.6607
vn 0.6981 -0.2793 -0.6592
vn 0.6994 -0.2799 -0.6577
vn 0.7006 -0.2805 -0.6560
vn 0.7009 -0.2763 -0.6576
vn 0.7010 -0.2722 -0.6591
vn -0.9116 -0.3013 -0.2797
vn -0.9111 -0.3008 -0.2819
vn -0.9126 -0.2970 -0.2811
vn -0.9120 -0.2967 -0.2833
vn -0.9112 -0.3062 -0.2757
vn -0.9106 -0.3056 -0.2782
vn -0.9101 -0.3051 -0.2805
vn -0.9096 -0.3045 -0.2827
vn -0.9105 -0.3004 -0.2841
vn -0.9114 -0.2963 -0.2854
vn -0.9123 -0.2924 -0.2867
vn -0.9129 -0.2926 -0.2847
vn -0.9135 -0.2928 -0.2826
vn -0.9141 -0.2931 -0.2803
vn -0.9131 -0.2973 -0.2789
vn -0.9122 -0.3017 -0.2773
vn 0.0944 -0.1179 -0.9885
vn 0.0941 -0.1179 -0.9886
vn 0.0945 -0.1190 -0.9884
vn 0.0942 -0.1190 -0.9884
vn 0.0947 -0.1168 -0.9886
vn 0.0943 -0.1169 -0.9887
vn 0.0940 -0.1168 -0.9887
vn 0.0937 -0.1168 -0.9887
vn 0.0938 -0.1179 -0.9886
vn 0.0939 -0.1189 -0.9885
vn 0.0940 -0.1200 -0.9883
vn 0.0943 -0.1201 -0.9883
vn 0.0946 -0.1201 -0.9882
vn 0.0949 -0.1202 -0.9882
vn 0.0949 -0.1191 -0.9883
vn 0.0948 -0.1180 -0.9885
vn -0.3879 -0.1254 -0.9131
vn -0.3876 -0.1253 -0.9133
vn -0.3879 -0.1242 -0.9133
vn -0.3876 -0.1242 -0.9134
vn -0.3883 -0.1267 -0.9128
vn -0.3880 -0.1266 -0.9129
vn -0.3876 -0.1265 -0.9131
vn -0.3873 -0.1264 -0.9132
vn -0.3873 -0.1253 -0.9134
vn -0.3873 -0.1242 -0.9136
vn -0.3872 -0.1231 -0.9137
vn -0.3875 -0.1231 -0.9136
vn -0.3878 -0.1231 -0.9135
vn -0.3882 -0.1231 -0.9133
vn -0.3882 -0.1243 -0.9131
vn -0.3883 -0.1255 -0.9130
vn -0.3664 0.1158 -0.9232
vn -0.3667 0.1158 -0.9231
vn -0.3666 0.1148 -0.9233
vn -0.3669 0.1148 -0.9232
vn -0.3660 0.1167 -0.9233
vn -0.3663 0.1168 -0.9231
vn -0.3666 0.1168 -0.9230
vn -0.3669 0.1169 -0.9229
vn -0.3670 0.1159 -0.9230
vn -0.3672 0.1149 -0.9230
vn -0.3673 0.1139 -0.9231
vn -0.3670 0.1139 -0.9232
vn -0.3667 0.1139 -0.9233
vn -0.3664 0.1138 -0.9235
vn -0.3663 0.1148 -0.9234
vn -0.3661 0.1157 -0.9233
vn 0.0733 0.1095 -0.9913
vn 0.0736 0.1095 -0.9913
vn 0.0732 0.1104 -0.9912
vn 0.0735 0.1104 -0.9912
vn 0.0731 0.1085 -0.9914
vn 0.0734 0.1085 -0.9914
vn 0.0737 0.1085 -0.9914
vn 0.0740 0.1085 -0.9913
vn 0.0739 0.1095 -0.9912
vn 0.0738 0.1105 -0.9911
vn 0.0737 0.1115 -0.9910
vn 0.0734 0.1114 -0.9911
vn 0.0731 0.1113 -0.9911
vn 0.0728 0.1113 -0.9911
vn 0.0729 0.1103 -0.9912
vn 0.0730 0.1094 -0.9913
vn -0.8640 0.2785 -0.4194
vn -0.8648 0.2789 -0.4176
vn -0.8654 0.2749 -0.4189
vn -0.8662 0.2753 -0.4171
vn -0.8619 0.2816 -0.4216
vn -0.8626 0.2822 -0.4199
vn -0.8633 0.2827 -0.4181
vn -0.8640 0.2833 -0.4162
vn -0.8655 0.2794 -0.4158
vn -0.8669 0.2756 -0.4153
vn -0.8683 0.2720 -0.4148
vn -0.8675 0.2717 -0.4166
vn -0.8668 0.2714 -0.4184
vn -0.8661 0.2711 -0.4200
vn -0.8647 0.2745 -0.4206
vn -0.8634 0.2781 -0.4211
vn 0.6168 0.2487 -0.7468
vn 0.6180 0.2490 -0.7457
vn 0.6156 0.2520 -0.7466
vn 0.6168 0.2524 -0.7456
vn 0.6169 0.2452 -0.7478
vn 0.6180 0.2455 -0.7469
vn 0.6192 0.2458 -0.7458
vn 0.6204 0.2460 -0.7447
vn 0.6192 0.2494 -0.7446
vn 0.6179 0.2529 -0.7444
vn 0.6167 0.2565 -0.7443
vn 0.6155 0.2559 -0.7454
vn 0.6144 0.2553 -0.7465
vn 0.6133 0.2548 -0.7476
vn 0.6146 0.2516 -0.7477
vn 0.6158 0.2483 -0.7478
vn 0.6760 0.0449 -0.7355
vn 0.6756 0.0449 -0.7359
vn 0.6761 0.0445 -0.7355
vn 0.6757 0.0445 -0.7359
vn 0.6763 0.0453 -0.7352
vn 0.6759 0.0452 -0.7356
vn 0.6755 0.0452 -0.7359
vn 0.6751 0.0452 -0.7363
vn 0.6752 0.0448 -0.7363
vn 0.6753 0.0445 -0.7362
vn 0.6753 0.0441 -0.7362
vn 0.6757 0.0442 -0.7358
vn 0.6761 0.0442 -0.7355
vn 0.6765 0.0442 -0.7351
vn 0.6764 0.0446 -0.7352
vn 0.6764 0.0449 -0.7352
vn -0.9255 0.0494 -0.3755
vn -0.9253 0.0494 -0.3761
vn -0.9255 0.0498 -0.3756
vn -0.9252 0.0498 -0.3762
vn -0.9258 0.0490 -0.3748
vn -0.9256 0.0490 -0.3754
vn -0.9253 0.0490 -0.3760
vn -0.9251 0.0489 -0.3766
vn -0.9250 0.0493 -0.3767
vn -0.9250 0.0497 -0.3768
vn -0.9249 0.0501 -0.3769
vn -0.9252 0.0501 -0.3763
vn -0.9254 0.0502 -0.3757
vn -0.9256 0.0502 -0.3750
vn -0.9257 0.0498 -0.3750
vn -0.9257 0.0494 -0.3749
vn 0.0830 0.0202 -0.9963
vn -0.3784 0.0212 -0.9254
vn -0.0797 0.1766 -0.9810
vn 0.9789 -0.1881 -0.0793
vn 0.9900 -0.1332 -0.0464
vn 0.9793 -0.1866 -0.0782
vn -0.0878 0.1785 -0.9800
vn -0.1051 0.1823 -0.9776
vn -0.0578 0.9939 0.0940
vn -0.0963 0.1803 -0.9789
vn 0.9797 -0.1852 -0.0772
vn 0.9786 -0.1896 -0.0804
vn -0.0059 0.9983 0.0573
vn 0.9903 -0.1321 -0.0421
vn 0.9906 -0.1311 -0.0381
vn 0.9909 -0.1303 -0.0347
vn 0.9832 -0.1522 -0.1008
vn 0.9839 -0.1502 -0.0970
vn 0.9845 -0.1485 -0.0934
vn 0.9912 -0.1288 -0.0322
vn -0.0258 0.9971 0.0714
vn -0.0429 0.9956 0.0835
vt 0.623267 0.289207
vt 0.612321 0.306320
vt 0.603031 0.304700
vt 0.613569 0.287075
vt 0.602576 0.321557
vt 0.593672 0.320353
vt 0.593646 0.303064
vt 0.603747 0.284916
vt 0.584698 0.319140
vt 0.645612 0.272575
vt 0.632841 0.291312
vt 0.635648 0.269849
vt 0.621518 0.307923
vt 0.611412 0.322751
vt 0.602335 0.336068
vt 0.593843 0.335210
vt 0.585304 0.334347
vt 0.576718 0.333479
vt 0.568083 0.332607
vt 0.575656 0.317918
vt 0.584165 0.301411
vt 0.593797 0.282728
vt 0.615240 0.264267
vt 0.604788 0.261408
vt 0.625525 0.267080
vt 0.715747 0.280060
vt 0.730600 0.271238
vt 0.748624 0.274691
vt 0.733610 0.284267
vt 0.747037 0.261475
vt 0.765309 0.264049
vt 0.766254 0.278069
vt 0.751015 0.288367
vt 0.783258 0.266577
vt 0.683953 0.283062
vt 0.697408 0.275740
vt 0.702261 0.288070
vt 0.712169 0.267707
vt 0.728436 0.258855
vt 0.746451 0.249051
vt 0.765328 0.250612
vt 0.783960 0.252152
vt 0.802354 0.253672
vt 0.820513 0.255173
vt 0.800895 0.269061
vt 0.783503 0.281373
vt 0.767979 0.292363
vt 0.737280 0.297649
vt 0.754037 0.302232
vt 0.720029 0.292930
vt 0.808407 0.441615
vt 0.814556 0.460511
vt 0.799271 0.468866
vt 0.793134 0.450205
vt 0.820686 0.479351
vt 0.805402 0.487508
vt 0.785384 0.476458
vt 0.779282 0.457995
vt 0.791490 0.494932
vt 0.819172 0.412827
vt 0.825331 0.432097
vt 0.802240 0.422663
vt 0.831458 0.451271
vt 0.837555 0.470349
vt 0.843622 0.489332
vt 0.826798 0.498136
vt 0.811526 0.506129
vt 0.797600 0.513416
vt 0.784849 0.520089
vt 0.778773 0.501718
vt 0.772710 0.483386
vt 0.766660 0.465093
vt 0.773183 0.439543
vt 0.760623 0.446840
vt 0.786990 0.431522
vt 0.747722 0.472223
vt 0.753058 0.489985
vt 0.735580 0.495853
vt 0.730831 0.478582
vt 0.758390 0.507731
vt 0.740313 0.513065
vt 0.719935 0.501107
vt 0.715673 0.484288
vt 0.724171 0.517827
vt 0.742381 0.454446
vt 0.763718 0.525463
vt 0.745029 0.530216
vt 0.728383 0.534450
vt 0.713463 0.538244
vt 0.709670 0.522105
vt 0.705847 0.505837
vt 0.701994 0.489438
vt 0.711386 0.467371
vt 0.698109 0.472907
vt 0.726065 0.461250
vt 0.899630 0.100285
vt 0.882108 0.117756
vt 0.858145 0.104704
vt 0.875945 0.084769
vt 0.865850 0.133967
vt 0.841719 0.123101
vt 0.832649 0.090817
vt 0.850595 0.068162
vt 0.816184 0.111602
vt 0.940230 0.098445
vt 0.921810 0.114816
vt 0.918568 0.081402
vt 0.904674 0.130046
vt 0.888689 0.144253
vt 0.873746 0.157534
vt 0.850723 0.149050
vt 0.826514 0.140130
vt 0.801026 0.130739
vt 0.774154 0.120837
vt 0.789120 0.099415
vt 0.805469 0.076013
vt 0.823401 0.050346
vt 0.870233 0.043371
vt 0.843157 0.022067
vt 0.895298 0.063093
vt 0.984231 0.084673
vt 0.997937 0.074784
vt 0.997420 0.092412
vt 0.970174 0.076424
vt 0.953654 0.106736
vt 0.997748 0.056146
vt 0.979182 0.122503
vt 0.997881 0.109488
vt 0.997722 0.125631
vt 0.991329 0.130005
vt 0.966630 0.114750
vt 0.997449 0.092918
vt 0.990340 0.404410
vt 0.993264 0.410360
vt 0.981275 0.415310
vt 0.978144 0.409518
vt 0.996230 0.416394
vt 0.984454 0.421189
vt 0.997430 0.418836
vt 0.997455 0.423229
vt 0.987680 0.427156
vt 0.976574 0.431618
vt 0.973148 0.425792
vt 0.969775 0.420058
vt 0.966455 0.414413
vt 0.975058 0.403811
vt 0.963187 0.408856
vt 0.987455 0.398542
vt 0.111296 0.107908
vt 0.109030 0.087023
vt 0.119652 0.086827
vt 0.123932 0.107475
vt 0.106436 0.063102
vt 0.114749 0.063172
vt 0.130250 0.086632
vt 0.136536 0.107042
vt 0.123047 0.063242
vt 0.098843 0.126949
vt 0.098628 0.108343
vt 0.113291 0.126300
vt 0.098384 0.087220
vt 0.098105 0.063031
vt 0.097782 0.035059
vt 0.103434 0.035430
vt 0.109076 0.035800
vt 0.114709 0.036169
vt 0.120333 0.036538
vt 0.131328 0.063312
vt 0.140824 0.086437
vt 0.149110 0.106611
vt 0.142069 0.125009
vt 0.156401 0.124365
vt 0.127699 0.125654
vt 0.070401 0.145495
vt 0.067727 0.160779
vt 0.042984 0.160167
vt 0.045251 0.146253
vt 0.065211 0.175166
vt 0.040842 0.173316
vt 0.018038 0.159550
vt 0.019996 0.147014
vt 0.016180 0.171443
vt 0.095448 0.144740
vt 0.073247 0.129226
vt 0.092271 0.161386
vt 0.089293 0.176995
vt 0.086494 0.191660
vt 0.062838 0.188732
vt 0.038814 0.185759
vt 0.014415 0.182740
vt 0.002534 0.181270
vt 0.002545 0.170407
vt 0.002557 0.159167
vt 0.002569 0.147539
vt 0.022064 0.133780
vt 0.002580 0.135513
vt 0.047654 0.131503
vt 0.618868 0.251935
vt 0.618858 0.246627
vt 0.634060 0.240641
vt 0.634072 0.246694
vt 0.618848 0.241319
vt 0.634048 0.234587
vt 0.650513 0.234161
vt 0.650527 0.241023
vt 0.650500 0.227300
vt 0.604779 0.256791
vt 0.618878 0.257243
vt 0.604770 0.252175
vt 0.604761 0.247558
vt 0.604752 0.242942
vt 0.618837 0.236011
vt 0.634036 0.228533
vt 0.650487 0.220439
vt 0.668349 0.211651
vt 0.668364 0.219388
vt 0.668379 0.227126
vt 0.668394 0.234864
vt 0.650540 0.247884
vt 0.668409 0.242601
vt 0.634083 0.252748
vt 0.765720 0.245126
vt 0.766113 0.239640
vt 0.785539 0.240194
vt 0.784750 0.246173
vt 0.766505 0.234155
vt 0.786328 0.234215
vt 0.804715 0.240741
vt 0.803535 0.247206
vt 0.805896 0.234276
vt 0.746441 0.244065
vt 0.746432 0.239079
vt 0.746422 0.234093
vt 0.746412 0.229107
vt 0.766898 0.228669
vt 0.787117 0.228237
vt 0.807076 0.227811
vt 0.826779 0.227390
vt 0.825213 0.234335
vt 0.823646 0.241280
vt 0.822080 0.248226
vt 0.575640 0.309740
vt 0.575624 0.301563
vt 0.584137 0.287136
vt 0.584151 0.294274
vt 0.575608 0.293385
vt 0.584124 0.279999
vt 0.593774 0.270808
vt 0.593785 0.276768
vt 0.593762 0.264848
vt 0.568066 0.323504
vt 0.568048 0.314400
vt 0.568030 0.305297
vt 0.568013 0.296194
vt 0.575592 0.285207
vt 0.584110 0.272862
vt 0.593750 0.258888
vt 0.828253 0.233721
vt 0.831293 0.233107
vt 0.830518 0.240467
vt 0.827082 0.240873
vt 0.834333 0.232494
vt 0.833953 0.240060
vt 0.829743 0.247826
vt 0.825912 0.248026
vt 0.833573 0.247626
vt 0.829424 0.226569
vt 0.832069 0.225748
vt 0.834713 0.224927
vt 0.837358 0.224107
vt 0.837373 0.231880
vt 0.837388 0.239653
vt 0.837403 0.247426
vt 0.837418 0.255199
vt 0.833193 0.255193
vt 0.828967 0.255186
vt 0.824741 0.255179
vt 0.828152 0.431549
vt 0.830972 0.431001
vt 0.836648 0.449100
vt 0.834053 0.450186
vt 0.833793 0.430453
vt 0.839244 0.448014
vt 0.842298 0.467113
vt 0.839926 0.468732
vt 0.844670 0.465495
vt 0.822221 0.412822
vt 0.825270 0.412817
vt 0.828318 0.412812
vt 0.831366 0.412807
vt 0.836615 0.429905
vt 0.841840 0.446928
vt 0.847043 0.463876
vt 0.852222 0.480748
vt 0.850071 0.482895
vt 0.847920 0.485042
vt 0.845771 0.487187
vt 0.411151 0.277994
vt 0.411176 0.290783
vt 0.409074 0.298347
vt 0.409050 0.286020
vt 0.411201 0.303571
vt 0.409097 0.310675
vt 0.407118 0.305385
vt 0.407095 0.293487
vt 0.407141 0.317284
vt 0.413391 0.256059
vt 0.413416 0.269344
vt 0.411127 0.265206
vt 0.413442 0.282630
vt 0.413468 0.295916
vt 0.413494 0.309201
vt 0.411226 0.316360
vt 0.409121 0.323002
vt 0.407164 0.329182
vt 0.405338 0.334946
vt 0.405315 0.323448
vt 0.405293 0.311950
vt 0.405271 0.300452
vt 0.407071 0.281589
vt 0.405248 0.288954
vt 0.409026 0.273693
vt 0.424047 0.271915
vt 0.424737 0.284527
vt 0.420995 0.283898
vt 0.420530 0.271064
vt 0.425432 0.297200
vt 0.421461 0.296774
vt 0.417230 0.283266
vt 0.416987 0.270208
vt 0.417473 0.296346
vt 0.426621 0.260445
vt 0.427537 0.272759
vt 0.423359 0.259364
vt 0.428458 0.285151
vt 0.429385 0.297624
vt 0.430319 0.310178
vt 0.426130 0.309935
vt 0.421929 0.309691
vt 0.417717 0.309446
vt 0.416744 0.257171
vt 0.420067 0.258272
vt 0.247206 0.210300
vt 0.250891 0.212201
vt 0.248749 0.214611
vt 0.245095 0.212935
vt 0.254581 0.214104
vt 0.252412 0.216293
vt 0.246641 0.216982
vt 0.243023 0.215523
vt 0.250275 0.218448
vt 0.245640 0.205483
vt 0.249355 0.207616
vt 0.243525 0.208401
vt 0.253070 0.209749
vt 0.256784 0.211881
vt 0.260498 0.214013
vt 0.258276 0.216009
vt 0.256085 0.217978
vt 0.253924 0.219920
vt 0.251792 0.221836
vt 0.248170 0.220572
vt 0.244569 0.219315
vt 0.240987 0.218065
vt 0.239419 0.214069
vt 0.237425 0.216821
vt 0.241452 0.211263
vt 0.336673 0.215513
vt 0.333362 0.219080
vt 0.329283 0.215870
vt 0.332086 0.211821
vt 0.330086 0.222609
vt 0.326518 0.219864
vt 0.325109 0.212586
vt 0.327378 0.208032
vt 0.322879 0.217064
vt 0.344967 0.215981
vt 0.341144 0.219111
vt 0.340019 0.211908
vt 0.337350 0.222217
vt 0.333584 0.225300
vt 0.329848 0.228360
vt 0.326844 0.226101
vt 0.323790 0.223804
vt 0.320685 0.221469
vt 0.317526 0.219093
vt 0.319166 0.214208
vt 0.320838 0.209225
vt 0.322544 0.204141
vt 0.329685 0.203400
vt 0.324284 0.198954
vt 0.334927 0.207716
vt 0.269724 0.180154
vt 0.269734 0.185426
vt 0.261527 0.188774
vt 0.261517 0.183557
vt 0.269744 0.190699
vt 0.261537 0.193991
vt 0.253490 0.192053
vt 0.253480 0.186890
vt 0.253500 0.197216
vt 0.278097 0.171347
vt 0.278108 0.176676
vt 0.269714 0.174881
vt 0.278118 0.182006
vt 0.278128 0.187335
vt 0.278139 0.192664
vt 0.269754 0.195971
vt 0.261547 0.199208
vt 0.253510 0.202378
vt 0.245630 0.200373
vt 0.245620 0.195264
vt 0.245610 0.190155
vt 0.253471 0.181728
vt 0.245600 0.185045
vt 0.261507 0.178340
vt 0.312900 0.181671
vt 0.312910 0.186916
vt 0.301435 0.185297
vt 0.301425 0.180024
vt 0.312920 0.192161
vt 0.301445 0.190570
vt 0.289838 0.183660
vt 0.289828 0.178359
vt 0.289849 0.188961
vt 0.324244 0.178084
vt 0.324254 0.183301
vt 0.312889 0.176426
vt 0.324264 0.188519
vt 0.324274 0.193737
vt 0.312930 0.197407
vt 0.301456 0.195842
vt 0.289859 0.194262
vt 0.289818 0.173058
vt 0.301415 0.174751
vt 0.339990 0.196930
vt 0.340000 0.201923
vt 0.334908 0.197585
vt 0.334898 0.192520
vt 0.340010 0.206915
vt 0.334917 0.202650
vt 0.329665 0.193119
vt 0.329655 0.187979
vt 0.329675 0.198260
vt 0.344929 0.196293
vt 0.344938 0.201215
vt 0.339981 0.191937
vt 0.344948 0.206137
vt 0.344957 0.211059
vt 0.329645 0.182838
vt 0.334888 0.187454
vt 0.242909 0.193139
vt 0.243115 0.198227
vt 0.240657 0.201133
vt 0.240260 0.196066
vt 0.243320 0.203315
vt 0.241055 0.206199
vt 0.238247 0.203985
vt 0.237660 0.198938
vt 0.238833 0.209028
vt 0.242704 0.188049
vt 0.236653 0.211804
vt 0.235881 0.206782
vt 0.235108 0.201757
vt 0.237073 0.193889
vt 0.234335 0.196729
vt 0.239862 0.190997
vt 0.259994 0.506126
vt 0.260303 0.558408
vt 0.257824 0.559154
vt 0.257558 0.507002
vt 0.260612 0.610596
vt 0.258089 0.611232
vt 0.255372 0.559891
vt 0.255150 0.507868
vt 0.255593 0.611862
vt 0.262104 0.452710
vt 0.262458 0.505239
vt 0.259684 0.453749
vt 0.262811 0.557653
vt 0.263163 0.609952
vt 0.263514 0.662136
vt 0.260921 0.662690
vt 0.258354 0.663237
vt 0.255815 0.663779
vt 0.253301 0.664315
vt 0.253124 0.612485
vt 0.252947 0.560621
vt 0.252770 0.508723
vt 0.254929 0.455790
vt 0.252593 0.456793
vt 0.257292 0.454776
vt 0.327309 0.507481
vt 0.327393 0.558519
vt 0.324590 0.557886
vt 0.324467 0.506658
vt 0.327477 0.609565
vt 0.324712 0.609100
vt 0.321747 0.557245
vt 0.321585 0.505823
vt 0.321910 0.608628
vt 0.330063 0.457475
vt 0.330110 0.508293
vt 0.327224 0.456453
vt 0.330158 0.559142
vt 0.330206 0.610024
vt 0.330253 0.660938
vt 0.327561 0.660621
vt 0.324835 0.660299
vt 0.322073 0.659973
vt 0.319275 0.659643
vt 0.319070 0.608150
vt 0.318866 0.556595
vt 0.318661 0.504976
vt 0.321422 0.454363
vt 0.318456 0.453295
vt 0.324345 0.455416
vt 0.272011 0.200292
vt 0.274235 0.204553
vt 0.267098 0.206305
vt 0.264336 0.202774
vt 0.276429 0.208754
vt 0.269835 0.209804
vt 0.260043 0.208037
vt 0.256785 0.205214
vt 0.263287 0.210846
vt 0.279814 0.197770
vt 0.281457 0.202780
vt 0.283070 0.207697
vt 0.284653 0.212522
vt 0.278592 0.212896
vt 0.272546 0.213270
vt 0.266514 0.213642
vt 0.312034 0.202574
vt 0.311157 0.207641
vt 0.301367 0.206038
vt 0.301411 0.200990
vt 0.310296 0.212608
vt 0.301324 0.210989
vt 0.291468 0.204418
vt 0.290671 0.199389
vt 0.292250 0.209353
vt 0.309452 0.217479
vt 0.301282 0.215846
vt 0.293017 0.214194
vt 0.328382 0.666934
vt 0.329202 0.673246
vt 0.326371 0.672719
vt 0.325603 0.666509
vt 0.330022 0.679557
vt 0.327140 0.678931
vt 0.323503 0.672186
vt 0.322788 0.666078
vt 0.324219 0.678296
vt 0.331124 0.667353
vt 0.331994 0.673765
vt 0.332864 0.680175
vt 0.333734 0.686582
vt 0.330841 0.685868
vt 0.327909 0.685143
vt 0.324935 0.684408
vt 0.321918 0.683663
vt 0.321257 0.677652
vt 0.320596 0.671645
vt 0.319935 0.665642
vt 0.311985 0.665192
vt 0.312483 0.671216
vt 0.304295 0.670783
vt 0.303963 0.664738
vt 0.312982 0.677245
vt 0.304628 0.676835
vt 0.296030 0.670346
vt 0.295867 0.664279
vt 0.296194 0.676420
vt 0.311488 0.659173
vt 0.313481 0.683280
vt 0.304961 0.682893
vt 0.296358 0.682503
vt 0.287670 0.682108
vt 0.287679 0.676002
vt 0.287687 0.669905
vt 0.287695 0.663816
vt 0.295703 0.658220
vt 0.287703 0.657737
vt 0.303631 0.658698
vt 0.280573 0.502805
vt 0.280930 0.554943
vt 0.274878 0.555848
vt 0.274523 0.503618
vt 0.281285 0.606954
vt 0.275233 0.607955
vt 0.268839 0.556752
vt 0.268484 0.504430
vt 0.269192 0.608955
vt 0.286279 0.449814
vt 0.286636 0.501990
vt 0.280216 0.450540
vt 0.286993 0.554036
vt 0.287349 0.605951
vt 0.281640 0.658839
vt 0.275587 0.659940
vt 0.269545 0.661039
vt 0.268129 0.451988
vt 0.274166 0.451265
vt 0.310773 0.504241
vt 0.311012 0.555964
vt 0.303083 0.555328
vt 0.302808 0.503498
vt 0.311250 0.607608
vt 0.303357 0.607061
vt 0.295077 0.554685
vt 0.294762 0.502748
vt 0.295390 0.606508
vt 0.310535 0.452438
vt 0.294447 0.450698
vt 0.302532 0.451572
vt 0.312668 0.774589
vt 0.313018 0.784923
vt 0.304720 0.785116
vt 0.304480 0.774862
vt 0.313368 0.795259
vt 0.304959 0.795372
vt 0.296342 0.785310
vt 0.296215 0.775138
vt 0.296469 0.795485
vt 0.320321 0.763904
vt 0.320780 0.774318
vt 0.312318 0.764256
vt 0.321238 0.784733
vt 0.321696 0.795147
vt 0.322154 0.805562
vt 0.313718 0.805596
vt 0.305199 0.805630
vt 0.296597 0.805665
vt 0.287910 0.805700
vt 0.287897 0.795600
vt 0.287885 0.785506
vt 0.287872 0.775417
vt 0.296088 0.764971
vt 0.287860 0.765333
vt 0.304241 0.764612
vt 0.279655 0.776244
vt 0.279554 0.786471
vt 0.271239 0.787434
vt 0.271452 0.777071
vt 0.279454 0.796702
vt 0.271025 0.797802
vt 0.262938 0.788395
vt 0.263263 0.777895
vt 0.262613 0.798899
vt 0.279755 0.766023
vt 0.279353 0.806938
vt 0.270812 0.808174
vt 0.262287 0.809408
vt 0.253779 0.810640
vt 0.254216 0.799995
vt 0.254653 0.789354
vt 0.255090 0.778719
vt 0.263588 0.767400
vt 0.255526 0.768087
vt 0.271665 0.766712
vt 0.258390 0.668964
vt 0.255857 0.675246
vt 0.253209 0.676029
vt 0.255783 0.669630
vt 0.253320 0.681535
vt 0.250633 0.682434
vt 0.250590 0.676804
vt 0.253203 0.670289
vt 0.247975 0.683324
vt 0.261026 0.668291
vt 0.258534 0.674454
vt 0.256038 0.680625
vt 0.253539 0.686805
vt 0.250781 0.687831
vt 0.248054 0.688845
vt 0.245358 0.689847
vt 0.242693 0.690839
vt 0.245347 0.684203
vt 0.247999 0.677571
vt 0.250651 0.670941
vt 0.281010 0.664938
vt 0.280379 0.671045
vt 0.273084 0.672183
vt 0.274336 0.666058
vt 0.279747 0.677161
vt 0.271829 0.678318
vt 0.265802 0.673320
vt 0.267675 0.667175
vt 0.263926 0.679473
vt 0.279114 0.683286
vt 0.270573 0.684461
vt 0.262048 0.685634
vt 0.329385 0.775110
vt 0.329950 0.786372
vt 0.327086 0.785833
vt 0.326555 0.774850
vt 0.330515 0.797628
vt 0.327616 0.796813
vt 0.324182 0.785287
vt 0.323687 0.774586
vt 0.324676 0.795986
vt 0.331579 0.763822
vt 0.332178 0.775367
vt 0.328820 0.763842
vt 0.332777 0.786904
vt 0.333375 0.798433
vt 0.333973 0.809953
vt 0.331079 0.808878
vt 0.328146 0.807788
vt 0.325171 0.806683
vt 0.323192 0.763883
vt 0.326025 0.763863
vt 0.252432 0.779366
vt 0.251962 0.790312
vt 0.249301 0.791259
vt 0.249803 0.780007
vt 0.251492 0.801261
vt 0.248799 0.802513
vt 0.246669 0.792196
vt 0.247203 0.780641
vt 0.246135 0.803751
vt 0.252902 0.768424
vt 0.251022 0.812212
vt 0.248296 0.813767
vt 0.245601 0.815305
vt 0.242936 0.816825
vt 0.243501 0.804975
vt 0.244066 0.793123
vt 0.244631 0.781268
vt 0.247737 0.769086
vt 0.245196 0.769412
vt 0.250306 0.768757
vt 0.823249 0.275218
vt 0.827186 0.275223
vt 0.825413 0.295164
vt 0.821764 0.295161
vt 0.831123 0.275227
vt 0.829063 0.295167
vt 0.823649 0.315010
vt 0.820286 0.315009
vt 0.827012 0.315011
vt 0.819310 0.275214
vt 0.835059 0.275232
vt 0.832711 0.295169
vt 0.830375 0.315012
vt 0.828049 0.334761
vt 0.824971 0.334761
vt 0.821893 0.334761
vt 0.818815 0.334761
vt 0.816922 0.315007
vt 0.815736 0.334761
vt 0.818113 0.295158
vt 0.819673 0.354419
vt 0.822744 0.354417
vt 0.823590 0.373978
vt 0.820526 0.373981
vt 0.825814 0.354416
vt 0.826653 0.373975
vt 0.824432 0.393444
vt 0.821376 0.393448
vt 0.827487 0.393440
vt 0.816601 0.354420
vt 0.828884 0.354414
vt 0.829715 0.373973
vt 0.830543 0.393437
vt 0.818319 0.393452
vt 0.817462 0.373983
vt 0.737713 0.329594
vt 0.736506 0.347465
vt 0.722202 0.355957
vt 0.723643 0.338200
vt 0.735300 0.365326
vt 0.720765 0.373655
vt 0.709133 0.363715
vt 0.710755 0.346085
vt 0.707520 0.381245
vt 0.753134 0.320160
vt 0.738920 0.311712
vt 0.752229 0.338131
vt 0.751322 0.356145
vt 0.750413 0.374203
vt 0.734095 0.383177
vt 0.719333 0.391295
vt 0.705916 0.398674
vt 0.693668 0.405409
vt 0.695400 0.388190
vt 0.697146 0.370831
vt 0.698906 0.353333
vt 0.712387 0.328352
vt 0.700680 0.335693
vt 0.725089 0.320386
vt 0.736168 0.401013
vt 0.738241 0.418837
vt 0.722711 0.426391
vt 0.721025 0.408873
vt 0.740312 0.436648
vt 0.724391 0.443850
vt 0.708667 0.433222
vt 0.707296 0.415998
vt 0.710030 0.450346
vt 0.752957 0.392300
vt 0.755506 0.410439
vt 0.758062 0.428619
vt 0.697012 0.456235
vt 0.695906 0.439429
vt 0.694792 0.422488
vt 0.799830 0.288445
vt 0.798768 0.307776
vt 0.781550 0.319007
vt 0.782526 0.300197
vt 0.797710 0.327056
vt 0.780575 0.337801
vt 0.766126 0.329067
vt 0.767053 0.310707
vt 0.765198 0.347444
vt 0.796653 0.346283
vt 0.779600 0.356580
vt 0.764270 0.365837
vt 0.798056 0.365458
vt 0.799455 0.384579
vt 0.783299 0.394086
vt 0.781450 0.375341
vt 0.800849 0.403648
vt 0.785145 0.412813
vt 0.768723 0.402662
vt 0.766495 0.384242
vt 0.770952 0.421096
vt 0.697869 0.238321
vt 0.697678 0.231589
vt 0.714110 0.234114
vt 0.714239 0.240257
vt 0.697487 0.224857
vt 0.713980 0.227970
vt 0.730360 0.236610
vt 0.730429 0.242172
vt 0.730291 0.231048
vt 0.681570 0.243689
vt 0.681315 0.236363
vt 0.698060 0.245052
vt 0.681061 0.229037
vt 0.680806 0.221709
vt 0.680552 0.214379
vt 0.697295 0.218123
vt 0.713851 0.221825
vt 0.730222 0.225486
vt 0.730498 0.247733
vt 0.714369 0.246400
vt 0.664648 0.268721
vt 0.674741 0.261572
vt 0.687385 0.263644
vt 0.675726 0.271095
vt 0.685827 0.253718
vt 0.700204 0.255452
vt 0.699859 0.265689
vt 0.686645 0.273434
vt 0.714406 0.257164
vt 0.653407 0.266313
vt 0.655421 0.275258
vt 0.661924 0.259471
vt 0.671270 0.251963
vt 0.674588 0.280500
vt 0.665079 0.277899
vt 0.722295 0.308712
vt 0.708652 0.318784
vt 0.691898 0.317152
vt 0.705269 0.305639
vt 0.696179 0.327993
vt 0.679730 0.327629
vt 0.674818 0.315488
vt 0.687826 0.302492
vt 0.663036 0.327260
vt 0.684731 0.336445
vt 0.668609 0.337205
vt 0.652313 0.337973
vt 0.635838 0.338749
vt 0.646089 0.326885
vt 0.657402 0.313791
vt 0.669952 0.299266
vt 0.425347 0.310843
vt 0.424555 0.311763
vt 0.419876 0.311412
vt 0.420909 0.310546
vt 0.423754 0.312693
vt 0.418830 0.312289
vt 0.415178 0.311060
vt 0.416456 0.310248
vt 0.413884 0.311883
vt 0.429771 0.311139
vt 0.429216 0.312112
vt 0.428656 0.313095
vt 0.428089 0.314089
vt 0.422943 0.313634
vt 0.417771 0.313176
vt 0.412573 0.312716
vt 0.407348 0.312254
vt 0.408916 0.311475
vt 0.410463 0.310707
vt 0.411988 0.309949
vt 0.420298 0.331598
vt 0.417234 0.338886
vt 0.412965 0.338628
vt 0.415798 0.331285
vt 0.414424 0.345572
vt 0.410367 0.345361
vt 0.408681 0.338369
vt 0.411281 0.330971
vt 0.406299 0.345149
vt 0.428379 0.323995
vt 0.424780 0.331909
vt 0.423650 0.323620
vt 0.421489 0.339143
vt 0.418469 0.345783
vt 0.415688 0.351898
vt 0.411837 0.351727
vt 0.407977 0.351556
vt 0.404107 0.351384
vt 0.400228 0.351212
vt 0.402218 0.344936
vt 0.404383 0.338110
vt 0.406746 0.330657
vt 0.414129 0.322866
vt 0.409337 0.322486
vt 0.418900 0.323244
vt 0.423121 0.316145
vt 0.423298 0.318646
vt 0.418338 0.318230
vt 0.418055 0.315708
vt 0.423474 0.321138
vt 0.418620 0.320742
vt 0.413354 0.317812
vt 0.412965 0.315270
vt 0.413743 0.320344
vt 0.428162 0.316579
vt 0.428234 0.319060
vt 0.428307 0.321532
vt 0.408843 0.319945
vt 0.408347 0.317392
vt 0.407849 0.314829
vt 0.405164 0.323898
vt 0.405693 0.326156
vt 0.403281 0.334119
vt 0.402730 0.332122
vt 0.406220 0.328409
vt 0.403832 0.336115
vt 0.401080 0.341386
vt 0.400512 0.339615
vt 0.401648 0.343160
vt 0.404635 0.321635
vt 0.399645 0.349627
vt 0.399063 0.348046
vt 0.398483 0.346469
vt 0.399944 0.337846
vt 0.397904 0.344898
vt 0.402178 0.330125
vt 0.462766 0.319561
vt 0.462144 0.321904
vt 0.457368 0.321504
vt 0.457894 0.319142
vt 0.461523 0.324241
vt 0.456843 0.323859
vt 0.452569 0.321101
vt 0.452999 0.318720
vt 0.452141 0.323476
vt 0.468333 0.317650
vt 0.467614 0.319979
vt 0.463390 0.317213
vt 0.466898 0.322303
vt 0.466183 0.324621
vt 0.465470 0.326934
vt 0.460904 0.326572
vt 0.456319 0.326209
vt 0.451713 0.325844
vt 0.447087 0.325477
vt 0.447417 0.323091
vt 0.447748 0.320697
vt 0.448080 0.318296
vt 0.453430 0.316331
vt 0.448412 0.315887
vt 0.458422 0.316773
vt 0.443137 0.317870
vt 0.442904 0.320291
vt 0.438037 0.319882
vt 0.438169 0.317442
vt 0.442672 0.322704
vt 0.437906 0.322315
vt 0.433147 0.319472
vt 0.433178 0.317011
vt 0.433117 0.321924
vt 0.443370 0.315441
vt 0.442441 0.325109
vt 0.437775 0.324739
vt 0.433087 0.324368
vt 0.433208 0.314542
vt 0.438302 0.314993
vt 0.455675 0.334054
vt 0.450877 0.340920
vt 0.446721 0.340668
vt 0.451312 0.333751
vt 0.446459 0.347241
vt 0.442495 0.347035
vt 0.442551 0.340416
vt 0.446933 0.333447
vt 0.438520 0.346828
vt 0.460022 0.334356
vt 0.455020 0.341170
vt 0.450412 0.347447
vt 0.446153 0.353249
vt 0.442378 0.353081
vt 0.438593 0.352913
vt 0.434799 0.352745
vt 0.430996 0.352576
vt 0.434533 0.346620
vt 0.438367 0.340163
vt 0.442536 0.333142
vt 0.438123 0.332835
vt 0.434169 0.339910
vt 0.429956 0.339655
vt 0.433692 0.332528
vt 0.430534 0.346411
vt 0.426524 0.346203
vt 0.425730 0.339400
vt 0.429245 0.332219
vt 0.422503 0.345993
vt 0.427183 0.352407
vt 0.423361 0.352238
vt 0.419529 0.352068
vt 0.459150 0.313435
vt 0.460552 0.314684
vt 0.456281 0.314289
vt 0.455223 0.313063
vt 0.461965 0.315943
vt 0.457347 0.315526
vt 0.451991 0.313893
vt 0.451280 0.312689
vt 0.452707 0.315107
vt 0.461330 0.312544
vt 0.463061 0.313805
vt 0.457759 0.312196
vt 0.464805 0.315077
vt 0.466562 0.316359
vt 0.448045 0.314686
vt 0.447681 0.313495
vt 0.447320 0.312314
vt 0.450576 0.311496
vt 0.446963 0.311144
vt 0.454174 0.311847
vt 0.442955 0.312022
vt 0.443092 0.313151
vt 0.438484 0.312806
vt 0.438574 0.311729
vt 0.443230 0.314291
vt 0.438394 0.313894
vt 0.433859 0.312459
vt 0.434180 0.311435
vt 0.433535 0.313495
vt 0.442819 0.310904
vt 0.434497 0.310420
vt 0.438663 0.310662
vt 0.457498 0.273582
vt 0.457585 0.286431
vt 0.453889 0.286402
vt 0.453747 0.273745
vt 0.457672 0.299302
vt 0.454031 0.299102
vt 0.450191 0.286373
vt 0.450001 0.273908
vt 0.450383 0.298902
vt 0.461229 0.260376
vt 0.461255 0.273418
vt 0.457412 0.260755
vt 0.461280 0.286460
vt 0.461305 0.299502
vt 0.446727 0.298701
vt 0.446492 0.286344
vt 0.446259 0.274071
vt 0.449811 0.261508
vt 0.446028 0.261882
vt 0.453606 0.261132
vt 0.441600 0.273744
vt 0.442003 0.286047
vt 0.437501 0.285749
vt 0.436926 0.273417
vt 0.442410 0.298433
vt 0.438080 0.298164
vt 0.432986 0.285451
vt 0.432239 0.273088
vt 0.433739 0.297895
vt 0.441199 0.261525
vt 0.431496 0.260806
vt 0.436355 0.261166
vt 0.443109 0.252297
vt 0.442472 0.255371
vt 0.435990 0.254878
vt 0.435807 0.251734
vt 0.441836 0.258447
vt 0.436172 0.258022
vt 0.429480 0.254383
vt 0.428471 0.251168
vt 0.430488 0.257596
vt 0.451822 0.249854
vt 0.450376 0.252857
vt 0.443745 0.249223
vt 0.448928 0.255863
vt 0.447479 0.258871
vt 0.424783 0.257167
vt 0.422942 0.253885
vt 0.421099 0.250600
vt 0.427461 0.247951
vt 0.419254 0.247310
vt 0.435624 0.248589
vt 0.458487 0.251435
vt 0.458129 0.254541
vt 0.455051 0.254983
vt 0.455773 0.251911
vt 0.457770 0.257647
vt 0.454328 0.258057
vt 0.451984 0.255424
vt 0.453069 0.252385
vt 0.450898 0.258464
vt 0.461205 0.247818
vt 0.461211 0.250957
vt 0.458845 0.248330
vt 0.461217 0.254097
vt 0.461223 0.257237
vt 0.454154 0.249348
vt 0.456495 0.248840
vt 0.419191 0.249578
vt 0.420582 0.252843
vt 0.418201 0.251792
vt 0.417268 0.248549
vt 0.421971 0.256105
vt 0.419134 0.255033
vt 0.415800 0.250732
vt 0.415328 0.247511
vt 0.416272 0.253951
vt 0.417800 0.246311
vt 0.413384 0.252860
vt 0.413378 0.249662
vt 0.413372 0.246464
vt 0.414856 0.244289
vt 0.413366 0.243265
vt 0.416333 0.245304
vt 0.411109 0.255970
vt 0.411115 0.259048
vt 0.409014 0.267758
vt 0.409009 0.264790
vt 0.411121 0.262127
vt 0.409020 0.270725
vt 0.407060 0.275861
vt 0.407055 0.272996
vt 0.407066 0.278725
vt 0.411103 0.252891
vt 0.405243 0.286186
vt 0.405238 0.283418
vt 0.405232 0.280650
vt 0.407049 0.270132
vt 0.405227 0.277882
vt 0.409003 0.261822
vt 0.411046 0.223762
vt 0.411065 0.233472
vt 0.408967 0.243103
vt 0.408949 0.233744
vt 0.411084 0.243181
vt 0.408985 0.252463
vt 0.407014 0.252065
vt 0.406997 0.243031
vt 0.407032 0.261098
vt 0.413288 0.202917
vt 0.413307 0.213004
vt 0.411028 0.214052
vt 0.413327 0.223091
vt 0.413346 0.233178
vt 0.405210 0.269153
vt 0.405193 0.260423
vt 0.405176 0.251693
vt 0.406979 0.233997
vt 0.405159 0.242963
vt 0.408930 0.224384
vt 0.417742 0.216410
vt 0.417761 0.226377
vt 0.416295 0.225290
vt 0.416275 0.215284
vt 0.417780 0.236344
vt 0.416314 0.235297
vt 0.414817 0.224195
vt 0.414797 0.214148
vt 0.414836 0.234242
vt 0.419177 0.207600
vt 0.419196 0.217527
vt 0.417722 0.206443
vt 0.419216 0.227455
vt 0.419235 0.237383
vt 0.414778 0.204101
vt 0.416256 0.205277
vt 0.458507 0.216313
vt 0.458621 0.227045
vt 0.456257 0.227601
vt 0.456138 0.216892
vt 0.458733 0.237717
vt 0.456377 0.238250
vt 0.453904 0.228154
vt 0.453778 0.217468
vt 0.454029 0.238781
vt 0.460779 0.204916
vt 0.460886 0.215732
vt 0.458393 0.205520
vt 0.460993 0.226487
vt 0.461099 0.237182
vt 0.451691 0.239309
vt 0.451560 0.228705
vt 0.451427 0.218042
vt 0.453651 0.206722
vt 0.451294 0.207320
vt 0.456017 0.206123
vt 0.443383 0.217914
vt 0.443504 0.228394
vt 0.435428 0.228082
vt 0.435330 0.217785
vt 0.443625 0.238830
vt 0.435526 0.238350
vt 0.427332 0.227769
vt 0.427268 0.217656
vt 0.427396 0.237867
vt 0.443262 0.207390
vt 0.427203 0.207530
vt 0.435231 0.207460
vt 0.831424 0.212272
vt 0.833442 0.197846
vt 0.836029 0.197629
vt 0.834040 0.211751
vt 0.835478 0.183289
vt 0.838036 0.183382
vt 0.838616 0.197412
vt 0.836656 0.211229
vt 0.840592 0.183475
vt 0.828806 0.212794
vt 0.830853 0.198063
vt 0.832918 0.183195
vt 0.835003 0.168189
vt 0.837533 0.168598
vt 0.840061 0.169007
vt 0.842586 0.169416
vt 0.845110 0.169824
vt 0.843147 0.183568
vt 0.841201 0.197196
vt 0.839271 0.210708
vt 0.963702 0.069759
vt 0.976256 0.073742
vt 0.985615 0.062812
vt 0.975081 0.058070
vt 0.988620 0.077664
vt 0.995950 0.067465
vt 0.995568 0.051189
vt 0.987231 0.045590
vt 0.997468 0.065353
vt 0.997418 0.052431
vt 0.938434 0.077381
vt 0.953022 0.080729
vt 0.950953 0.065714
vt 0.967439 0.084038
vt 0.981689 0.087309
vt 0.995775 0.090542
vt 0.997459 0.087520
vt 0.997413 0.080454
vt 0.997420 0.068127
vt 0.997484 0.048952
vt 0.997510 0.035031
vt 0.978696 0.039858
vt 0.997415 0.029121
vt 0.994122 0.025481
vt 0.964342 0.053235
vt 0.855938 0.054066
vt 0.869198 0.054344
vt 0.879558 0.044861
vt 0.865887 0.045800
vt 0.882550 0.054624
vt 0.893404 0.043910
vt 0.890482 0.034861
vt 0.876315 0.037135
vt 0.904919 0.032543
vt 0.833530 0.060572
vt 0.846436 0.061960
vt 0.842768 0.053789
vt 0.859360 0.063350
vt 0.872302 0.064741
vt 0.885261 0.066134
vt 0.895995 0.054906
vt 0.907429 0.042947
vt 0.919634 0.030181
vt 0.932688 0.016525
vt 0.917156 0.020463
vt 0.902019 0.024300
vt 0.887260 0.028042
vt 0.862411 0.039367
vt 0.872866 0.031690
vt 0.852387 0.046727
vt 0.909844 0.057630
vt 0.923620 0.060339
vt 0.936006 0.048113
vt 0.921748 0.045535
vt 0.937322 0.063033
vt 0.950204 0.050680
vt 0.949257 0.035035
vt 0.934468 0.032611
vt 0.963999 0.037450
vt 0.898680 0.068973
vt 0.912014 0.071793
vt 0.925266 0.074596
vt 0.978808 0.023248
vt 0.963464 0.021012
vt 0.948091 0.018771
vt 0.811443 0.151565
vt 0.824282 0.155582
vt 0.831689 0.150026
vt 0.818830 0.146054
vt 0.836976 0.159554
vt 0.844409 0.153954
vt 0.839401 0.144241
vt 0.826517 0.140321
vt 0.852152 0.148121
vt 0.791362 0.152756
vt 0.804338 0.156864
vt 0.798456 0.147501
vt 0.817161 0.160923
vt 0.829834 0.164935
vt 0.842359 0.168900
vt 0.849528 0.163481
vt 0.856993 0.157840
vt 0.864771 0.151961
vt 0.872883 0.145830
vt 0.860222 0.142041
vt 0.847436 0.138214
vt 0.834522 0.134350
vt 0.813497 0.136359
vt 0.821479 0.130446
vt 0.805829 0.142040
vt 0.841933 0.128146
vt 0.854805 0.131860
vt 0.862500 0.125224
vt 0.849669 0.121671
vt 0.867554 0.135539
vt 0.875214 0.128746
vt 0.870544 0.118287
vt 0.857753 0.114904
vt 0.883224 0.121642
vt 0.828937 0.124397
vt 0.880183 0.139183
vt 0.887812 0.132236
vt 0.895795 0.124968
vt 0.904155 0.117355
vt 0.891610 0.114205
vt 0.878962 0.111028
vt 0.866209 0.107826
vt 0.844850 0.111490
vt 0.853349 0.104596
vt 0.836720 0.118084
vt 0.873609 0.098970
vt 0.886489 0.102093
vt 0.894477 0.092611
vt 0.881459 0.089578
vt 0.899269 0.105191
vt 0.907400 0.095622
vt 0.902969 0.082531
vt 0.889800 0.079598
vt 0.916048 0.085443
vt 0.860628 0.095823
vt 0.911950 0.108266
vt 0.920229 0.098611
vt 0.929039 0.088337
vt 0.876540 0.076645
vt 0.868345 0.086522
vt 0.771129 0.134716
vt 0.780416 0.139061
vt 0.784986 0.134266
vt 0.774305 0.130283
vt 0.789523 0.143322
vt 0.795492 0.138185
vt 0.789711 0.129309
vt 0.777578 0.125713
vt 0.801683 0.132858
vt 0.759917 0.134231
vt 0.768046 0.139020
vt 0.761657 0.130285
vt 0.775992 0.143701
vt 0.783762 0.148279
vt 0.808107 0.127330
vt 0.794599 0.124182
vt 0.780953 0.121002
vt 0.765281 0.122069
vt 0.767168 0.117789
vt 0.763445 0.126232
vt 0.788705 0.115302
vt 0.802241 0.118362
vt 0.810205 0.112298
vt 0.796775 0.109368
vt 0.815652 0.121394
vt 0.823520 0.115204
vt 0.818510 0.105974
vt 0.805185 0.103184
vt 0.831731 0.108743
vt 0.775040 0.112213
vt 0.840309 0.101994
vt 0.827178 0.099374
vt 0.813956 0.096735
vt 0.791755 0.100373
vt 0.800641 0.094078
vt 0.783229 0.106412
vt 0.821436 0.088727
vt 0.834566 0.091104
vt 0.842368 0.082371
vt 0.829320 0.080286
vt 0.847630 0.093470
vt 0.855376 0.084450
vt 0.850619 0.073134
vt 0.837641 0.071377
vt 0.863585 0.074890
vt 0.808239 0.086337
vt 0.824651 0.069618
vt 0.816232 0.078194
vt 0.861680 0.164889
vt 0.873840 0.166298
vt 0.881768 0.161737
vt 0.869397 0.159791
vt 0.886008 0.167707
vt 0.894105 0.163678
vt 0.889972 0.157018
vt 0.877410 0.154497
vt 0.902457 0.159523
vt 0.854244 0.169802
vt 0.866175 0.170707
vt 0.878153 0.171615
vt 0.890179 0.172528
vt 0.898184 0.169118
vt 0.906410 0.165614
vt 0.914866 0.162013
vt 0.923561 0.158309
vt 0.911076 0.155235
vt 0.898469 0.152130
vt 0.885738 0.148995
vt 0.893144 0.142286
vt 0.905985 0.145360
vt 0.913847 0.138278
vt 0.900888 0.135270
vt 0.918706 0.148406
vt 0.926692 0.141259
vt 0.922080 0.130861
vt 0.908993 0.127927
vt 0.935058 0.133771
vt 0.931310 0.151423
vt 0.939424 0.144214
vt 0.947928 0.136657
vt 0.956851 0.128728
vt 0.943833 0.125918
vt 0.930712 0.123086
vt 0.917486 0.120232
vt 0.925578 0.111236
vt 0.939087 0.114181
vt 0.947968 0.104739
vt 0.934166 0.101690
vt 0.952478 0.117100
vt 0.961637 0.107759
vt 0.957401 0.094711
vt 0.943296 0.091541
vt 0.971356 0.097847
vt 0.965753 0.119994
vt 0.975176 0.110751
vt 0.985165 0.100950
vt 0.102945 0.022868
vt 0.102454 0.010270
vt 0.108114 0.010662
vt 0.108596 0.023249
vt 0.101963 -0.002364
vt 0.107631 -0.001961
vt 0.113764 0.011053
vt 0.114237 0.023629
vt 0.113289 -0.001558
vt 0.097284 0.022486
vt 0.096785 0.009877
vt 0.096285 -0.002768
vt 0.096048 -0.008758
vt 0.101714 -0.008758
vt 0.107370 -0.008758
vt 0.113018 -0.008758
vt 0.118656 -0.008757
vt 0.118938 -0.001157
vt 0.119404 0.011444
vt 0.119869 0.024009
vt 0.130913 0.051736
vt 0.130496 0.040129
vt 0.140073 0.064894
vt 0.140449 0.075679
vt 0.130079 0.028491
vt 0.139696 0.054083
vt 0.148425 0.086492
vt 0.148768 0.096563
vt 0.148082 0.076398
vt 0.120198 -0.009066
vt 0.129660 0.016823
vt 0.139318 0.043245
vt 0.147738 0.066281
vt 0.155143 0.086541
vt 0.155459 0.096028
vt 0.155773 0.105494
vt 0.156087 0.114940
vt 0.022423 0.021639
vt 0.022762 0.012648
vt 0.047597 0.011719
vt 0.047539 0.021924
vt 0.023103 0.003632
vt 0.047656 0.001485
vt 0.072271 0.010795
vt 0.072493 0.022206
vt 0.072049 -0.000649
vt 0.023444 -0.005410
vt 0.047535 -0.008754
vt 0.047714 -0.008754
vt 0.071892 -0.008757
vt 0.072713 0.033584
vt 0.047481 0.032099
vt 0.022084 0.030605
vt 0.140335 0.142282
vt 0.138705 0.158517
vt 0.123222 0.159474
vt 0.125390 0.143100
vt 0.137170 0.173806
vt 0.121184 0.174871
vt 0.107744 0.160430
vt 0.110428 0.143920
vt 0.105225 0.175934
vt 0.155263 0.141465
vt 0.154192 0.157561
vt 0.153183 0.172739
vt 0.152229 0.187077
vt 0.135721 0.188228
vt 0.119263 0.189375
vt 0.102854 0.190519
vt 0.022068 0.113053
vt 0.022073 0.089422
vt 0.047579 0.088686
vt 0.047619 0.111481
vt 0.022078 0.062230
vt 0.047534 0.062498
vt 0.073016 0.087952
vt 0.073139 0.109911
vt 0.072876 0.062765
vt 0.627679 0.259554
vt 0.641145 0.254453
vt 0.648138 0.256142
vt 0.636366 0.261836
vt 0.655770 0.248913
vt 0.660968 0.249936
vt 0.655065 0.257814
vt 0.644941 0.264089
vt 0.666135 0.250953
vt 0.671710 0.242874
vt 0.675004 0.243146
vt 0.678291 0.243418
vt 0.671635 0.235240
vt 0.671560 0.227605
vt 0.674734 0.228083
vt 0.674869 0.235615
vt 0.671485 0.219970
vt 0.674598 0.220551
vt 0.677901 0.228560
vt 0.678096 0.235990
vt 0.677706 0.221130
vt 0.671409 0.212335
vt 0.674463 0.213018
vt 0.677511 0.213699
vt 0.660848 0.297315
vt 0.648564 0.312346
vt 0.639639 0.310886
vt 0.651629 0.295339
vt 0.637518 0.325863
vt 0.628882 0.324834
vt 0.630624 0.309412
vt 0.642294 0.293338
vt 0.620180 0.323796
vt 0.627531 0.338084
vt 0.619179 0.337416
vt 0.610780 0.336744
vt 0.671403 0.209017
vt 0.671397 0.205699
vt 0.674450 0.206389
vt 0.674457 0.209703
vt 0.671390 0.202382
vt 0.674444 0.203075
vt 0.677498 0.207077
vt 0.677504 0.210388
vt 0.677491 0.203766
vt 0.668343 0.208329
vt 0.668337 0.205008
vt 0.668330 0.201687
vt 0.668324 0.198366
vt 0.671384 0.199064
vt 0.674437 0.199760
vt 0.677485 0.200455
vt 0.680526 0.201149
vt 0.680532 0.204457
vt 0.680539 0.207764
vt 0.680545 0.211072
vt 0.618836 0.235276
vt 0.618834 0.234540
vt 0.634030 0.225475
vt 0.634033 0.227004
vt 0.618833 0.233805
vt 0.634027 0.223945
vt 0.650477 0.215663
vt 0.650482 0.218051
vt 0.650473 0.213274
vt 0.604752 0.242942
vt 0.604752 0.242942
vt 0.618832 0.233069
vt 0.634025 0.222416
vt 0.650468 0.210886
vt 0.671522 0.144983
vt 0.671661 0.090910
vt 0.674228 0.091589
vt 0.674332 0.145674
vt 0.671800 0.036847
vt 0.674123 0.037503
vt 0.676789 0.092266
vt 0.677137 0.146365
vt 0.676442 0.038158
vt 0.668707 0.144289
vt 0.669091 0.090230
vt 0.669474 0.036189
vt 0.669793 -0.008727
vt 0.671917 -0.008728
vt 0.674033 -0.008729
vt 0.676140 -0.008729
vt 0.678239 -0.008729
vt 0.678757 0.038812
vt 0.679347 0.092942
vt 0.679937 0.147054
vt 0.570959 0.242448
vt 0.569424 0.194678
vt 0.571277 0.193250
vt 0.572979 0.240105
vt 0.567888 0.146911
vt 0.569575 0.146392
vt 0.573127 0.191823
vt 0.574996 0.237766
vt 0.571259 0.145872
vt 0.570306 0.293487
vt 0.568937 0.244794
vt 0.572495 0.290220
vt 0.567568 0.196109
vt 0.566200 0.147432
vt 0.564832 0.098763
vt 0.566353 0.099147
vt 0.567872 0.099531
vt 0.569390 0.099915
vt 0.570907 0.100298
vt 0.572942 0.145354
vt 0.574976 0.190398
vt 0.577010 0.235429
vt 0.576863 0.283701
vt 0.579043 0.280448
vt 0.574681 0.286958
vt 0.858395 0.006016
vt 0.858380 -0.001457
vt 0.870811 -0.008798
vt 0.874564 -0.008751
vt 0.874574 -0.003310
vt 0.858366 -0.008746
vt 0.884144 -0.008827
vt 0.843143 0.014808
vt 0.858409 0.013490
vt 0.843129 0.007549
vt 0.843114 0.000289
vt 0.858073 -0.008754
vt 0.843100 -0.006970
vt 0.846043 -0.008790
vt 0.851473 -0.008819
vt 0.891784 -0.005280
vt 0.891778 -0.008751
vt 0.898087 -0.008824
vt 0.874590 0.004390
vt 0.789107 0.092440
vt 0.789093 0.085466
vt 0.805441 0.061892
vt 0.805455 0.068953
vt 0.789080 0.078492
vt 0.805428 0.054832
vt 0.823373 0.036036
vt 0.823387 0.043191
vt 0.823359 0.028881
vt 0.774141 0.113942
vt 0.774127 0.107047
vt 0.774114 0.100151
vt 0.774101 0.093256
vt 0.789066 0.071518
vt 0.805414 0.047771
vt 0.823345 0.021726
vt 0.888933 0.030678
vt 0.909103 0.016986
vt 0.942101 0.029029
vt 0.917632 0.046838
vt 0.930924 0.002174
vt 0.969029 0.009430
vt 0.973683 0.040554
vt 0.944665 0.062060
vt 0.997345 0.014822
vt 0.997794 0.022684
vt 0.947232 -0.008897
vt 0.994215 -0.008900
vt 0.997599 -0.008985
vt 0.997321 0.049181
vt 0.966785 0.131417
vt 0.954915 0.139952
vt 0.938409 0.136698
vt 0.952147 0.126014
vt 0.943540 0.148132
vt 0.925360 0.146846
vt 0.921664 0.133396
vt 0.937160 0.120482
vt 0.907077 0.145553
vt 0.981085 0.136696
vt 0.971187 0.143160
vt 0.961618 0.149410
vt 0.952362 0.155456
vt 0.932630 0.155977
vt 0.912950 0.156497
vt 0.893322 0.157016
vt 0.981595 0.171633
vt 0.982114 0.207140
vt 0.970776 0.214058
vt 0.970983 0.178371
vt 0.982641 0.243229
vt 0.970566 0.250232
vt 0.959873 0.220712
vt 0.960750 0.184868
vt 0.958986 0.256948
vt 0.992608 0.164641
vt 0.993913 0.199940
vt 0.995242 0.235920
vt 0.996598 0.272603
vt 0.983176 0.279916
vt 0.970353 0.286902
vt 0.958089 0.293585
vt 0.946347 0.299982
vt 0.947870 0.263395
vt 0.949380 0.227115
vt 0.950877 0.191136
vt 0.987312 0.307052
vt 0.991560 0.334930
vt 0.978670 0.341194
vt 0.974455 0.313682
vt 0.995926 0.363580
vt 0.983002 0.369470
vt 0.966341 0.347186
vt 0.962159 0.320022
vt 0.970639 0.375104
vt 0.997433 0.278117
vt 0.997482 0.301808
vt 0.997438 0.373507
vt 0.997476 0.394283
vt 0.958801 0.380499
vt 0.954535 0.352922
vt 0.950386 0.326093
vt 0.782988 0.055020
vt 0.781908 0.031153
vt 0.778476 0.033536
vt 0.779611 0.058606
vt 0.780827 0.007286
vt 0.777341 0.008464
vt 0.775044 0.035918
vt 0.776234 0.062192
vt 0.773854 0.009643
vt 0.787391 0.074096
vt 0.786365 0.051434
vt 0.784069 0.078885
vt 0.785339 0.028771
vt 0.784312 0.006108
vt 0.783640 -0.008742
vt 0.780101 -0.008742
vt 0.776562 -0.008742
vt 0.773022 -0.008742
vt 0.769481 -0.008742
vt 0.770367 0.010822
vt 0.771612 0.038301
vt 0.772856 0.065779
vt 0.777424 0.088465
vt 0.780746 0.083675
vt 0.309723 0.276372
vt 0.309994 0.335163
vt 0.301909 0.333957
vt 0.301596 0.274964
vt 0.310265 0.393851
vt 0.302221 0.392827
vt 0.293734 0.332738
vt 0.293376 0.273539
vt 0.294091 0.391791
vt 0.317759 0.277765
vt 0.317992 0.336356
vt 0.318224 0.394866
vt 0.285874 0.390744
vt 0.285468 0.331505
vt 0.285061 0.272099
vt 0.278999 0.272553
vt 0.279406 0.332046
vt 0.273358 0.332585
vt 0.272952 0.273007
vt 0.279812 0.391374
vt 0.273763 0.392004
vt 0.267324 0.333123
vt 0.266920 0.273459
vt 0.267727 0.392632
vt 0.261704 0.393259
vt 0.261303 0.333659
vt 0.260901 0.273911
vt 0.326939 0.283671
vt 0.327034 0.341254
vt 0.324068 0.339647
vt 0.323929 0.281735
vt 0.327129 0.398848
vt 0.324206 0.397540
vt 0.321054 0.338014
vt 0.320869 0.279766
vt 0.321238 0.396213
vt 0.329901 0.285577
vt 0.329955 0.342836
vt 0.330009 0.400135
vt 0.258629 0.275627
vt 0.258981 0.335122
vt 0.256689 0.336566
vt 0.256387 0.277320
vt 0.259333 0.394496
vt 0.256991 0.395718
vt 0.254427 0.337992
vt 0.254175 0.278990
vt 0.254678 0.396925
vt 0.252393 0.398118
vt 0.252193 0.339400
vt 0.251992 0.280639
vt 0.332615 0.509426
vt 0.335120 0.510560
vt 0.335170 0.561405
vt 0.332664 0.560274
vt 0.337625 0.511694
vt 0.337675 0.562537
vt 0.335219 0.612283
vt 0.332712 0.611153
vt 0.337725 0.613412
vt 0.332567 0.458611
vt 0.335071 0.459747
vt 0.337575 0.460883
vt 0.340078 0.462018
vt 0.340129 0.512827
vt 0.340180 0.563668
vt 0.340231 0.614541
vt 0.340282 0.665446
vt 0.337775 0.664319
vt 0.335268 0.663192
vt 0.332761 0.662065
vt 0.250787 0.690644
vt 0.250792 0.693457
vt 0.248065 0.694353
vt 0.248060 0.691599
vt 0.250797 0.696270
vt 0.248070 0.697107
vt 0.245369 0.695239
vt 0.245364 0.692543
vt 0.245374 0.697934
vt 0.253545 0.689678
vt 0.253550 0.692551
vt 0.253556 0.695424
vt 0.253561 0.698297
vt 0.250803 0.699083
vt 0.248076 0.699861
vt 0.245379 0.700629
vt 0.242713 0.701390
vt 0.242708 0.698752
vt 0.242703 0.696114
vt 0.242698 0.693477
vt 0.330846 0.688510
vt 0.330852 0.691153
vt 0.327919 0.690550
vt 0.327914 0.687847
vt 0.330857 0.693796
vt 0.327924 0.693254
vt 0.324945 0.689939
vt 0.324940 0.687174
vt 0.324951 0.692705
vt 0.333739 0.689165
vt 0.333744 0.691748
vt 0.333749 0.694331
vt 0.333754 0.696914
vt 0.330862 0.696439
vt 0.327929 0.695958
vt 0.324956 0.695470
vt 0.321940 0.694975
vt 0.321935 0.692147
vt 0.321929 0.689319
vt 0.321924 0.686491
vt 0.279119 0.686250
vt 0.279125 0.689213
vt 0.270584 0.690328
vt 0.270579 0.687394
vt 0.279131 0.692177
vt 0.270590 0.693261
vt 0.262059 0.691440
vt 0.262054 0.688537
vt 0.262065 0.694344
vt 0.287676 0.685102
vt 0.287682 0.688097
vt 0.287688 0.691091
vt 0.287694 0.694085
vt 0.279137 0.695141
vt 0.270596 0.696195
vt 0.262071 0.697247
vt 0.313487 0.686149
vt 0.313492 0.689018
vt 0.304973 0.688714
vt 0.304967 0.685803
vt 0.313498 0.691887
vt 0.304978 0.691624
vt 0.296370 0.688407
vt 0.296364 0.685455
vt 0.296375 0.691359
vt 0.313503 0.694756
vt 0.304984 0.694535
vt 0.296381 0.694311
vt 0.253369 0.714935
vt 0.252531 0.718180
vt 0.249916 0.718533
vt 0.250812 0.715343
vt 0.251692 0.721427
vt 0.249020 0.721723
vt 0.247330 0.718882
vt 0.248281 0.715748
vt 0.246378 0.722017
vt 0.256734 0.711222
vt 0.255954 0.714521
vt 0.254208 0.711691
vt 0.255174 0.717823
vt 0.254393 0.721127
vt 0.253612 0.724433
vt 0.250852 0.724675
vt 0.248124 0.724914
vt 0.245427 0.725151
vt 0.242759 0.725385
vt 0.243765 0.722307
vt 0.244771 0.719228
vt 0.245777 0.716148
vt 0.249233 0.712613
vt 0.246784 0.713068
vt 0.251708 0.712154
vt 0.328086 0.711558
vt 0.329028 0.714535
vt 0.326213 0.714477
vt 0.325330 0.711436
vt 0.329969 0.717510
vt 0.327095 0.717517
vt 0.323361 0.714418
vt 0.322538 0.711312
vt 0.324183 0.717524
vt 0.329807 0.708761
vt 0.330807 0.711679
vt 0.327144 0.708578
vt 0.331805 0.714593
vt 0.332803 0.717504
vt 0.333799 0.720411
vt 0.330908 0.720482
vt 0.327977 0.720555
vt 0.325005 0.720628
vt 0.321990 0.720703
vt 0.321230 0.717531
vt 0.320470 0.714358
vt 0.319710 0.711186
vt 0.321716 0.708204
vt 0.318950 0.708014
vt 0.324447 0.708392
vt 0.279790 0.712068
vt 0.279590 0.715410
vt 0.271437 0.716216
vt 0.271831 0.712887
vt 0.279390 0.718755
vt 0.271042 0.719547
vt 0.263298 0.717020
vt 0.263886 0.713705
vt 0.262710 0.720338
vt 0.287769 0.707895
vt 0.287764 0.711248
vt 0.279991 0.708729
vt 0.287758 0.714603
vt 0.287752 0.717962
vt 0.287746 0.721324
vt 0.279189 0.722103
vt 0.270647 0.722881
vt 0.262122 0.723658
vt 0.264473 0.710392
vt 0.272225 0.709561
vt 0.311832 0.711201
vt 0.312405 0.714419
vt 0.304266 0.714480
vt 0.303882 0.711217
vt 0.312980 0.717637
vt 0.304651 0.717744
vt 0.296051 0.714541
vt 0.295860 0.711232
vt 0.296242 0.717853
vt 0.311258 0.707985
vt 0.313554 0.720856
vt 0.305035 0.721010
vt 0.296433 0.721166
vt 0.295669 0.707925
vt 0.303498 0.707955
vt 0.312942 0.698064
vt 0.312380 0.701372
vt 0.304241 0.701248
vt 0.304612 0.697892
vt 0.311819 0.704678
vt 0.303869 0.704602
vt 0.296025 0.701122
vt 0.296203 0.697718
vt 0.295847 0.704525
vt 0.321193 0.698235
vt 0.320445 0.701495
vt 0.319697 0.704754
vt 0.287750 0.704447
vt 0.287732 0.700996
vt 0.287713 0.697542
vt 0.279350 0.698542
vt 0.279564 0.701941
vt 0.271411 0.702883
vt 0.271004 0.699541
vt 0.279777 0.705336
vt 0.271818 0.706224
vt 0.263273 0.703825
vt 0.262672 0.700537
vt 0.263873 0.707110
vt 0.255942 0.707994
vt 0.255149 0.704764
vt 0.254355 0.701532
vt 0.329934 0.699470
vt 0.329005 0.702503
vt 0.326189 0.702171
vt 0.327060 0.699064
vt 0.328075 0.705539
vt 0.325319 0.705281
vt 0.323336 0.701835
vt 0.324146 0.698652
vt 0.322526 0.705019
vt 0.332769 0.699870
vt 0.331783 0.702830
vt 0.330795 0.705794
vt 0.251655 0.702237
vt 0.252506 0.705390
vt 0.249892 0.706009
vt 0.248984 0.702935
vt 0.253357 0.708541
vt 0.250800 0.709082
vt 0.247306 0.706621
vt 0.246343 0.703625
vt 0.248270 0.709617
vt 0.245766 0.710147
vt 0.244748 0.707227
vt 0.243730 0.704308
vt 0.331086 0.812370
vt 0.331093 0.815862
vt 0.328162 0.815915
vt 0.328154 0.811852
vt 0.331100 0.819354
vt 0.328169 0.819979
vt 0.325189 0.815969
vt 0.325180 0.811326
vt 0.325198 0.820612
vt 0.333978 0.812881
vt 0.333984 0.815810
vt 0.333990 0.818738
vt 0.333995 0.821666
vt 0.331107 0.822846
vt 0.328177 0.824042
vt 0.325207 0.825256
vt 0.322195 0.826486
vt 0.322185 0.821255
vt 0.322175 0.816024
vt 0.322164 0.810793
vt 0.313728 0.811101
vt 0.313739 0.816605
vt 0.305221 0.817192
vt 0.305210 0.811411
vt 0.313750 0.822110
vt 0.305232 0.822973
vt 0.296620 0.817784
vt 0.296608 0.811725
vt 0.296632 0.823844
vt 0.313760 0.827614
vt 0.305244 0.828753
vt 0.296643 0.829904
vt 0.287959 0.831065
vt 0.287946 0.824724
vt 0.287934 0.818383
vt 0.287922 0.812041
vt 0.279365 0.813022
vt 0.279377 0.819106
vt 0.270835 0.819828
vt 0.270824 0.814001
vt 0.279388 0.825190
vt 0.270846 0.825655
vt 0.262309 0.820548
vt 0.262298 0.814978
vt 0.262320 0.826119
vt 0.279400 0.831274
vt 0.270857 0.831481
vt 0.262331 0.831689
vt 0.253820 0.831896
vt 0.253809 0.826582
vt 0.253799 0.821268
vt 0.253789 0.815954
vt 0.251031 0.816936
vt 0.251040 0.821659
vt 0.248312 0.822046
vt 0.248304 0.817906
vt 0.251049 0.826382
vt 0.248320 0.826185
vt 0.245615 0.822428
vt 0.245608 0.818866
vt 0.245622 0.825989
vt 0.251058 0.831105
vt 0.248328 0.830324
vt 0.245629 0.829551
vt 0.242959 0.828787
vt 0.242954 0.825796
vt 0.242948 0.822806
vt 0.242942 0.819816
vt 0.251365 0.735616
vt 0.251877 0.746555
vt 0.249215 0.746838
vt 0.248670 0.735877
vt 0.252390 0.757491
vt 0.249760 0.757798
vt 0.246582 0.747118
vt 0.246004 0.736134
vt 0.247160 0.758102
vt 0.254091 0.735353
vt 0.254569 0.746269
vt 0.255048 0.757180
vt 0.244587 0.758402
vt 0.243978 0.747394
vt 0.243368 0.736389
vt 0.330387 0.731313
vt 0.329865 0.742151
vt 0.327001 0.742201
vt 0.327489 0.731376
vt 0.329342 0.752993
vt 0.326513 0.753030
vt 0.324098 0.742252
vt 0.324552 0.731439
vt 0.323645 0.753066
vt 0.333245 0.731252
vt 0.332690 0.742101
vt 0.332135 0.752958
vt 0.320738 0.753104
vt 0.321156 0.742303
vt 0.321573 0.731503
vt 0.279331 0.733091
vt 0.279472 0.744074
vt 0.271156 0.744807
vt 0.270902 0.733847
vt 0.279614 0.755051
vt 0.271410 0.755762
vt 0.262855 0.745539
vt 0.262489 0.734601
vt 0.263222 0.756472
vt 0.287775 0.732335
vt 0.287803 0.743340
vt 0.287832 0.754339
vt 0.313245 0.731708
vt 0.312936 0.742559
vt 0.304638 0.742817
vt 0.304836 0.731915
vt 0.312627 0.753408
vt 0.304439 0.753716
vt 0.296261 0.743077
vt 0.296347 0.732124
vt 0.296174 0.754026
vt 0.007476 0.874191
vt 0.002590 0.874244
vt 0.002591 0.654347
vt 0.007052 0.654318
vt 0.002592 0.434455
vt 0.006627 0.434447
vt 0.002593 0.422637
vt 0.002594 0.214568
vt 0.006202 0.214576
vt 0.081050 0.434291
vt 0.080626 0.214752
vt 0.081475 0.653832
vt 0.081899 0.873374
vt 0.007736 1.008717
vt 0.002589 1.008717
vt 0.002556 0.029456
vt 0.002557 0.021415
vt 0.997494 0.401414
vt 0.997485 0.408618
vt 0.997686 0.161231
vt 0.997447 0.415898
vt 0.002559 0.013405
vt 0.002560 0.005429
vt 0.002562 -0.002512
vt 0.002576 0.114253
vt 0.002564 0.062024
vt 0.997635 0.197505
vt 0.082160 1.008718
vt 0.997568 0.234451
vt 0.997483 0.272067
vt 0.997501 0.332043
vt 0.997455 0.362883
vt 0.002570 0.089985
s 0
f 1175/124/4 1176/125/4 1179/126/4 1178/127/4
f 1176/125/5 1177/128/5 1180/129/5 1179/126/5
f 1178/127/6 1179/126/6 1182/130/6 1181/131/6
f 1179/126/7 1180/129/7 1183/132/7 1182/130/7
f 251/133/8 922/134/8 1175/124/8 909/135/8
f 922/134/9 923/136/9 1176/125/9 1175/124/9
f 923/136/10 924/137/10 1177/128/10 1176/125/10
f 924/137/11 250/138/11 311/139/11 1177/128/11
f 1177/128/12 311/139/12 312/140/12 1180/129/12
f 1180/129/13 312/140/13 313/141/13 1183/132/13
f 1183/132/14 313/141/14 126/142/14 302/143/14
f 1182/130/15 1183/132/15 302/143/15 303/144/15
f 1181/131/16 1182/130/16 303/144/16 304/145/16
f 907/146/17 1181/131/17 304/145/17 127/147/17
f 908/148/18 1178/127/18 1181/131/18 907/146/18
f 909/135/19 1175/124/19 1178/127/19 908/148/19
f 1184/149/20 1185/150/20 1188/151/20 1187/152/20
f 1185/150/21 1186/153/21 1189/154/21 1188/151/21
f 1187/152/22 1188/151/22 1191/155/22 1190/156/22
f 1188/151/23 1189/154/23 1192/157/23 1191/155/23
f 194/158/24 633/159/24 1184/149/24 305/160/24
f 633/159/25 634/161/25 1185/150/25 1184/149/25
f 634/161/26 635/162/26 1186/153/26 1185/150/26
f 635/162/27 196/163/27 314/164/27 1186/153/27
f 1186/153/28 314/164/28 315/165/28 1189/154/28
f 1189/154/29 315/165/29 316/166/29 1192/157/29
f 1192/157/30 316/166/30 131/167/30 322/168/30
f 1191/155/31 1192/157/31 322/168/31 321/169/31
f 1190/156/32 1191/155/32 321/169/32 320/170/32
f 307/171/33 1190/156/33 320/170/33 129/172/33
f 306/173/34 1187/152/34 1190/156/34 307/171/34
f 305/160/35 1184/149/35 1187/152/35 306/173/35
f 1193/174/36 1194/175/36 1197/176/36 1196/177/36
f 1194/175/37 1195/178/37 1198/179/37 1197/176/37
f 1196/177/38 1197/176/38 1200/180/38 1199/181/38
f 1197/176/39 1198/179/39 1201/182/39 1200/180/39
f 188/183/40 584/184/40 1193/174/40 617/185/40
f 584/184/41 583/186/41 1194/175/41 1193/174/41
f 583/186/42 582/187/42 1195/178/42 1194/175/42
f 582/187/43 134/188/43 328/189/43 1195/178/43
f 1195/178/44 328/189/44 327/190/44 1198/179/44
f 1198/179/45 327/190/45 326/191/45 1201/182/45
f 1201/182/46 326/191/46 133/192/46 331/193/46
f 1200/180/47 1201/182/47 331/193/47 330/194/47
f 1199/181/48 1200/180/48 330/194/48 329/195/48
f 615/196/49 1199/181/49 329/195/49 187/197/49
f 616/198/50 1196/177/50 1199/181/50 615/196/50
f 617/185/51 1193/174/51 1196/177/51 616/198/51
f 1202/199/52 1203/200/52 1206/201/52 1205/202/52
f 1203/200/53 1204/203/53 1207/204/53 1206/201/53
f 1205/202/54 1206/201/54 1209/205/54 1208/206/54
f 1206/201/55 1207/204/55 1210/207/55 1209/205/55
f 187/197/56 329/195/56 1202/199/56 611/208/56
f 329/195/57 330/194/57 1203/200/57 1202/199/57
f 330/194/58 331/193/58 1204/203/58 1203/200/58
f 331/193/59 133/192/59 323/209/59 1204/203/59
f 1204/203/60 323/209/60 324/210/60 1207/204/60
f 1207/204/61 324/210/61 325/211/61 1210/207/61
f 1210/207/62 325/211/62 132/212/62 337/213/62
f 1209/205/63 1210/207/63 337/213/63 336/214/63
f 1208/206/64 1209/205/64 336/214/64 335/215/64
f 609/216/65 1208/206/65 335/215/65 191/217/65
f 610/218/66 1205/202/66 1208/206/66 609/216/66
f 611/208/67 1202/199/67 1205/202/67 610/218/67
f 1211/219/68 1212/220/68 1215/221/68 1214/222/68
f 1212/220/69 1213/223/69 1216/224/69 1215/221/69
f 1214/222/70 1215/221/70 1218/225/70 1217/226/70
f 1215/221/71 1216/224/71 1219/227/71 1218/225/71
f 263/228/72 974/229/72 1211/219/72 969/230/72
f 974/229/73 975/231/73 1212/220/73 1211/219/73
f 975/231/74 976/232/74 1213/223/74 1212/220/74
f 976/232/75 264/233/75 347/234/75 1213/223/75
f 1213/223/76 347/234/76 348/235/76 1216/224/76
f 1216/224/77 348/235/77 349/236/77 1219/227/77
f 1219/227/78 349/236/78 135/237/78 338/238/78
f 1218/225/79 1219/227/79 338/238/79 339/239/79
f 1217/226/80 1218/225/80 339/239/80 340/240/80
f 967/241/81 1217/226/81 340/240/81 136/242/81
f 968/243/82 1214/222/82 1217/226/82 967/241/82
f 969/230/83 1211/219/83 1214/222/83 968/243/83
f 1220/244/84 2300/245/84 2299/246/84
f 263/228/85 973/247/85 1220/244/85 341/248/85
f 973/247/86 2294/249/86 2300/245/86 1220/244/86
f 343/250/87 2306/251/87 2305/252/87 138/253/87
f 342/254/88 2307/255/88 2306/251/88 343/250/88
f 341/248/89 1220/244/89 2299/246/89 2307/255/89 342/254/89
f 1221/256/90 1222/257/90 1225/258/90 1224/259/90
f 1222/257/91 1223/260/91 1226/261/91 1225/258/91
f 1223/260/92 2317/262/92 2318/263/92 353/264/92 1226/261/92
f 1226/261/93 353/264/93 139/265/93 986/266/93
f 1225/258/94 1226/261/94 986/266/94 987/267/94
f 1224/259/95 1225/258/95 987/267/95 988/268/95
f 989/269/96 1224/259/96 988/268/96 267/270/96
f 990/271/97 1221/256/97 1224/259/97 989/269/97
f 1227/272/98 1228/273/98 1231/274/98 1230/275/98
f 1228/273/99 1229/276/99 1232/277/99 1231/274/99
f 1230/275/100 1231/274/100 1234/278/100 1233/279/100
f 1231/274/101 1232/277/101 1235/280/101 1234/278/101
f 247/281/102 901/282/102 1227/272/102 887/283/102
f 901/282/103 902/284/103 1228/273/103 1227/272/103
f 902/284/104 903/285/104 1229/276/104 1228/273/104
f 903/285/105 248/286/105 363/287/105 1229/276/105
f 1229/276/106 363/287/106 364/288/106 1232/277/106
f 1232/277/107 364/288/107 365/289/107 1235/280/107
f 1235/280/108 365/289/108 140/290/108 357/291/108
f 1234/278/109 1235/280/109 357/291/109 358/292/109
f 1233/279/110 1234/278/110 358/292/110 359/293/110
f 885/294/111 1233/279/111 359/293/111 141/295/111
f 886/296/112 1230/275/112 1233/279/112 885/294/112
f 887/283/113 1227/272/113 1230/275/113 886/296/113
f 1236/297/114 1237/298/114 1240/299/114 1239/300/114
f 1237/298/115 1238/301/115 1241/302/115 1240/299/115
f 1239/300/116 1240/299/116 1243/303/116 1242/304/116
f 1240/299/117 1241/302/117 1244/305/117 1243/303/117
f 247/281/118 898/306/118 1236/297/118 360/307/118
f 898/306/119 899/308/119 1237/298/119 1236/297/119
f 899/308/120 900/309/120 1238/301/120 1237/298/120
f 900/309/121 249/310/121 366/311/121 1238/301/121
f 1238/301/122 366/311/122 367/312/122 1241/302/122
f 1241/302/123 367/312/123 368/313/123 1244/305/123
f 1244/305/124 368/313/124 2335/314/124 2334/315/124
f 1243/303/125 1244/305/125 2334/315/125 2333/316/125
f 1242/304/126 1243/303/126 2333/316/126 2332/317/126
f 362/318/127 1242/304/127 2332/317/127 2331/319/127
f 361/320/128 1239/300/128 1242/304/128 362/318/128
f 360/307/129 1236/297/129 1239/300/129 361/320/129
f 1245/321/130 1246/322/130 1249/323/130 1248/324/130
f 1246/322/130 1247/325/130 1250/326/130 1249/323/130
f 1248/324/130 1249/323/130 1252/327/130 1251/328/130
f 1249/323/130 1250/326/130 1253/329/130 1252/327/130
f 127/147/130 383/330/130 1245/321/130 319/331/130
f 383/330/130 382/332/130 1246/322/130 1245/321/130
f 382/332/130 381/333/130 1247/325/130 1246/322/130
f 381/333/130 144/334/130 380/335/130 1247/325/130
f 1247/325/130 380/335/130 379/336/130 1250/326/130
f 1250/326/130 379/336/130 378/337/130 1253/329/130
f 1253/329/130 378/337/130 145/338/130 386/339/130
f 1252/327/130 1253/329/130 386/339/130 385/340/130
f 1251/328/130 1252/327/130 385/340/130 384/341/130
f 317/342/130 1251/328/130 384/341/130 130/343/130
f 318/344/130 1248/324/130 1251/328/130 317/342/130
f 319/331/130 1245/321/130 1248/324/130 318/344/130
f 1254/345/131 1255/346/131 1258/347/131 1257/348/131
f 1255/346/132 1256/349/132 1259/350/132 1258/347/132
f 1257/348/133 1258/347/133 1261/351/133 1260/352/133
f 1258/347/134 1259/350/134 1262/353/134 1261/351/134
f 196/163/135 630/354/135 1254/345/135 314/164/135
f 630/354/136 631/355/136 1255/346/136 1254/345/136
f 631/355/137 632/356/137 1256/349/137 1255/346/137
f 632/356/138 197/357/138 375/358/138 1256/349/138
f 1256/349/139 375/358/139 376/359/139 1259/350/139
f 1259/350/140 376/359/140 377/360/140 1262/353/140
f 1262/353/141 377/360/141 146/361/141 389/362/141
f 1261/351/142 1262/353/142 389/362/142 388/363/142
f 1260/352/143 1261/351/143 388/363/143 387/364/143
f 316/166/144 1260/352/144 387/364/144 131/167/144
f 315/165/145 1257/348/145 1260/352/145 316/166/145
f 314/164/146 1254/345/146 1257/348/146 315/165/146
f 1263/365/147 1264/366/147 1267/367/147 1266/368/147
f 1264/366/147 1265/369/147 1268/370/147 1267/367/147
f 1266/368/147 1267/367/147 1270/371/147 1269/372/147
f 1267/367/147 1268/370/147 1271/373/147 1270/371/147
f 126/142/147 392/374/147 1263/365/147 302/143/147
f 392/374/147 391/375/147 1264/366/147 1263/365/147
f 391/375/147 390/376/147 1265/369/147 1264/366/147
f 390/376/147 143/377/147 372/378/147 1265/369/147
f 1265/369/147 372/378/147 373/379/147 1268/370/147
f 1268/370/147 373/379/147 374/380/147 1271/373/147
f 1271/373/147 374/380/147 144/334/147 381/333/147
f 1270/371/147 1271/373/147 381/333/147 382/332/147
f 1269/372/147 1270/371/147 382/332/147 383/330/147
f 304/145/147 1269/372/147 383/330/147 127/147/147
f 303/144/147 1266/368/147 1269/372/147 304/145/147
f 302/143/147 1263/365/147 1266/368/147 303/144/147
f 1272/381/148 1273/382/148 1276/383/148 1275/384/148
f 1273/382/148 1274/385/148 1277/386/148 1276/383/148
f 1275/384/148 1276/383/148 1279/387/148 1278/388/148
f 1276/383/148 1277/386/148 1280/389/148 1279/387/148
f 146/361/148 404/390/148 1272/381/148 389/362/148
f 404/390/148 403/391/148 1273/382/148 1272/381/148
f 403/391/148 402/392/148 1274/385/148 1273/382/148
f 402/392/148 149/393/148 398/394/148 1274/385/148
f 1274/385/148 398/394/148 397/395/148 1277/386/148
f 1277/386/148 397/395/148 396/396/148 1280/389/148
f 1280/389/148 396/396/148 147/397/148 401/398/148
f 1279/387/148 1280/389/148 401/398/148 400/399/148
f 1278/388/148 1279/387/148 400/399/148 399/400/148
f 387/364/148 1278/388/148 399/400/148 131/167/148
f 388/363/148 1275/384/148 1278/388/148 387/364/148
f 389/362/148 1272/381/148 1275/384/148 388/363/148
f 1281/401/149 1282/402/149 1285/403/149 1284/404/149
f 1282/402/149 1283/405/149 1286/406/149 1285/403/149
f 1284/404/150 1285/403/150 1288/407/150 1287/408/150
f 1285/403/149 1286/406/149 1289/409/149 1288/407/149
f 188/183/149 603/410/149 1281/401/149 584/184/149
f 603/410/150 604/411/150 1282/402/150 1281/401/150
f 604/411/149 605/412/149 1283/405/149 1282/402/149
f 605/412/149 192/413/149 596/414/149 1283/405/149
f 1283/405/149 596/414/149 595/415/149 1286/406/149
f 1286/406/149 595/415/149 594/416/149 1289/409/149
f 1289/409/149 594/416/149 148/417/149 407/418/149
f 1288/407/149 1289/409/149 407/418/149 406/419/149
f 1287/408/149 1288/407/149 406/419/149 405/420/149
f 582/187/149 1287/408/149 405/420/149 134/188/149
f 583/186/149 1284/404/149 1287/408/149 582/187/149
f 584/184/149 1281/401/149 1284/404/149 583/186/149
f 1290/421/151 1291/422/151 1294/423/151 1293/424/151
f 1291/422/151 1292/425/151 1295/426/151 1294/423/151
f 1293/424/151 1294/423/151 1297/427/151 1296/428/151
f 1294/423/151 1295/426/151 1298/429/151 1297/427/151
f 217/430/151 734/431/151 1290/421/151 752/432/151
f 734/431/151 733/433/151 1291/422/151 1290/421/151
f 733/433/151 732/434/151 1292/425/151 1291/422/151
f 732/434/151 154/435/151 416/436/151 1292/425/151
f 1292/425/151 416/436/151 415/437/151 1295/426/151
f 1295/426/151 415/437/151 414/438/151 1298/429/151
f 1298/429/151 414/438/151 153/439/151 425/440/151
f 1297/427/151 1298/429/151 425/440/151 424/441/151
f 1296/428/151 1297/427/151 424/441/151 423/442/151
f 750/443/151 1296/428/151 423/442/151 216/444/151
f 751/445/151 1293/424/151 1296/428/151 750/443/151
f 752/432/151 1290/421/151 1293/424/151 751/445/151
f 1299/446/152 1300/447/152 1303/448/152 1302/449/152
f 1300/447/153 1301/450/153 1304/451/153 1303/448/153
f 1302/449/154 1303/448/154 1306/452/154 1305/453/154
f 1303/448/155 1304/451/155 1307/454/155 1306/452/155
f 219/455/156 723/456/156 1299/446/156 749/457/156
f 723/456/157 724/458/157 1300/447/157 1299/446/157
f 724/458/158 725/459/158 1301/450/158 1300/447/158
f 725/459/159 207/460/159 680/461/159 1301/450/159
f 1301/450/160 680/461/160 679/462/160 1304/451/160
f 1304/451/161 679/462/161 678/463/161 1307/454/161
f 1307/454/162 678/463/162 154/435/162 732/434/162
f 1306/452/163 1307/454/163 732/434/163 733/433/163
f 1305/453/164 1306/452/164 733/433/164 734/431/164
f 747/464/165 1305/453/165 734/431/165 217/430/165
f 748/465/166 1302/449/166 1305/453/166 747/464/166
f 749/457/167 1299/446/167 1302/449/167 748/465/167
f 1308/466/168 1309/467/168 1312/468/168 1311/469/168
f 1309/467/169 1310/470/169 1313/471/169 1312/468/169
f 1311/469/170 1312/468/170 1315/472/170 1314/473/170
f 1312/468/171 1313/471/171 1316/474/171 1315/472/171
f 161/475/172 500/476/172 1308/466/172 443/477/172
f 500/476/173 499/478/173 1309/467/173 1308/466/173
f 499/478/174 498/479/174 1310/470/174 1309/467/174
f 498/479/175 166/480/175 479/481/175 1310/470/175
f 1310/470/176 479/481/176 478/482/176 1313/471/176
f 1313/471/177 478/482/177 477/483/177 1316/474/177
f 1316/474/178 477/483/178 168/484/178 453/485/178
f 1315/472/179 1316/474/179 453/485/179 454/486/179
f 1314/473/180 1315/472/180 454/486/180 455/487/180
f 441/488/181 1314/473/181 455/487/181 163/489/181
f 442/490/182 1311/469/182 1314/473/182 441/488/182
f 443/477/183 1308/466/183 1311/469/183 442/490/183
f 1317/491/184 1318/492/184 1321/493/184 1320/494/184
f 1318/492/185 1319/495/185 1322/496/185 1321/493/185
f 1320/494/186 1321/493/186 1324/497/186 1323/498/186
f 1321/493/187 1322/496/187 1325/499/187 1324/497/187
f 165/500/188 458/501/188 1317/491/188 452/502/188
f 458/501/189 457/503/189 1318/492/189 1317/491/189
f 457/503/190 456/504/190 1319/495/190 1318/492/190
f 456/504/191 170/505/191 488/506/191 1319/495/191
f 1319/495/192 488/506/192 487/507/192 1322/496/192
f 1322/496/193 487/507/193 486/508/193 1325/499/193
f 1325/499/194 486/508/194 167/509/194 461/510/194
f 1324/497/195 1325/499/195 461/510/195 460/511/195
f 1323/498/196 1324/497/196 460/511/196 459/512/196
f 450/513/197 1323/498/197 459/512/197 162/514/197
f 451/515/198 1320/494/198 1323/498/198 450/513/198
f 452/502/199 1317/491/199 1320/494/199 451/515/199
f 1326/516/200 1327/517/200 1330/518/200 1329/519/200
f 1327/517/200 1328/520/200 1331/521/200 1330/518/200
f 1329/519/200 1330/518/200 1333/522/200 1332/523/200
f 1330/518/200 1331/521/200 1334/524/200 1333/522/200
f 159/525/200 467/526/200 1326/516/200 437/527/200
f 467/526/200 466/528/200 1327/517/200 1326/516/200
f 466/528/200 465/529/200 1328/520/200 1327/517/200
f 465/529/200 164/530/200 449/531/200 1328/520/200
f 1328/520/200 449/531/200 448/532/200 1331/521/200
f 1331/521/200 448/532/200 447/533/200 1334/524/200
f 1334/524/200 447/533/200 161/475/200 464/534/200
f 1333/522/200 1334/524/200 464/534/200 463/535/200
f 1332/523/200 1333/522/200 463/535/200 462/536/200
f 435/537/200 1332/523/200 462/536/200 156/538/200
f 436/539/200 1329/519/200 1332/523/200 435/537/200
f 437/527/200 1326/516/200 1329/519/200 436/539/200
f 1335/540/201 1336/541/201 1339/542/201 1338/543/201
f 1336/541/201 1337/544/201 1340/545/201 1339/542/201
f 1338/543/201 1339/542/201 1342/546/201 1341/547/201
f 1339/542/201 1340/545/201 1343/548/201 1342/546/201
f 157/549/201 470/550/201 1335/540/201 434/551/201
f 470/550/201 469/552/201 1336/541/201 1335/540/201
f 469/552/201 468/553/201 1337/544/201 1336/541/201
f 468/553/201 162/514/201 446/554/201 1337/544/201
f 1337/544/201 446/554/201 445/555/201 1340/545/201
f 1340/545/201 445/555/201 444/556/201 1343/548/201
f 1343/548/201 444/556/201 164/530/201 465/529/201
f 1342/546/201 1343/548/201 465/529/201 466/528/201
f 1341/547/201 1342/546/201 466/528/201 467/526/201
f 432/557/201 1341/547/201 467/526/201 159/525/201
f 433/558/201 1338/543/201 1341/547/201 432/557/201
f 434/551/201 1335/540/201 1338/543/201 433/558/201
f 1344/559/202 1345/560/202 1348/561/202 1347/562/202
f 1345/560/202 1346/563/202 1349/564/202 1348/561/202
f 1347/562/202 1348/561/202 1351/565/202 1350/566/202
f 1348/561/202 1349/564/202 1352/567/202 1351/565/202
f 160/568/202 473/569/202 1344/559/202 440/570/202
f 473/569/202 472/571/202 1345/560/202 1344/559/202
f 472/571/202 471/572/202 1346/563/202 1345/560/202
f 471/572/202 165/500/202 452/502/202 1346/563/202
f 1346/563/202 452/502/202 451/515/202 1349/564/202
f 1349/564/202 451/515/202 450/513/202 1352/567/202
f 1352/567/202 450/513/202 162/514/202 468/553/202
f 1351/565/202 1352/567/202 468/553/202 469/552/202
f 1350/566/202 1351/565/202 469/552/202 470/550/202
f 438/573/202 1350/566/202 470/550/202 157/549/202
f 439/574/202 1347/562/202 1350/566/202 438/573/202
f 440/570/202 1344/559/202 1347/562/202 439/574/202
f 1353/575/203 1354/576/203 1357/577/203 1356/578/203
f 1354/576/204 1355/579/204 1358/580/204 1357/577/204
f 1356/578/205 1357/577/205 1360/581/205 1359/582/205
f 1357/577/206 1358/580/206 1361/583/206 1360/581/206
f 156/538/207 462/536/207 1353/575/207 431/584/207
f 462/536/208 463/535/208 1354/576/208 1353/575/208
f 463/535/209 464/534/209 1355/579/209 1354/576/209
f 464/534/210 161/475/210 443/477/210 1355/579/210
f 1355/579/211 443/477/211 442/490/211 1358/580/211
f 1358/580/212 442/490/212 441/488/212 1361/583/212
f 1361/583/213 441/488/213 163/489/213 474/585/213
f 1360/581/214 1361/583/214 474/585/214 475/586/214
f 1359/582/215 1360/581/215 475/586/215 476/587/215
f 429/588/216 1359/582/216 476/587/216 158/589/216
f 430/590/217 1356/578/217 1359/582/217 429/588/217
f 431/584/218 1353/575/218 1356/578/218 430/590/218
f 1362/591/219 1363/592/219 1366/593/219 1365/594/219
f 1363/592/220 1364/595/220 1367/596/220 1366/593/220
f 1365/594/221 1366/593/221 1369/597/221 1368/598/221
f 1366/593/222 1367/596/222 1370/599/222 1369/597/222
f 272/600/223 1011/601/223 1362/591/223 1026/602/223
f 1011/601/224 1010/603/224 1363/592/224 1362/591/224
f 1010/603/225 1009/604/225 1364/595/225 1363/592/225
f 1009/604/226 171/605/226 506/606/226 1364/595/226
f 1364/595/227 506/606/227 505/607/227 1367/596/227
f 1367/596/228 505/607/228 504/608/228 1370/599/228
f 1370/599/229 504/608/229 173/609/229 1000/610/229
f 1369/597/230 1370/599/230 1000/610/230 1001/611/230
f 1368/598/231 1369/597/231 1001/611/231 1002/612/231
f 1024/613/232 1368/598/232 1002/612/232 269/614/232
f 1025/615/233 1365/594/233 1368/598/233 1024/613/233
f 1026/602/234 1362/591/234 1365/594/234 1025/615/234
f 1371/616/235 1372/617/235 1375/618/235 1374/619/235
f 1372/617/236 1373/620/236 1376/621/236 1375/618/236
f 1374/619/237 1375/618/237 1378/622/237 1377/623/237
f 1375/618/238 1376/621/238 1379/624/238 1378/622/238
f 270/625/239 1005/626/239 1371/616/239 1023/627/239
f 1005/626/240 1004/628/240 1372/617/240 1371/616/240
f 1004/628/241 1003/629/241 1373/620/241 1372/617/241
f 1003/629/242 175/630/242 515/631/242 1373/620/242
f 1373/620/243 515/631/243 514/632/243 1376/621/243
f 1376/621/244 514/632/244 513/633/244 1379/624/244
f 1379/624/245 513/633/245 172/634/245 497/635/245
f 1378/622/246 1379/624/246 497/635/246 496/636/246
f 1377/623/247 1378/622/247 496/636/247 495/637/247
f 1021/638/248 1377/623/248 495/637/248 271/639/248
f 1022/640/249 1374/619/249 1377/623/249 1021/638/249
f 1023/627/250 1371/616/250 1374/619/250 1022/640/250
f 1380/641/251 1381/642/251 1384/643/251 1383/644/251
f 1381/642/252 1382/645/252 1385/646/252 1384/643/252
f 1383/644/253 1384/643/253 1387/647/253 1386/648/253
f 1384/643/254 1385/646/254 1388/649/254 1387/647/254
f 164/530/255 503/650/255 1380/641/255 449/531/255
f 503/650/256 502/651/256 1381/642/256 1380/641/256
f 502/651/257 501/652/257 1382/645/257 1381/642/257
f 501/652/258 169/653/258 485/654/258 1382/645/258
f 1382/645/259 485/654/259 484/655/259 1385/646/259
f 1385/646/260 484/655/260 483/656/260 1388/649/260
f 1388/649/261 483/656/261 166/480/261 498/479/261
f 1387/647/262 1388/649/262 498/479/262 499/478/262
f 1386/648/263 1387/647/263 499/478/263 500/476/263
f 447/533/264 1386/648/264 500/476/264 161/475/264
f 448/532/265 1383/644/265 1386/648/265 447/533/265
f 449/531/266 1380/641/266 1383/644/266 448/532/266
f 1389/657/267 1390/658/267 1393/659/267 1392/660/267
f 1390/658/268 1391/661/268 1394/662/268 1393/659/268
f 1392/660/269 1393/659/269 1396/663/269 1395/664/269
f 1393/659/270 1394/662/270 1397/665/270 1396/663/270
f 162/514/271 459/512/271 1389/657/271 446/554/271
f 459/512/272 460/511/272 1390/658/272 1389/657/272
f 460/511/273 461/510/273 1391/661/273 1390/658/273
f 461/510/274 167/509/274 482/666/274 1391/661/274
f 1391/661/275 482/666/275 481/667/275 1394/662/275
f 1394/662/276 481/667/276 480/668/276 1397/665/276
f 1397/665/277 480/668/277 169/653/277 501/652/277
f 1396/663/278 1397/665/278 501/652/278 502/651/278
f 1395/664/279 1396/663/279 502/651/279 503/650/279
f 444/556/280 1395/664/280 503/650/280 164/530/280
f 445/555/281 1392/660/281 1395/664/281 444/556/281
f 446/554/282 1389/657/282 1392/660/282 445/555/282
f 1398/669/283 1399/670/283 1402/671/283 1401/672/283
f 1399/670/284 1400/673/284 1403/674/284 1402/671/284
f 1401/672/285 1402/671/285 1405/675/285 1404/676/285
f 1402/671/286 1403/674/286 1406/677/286 1405/675/286
f 175/630/287 548/678/287 1398/669/287 515/631/287
f 548/678/288 547/679/288 1399/670/288 1398/669/288
f 547/679/289 546/680/289 1400/673/289 1399/670/289
f 546/680/290 180/681/290 539/682/290 1400/673/290
f 1400/673/291 539/682/291 538/683/291 1403/674/291
f 1403/674/292 538/683/292 537/684/292 1406/677/292
f 1406/677/293 537/684/293 177/685/293 516/686/293
f 1405/675/294 1406/677/294 516/686/294 517/687/294
f 1404/676/295 1405/675/295 517/687/295 518/688/295
f 513/633/296 1404/676/296 518/688/296 172/634/296
f 514/632/297 1401/672/297 1404/676/297 513/633/297
f 515/631/298 1398/669/298 1401/672/298 514/632/298
f 1407/689/299 1408/690/299 1411/691/299 1410/692/299
f 1408/690/300 1409/693/300 1412/694/300 1411/691/300
f 1410/692/301 1411/691/301 1414/695/301 1413/696/301
f 1411/691/300 1412/694/300 1415/697/300 1414/695/300
f 172/634/302 518/688/302 1407/689/302 509/698/302
f 518/688/302 517/687/302 1408/690/302 1407/689/302
f 517/687/303 516/686/303 1409/693/303 1408/690/303
f 516/686/304 177/685/304 533/699/304 1409/693/304
f 1409/693/300 533/699/300 532/700/300 1412/694/300
f 1412/694/300 532/700/300 531/701/300 1415/697/300
f 1415/697/305 531/701/305 179/702/305 521/703/305
f 1414/695/305 1415/697/305 521/703/305 520/704/305
f 1413/696/306 1414/695/306 520/704/306 519/705/306
f 507/706/307 1413/696/307 519/705/307 174/707/307
f 508/708/299 1410/692/299 1413/696/299 507/706/299
f 509/698/299 1407/689/299 1410/692/299 508/708/299
f 1416/709/308 1417/710/308 1420/711/308 1419/712/308
f 1417/710/309 1418/713/309 1421/714/309 1420/711/309
f 1419/712/310 1420/711/310 1423/715/310 1422/716/310
f 1420/711/311 1421/714/311 1424/717/311 1423/715/311
f 273/718/312 1014/719/312 1416/709/312 1020/720/312
f 1014/719/313 1013/721/313 1417/710/313 1416/709/313
f 1013/721/314 1012/722/314 1418/713/314 1417/710/314
f 1012/722/315 174/707/315 512/723/315 1418/713/315
f 1418/713/316 512/723/316 511/724/316 1421/714/316
f 1421/714/317 511/724/317 510/725/317 1424/717/317
f 1424/717/318 510/725/318 171/605/318 1009/604/318
f 1423/715/319 1424/717/319 1009/604/319 1010/603/319
f 1422/716/320 1423/715/320 1010/603/320 1011/601/320
f 1018/726/321 1422/716/321 1011/601/321 272/600/321
f 1019/727/322 1419/712/322 1422/716/322 1018/726/322
f 1020/720/323 1416/709/323 1419/712/323 1019/727/323
f 1425/728/324 1426/729/324 1429/730/324 1428/731/324
f 1426/729/325 1427/732/325 1430/733/325 1429/730/325
f 1428/731/326 1429/730/326 1432/734/326 1431/735/326
f 1429/730/327 1430/733/327 1433/736/327 1432/734/327
f 271/639/328 495/637/328 1425/728/328 1017/737/328
f 495/637/329 496/636/329 1426/729/329 1425/728/329
f 496/636/330 497/635/330 1427/732/330 1426/729/330
f 497/635/331 172/634/331 509/698/331 1427/732/331
f 1427/732/332 509/698/332 508/708/332 1430/733/332
f 1430/733/333 508/708/333 507/706/333 1433/736/333
f 1433/736/334 507/706/334 174/707/334 1012/722/334
f 1432/734/335 1433/736/335 1012/722/335 1013/721/335
f 1431/735/336 1432/734/336 1013/721/336 1014/719/336
f 1015/738/337 1431/735/337 1014/719/337 273/718/337
f 1016/739/338 1428/731/338 1431/735/338 1015/738/338
f 1017/737/339 1425/728/339 1428/731/339 1016/739/339
f 1434/740/340 1435/741/340 1438/742/340 1437/743/340
f 1435/741/341 1436/744/341 1439/745/341 1438/742/341
f 1437/743/342 1438/742/342 1441/746/342 1440/747/342
f 1438/742/343 1439/745/343 1442/748/343 1441/746/343
f 298/749/344 1152/750/344 1434/740/344 1170/751/344
f 1152/750/345 1151/752/345 1435/741/345 1434/740/345
f 1151/752/346 1150/753/346 1436/744/346 1435/741/346
f 1150/753/347 182/754/347 560/755/347 1436/744/347
f 1436/744/348 560/755/348 559/756/348 1439/745/348
f 1439/745/349 559/756/349 558/757/349 1442/748/349
f 1442/748/350 558/757/350 184/758/350 1147/759/350
f 1441/746/351 1442/748/351 1147/759/351 1148/760/351
f 1440/747/352 1441/746/352 1148/760/352 1149/761/352
f 1168/762/353 1440/747/353 1149/761/353 297/763/353
f 1169/764/354 1437/743/354 1440/747/354 1168/762/354
f 1170/751/355 1434/740/355 1437/743/355 1169/764/355
f 1443/765/356 1444/766/356 1447/767/356 1446/768/356
f 1444/766/357 1445/769/357 1448/770/357 1447/767/357
f 1446/768/358 1447/767/358 1450/771/358 1449/772/358
f 1447/767/359 1448/770/359 1451/773/359 1450/771/359
f 297/763/360 1149/761/360 1443/765/360 1167/774/360
f 1149/761/361 1148/760/361 1444/766/361 1443/765/361
f 1148/760/362 1147/759/362 1445/769/362 1444/766/362
f 1147/759/363 184/758/363 563/775/363 1445/769/363
f 1445/769/364 563/775/364 562/776/364 1448/770/364
f 1448/770/365 562/776/365 561/777/365 1451/773/365
f 1451/773/366 561/777/366 181/778/366 545/779/366
f 1450/771/367 1451/773/367 545/779/367 544/780/367
f 1449/772/368 1450/771/368 544/780/368 543/781/368
f 1165/782/369 1449/772/369 543/781/369 296/783/369
f 1166/784/370 1446/768/370 1449/772/370 1165/782/370
f 1167/774/371 1443/765/371 1446/768/371 1166/784/371
f 1452/785/372 1453/786/372 1456/787/372 1455/788/372
f 1453/786/373 1454/789/373 1457/790/373 1456/787/373
f 1455/788/374 1456/787/374 1459/791/374 1458/792/374
f 1456/787/375 1457/790/375 1460/793/375 1459/791/375
f 171/605/376 554/794/376 1452/785/376 506/606/376
f 554/794/377 553/795/377 1453/786/377 1452/785/377
f 553/795/378 552/796/378 1454/789/378 1453/786/378
f 552/796/379 176/797/379 530/798/379 1454/789/379
f 1454/789/380 530/798/380 529/799/380 1457/790/380
f 1457/790/381 529/799/381 528/800/381 1460/793/381
f 1460/793/382 528/800/382 178/801/382 549/802/382
f 1459/791/383 1460/793/383 549/802/383 550/803/383
f 1458/792/384 1459/791/384 550/803/384 551/804/384
f 504/608/385 1458/792/385 551/804/385 173/609/385
f 505/607/386 1455/788/386 1458/792/386 504/608/386
f 506/606/387 1452/785/387 1455/788/387 505/607/387
f 1461/805/388 1462/806/388 1465/807/388 1464/808/388
f 1462/806/389 1463/809/389 1466/810/389 1465/807/389
f 1464/808/390 1465/807/390 1468/811/390 1467/812/390
f 1465/807/391 1466/810/391 1469/813/391 1468/811/391
f 174/707/392 519/705/392 1461/805/392 512/723/392
f 519/705/393 520/704/393 1462/806/393 1461/805/393
f 520/704/394 521/703/394 1463/809/394 1462/806/394
f 521/703/395 179/702/395 536/814/395 1463/809/395
f 1463/809/396 536/814/396 535/815/396 1466/810/396
f 1466/810/397 535/815/397 534/816/397 1469/813/397
f 1469/813/398 534/816/398 176/797/398 552/796/398
f 1468/811/399 1469/813/399 552/796/399 553/795/399
f 1467/812/400 1468/811/400 553/795/400 554/794/400
f 510/725/401 1467/812/401 554/794/401 171/605/401
f 511/724/402 1464/808/402 1467/812/402 510/725/402
f 512/723/403 1461/805/403 1464/808/403 511/724/403
f 1470/817/404 1471/818/404 1474/819/404 1473/820/404
f 1471/818/405 1472/821/405 1475/822/405 1474/819/405
f 1473/820/406 1474/819/406 1477/823/406 1476/824/406
f 1474/819/407 1475/822/407 1478/825/407 1477/823/407
f 299/826/408 1155/827/408 1470/817/408 1164/828/408
f 1155/827/409 1154/829/409 1471/818/409 1470/817/409
f 1154/829/410 1153/830/410 1472/821/410 1471/818/410
f 1153/830/411 185/831/411 566/832/411 1472/821/411
f 1472/821/412 566/832/412 565/833/412 1475/822/412
f 1475/822/413 565/833/413 564/834/413 1478/825/413
f 1478/825/414 564/834/414 182/754/414 1150/753/414
f 1477/823/415 1478/825/415 1150/753/415 1151/752/415
f 1476/824/416 1477/823/416 1151/752/416 1152/750/416
f 1162/835/417 1476/824/417 1152/750/417 298/749/417
f 1163/836/418 1473/820/418 1476/824/418 1162/835/418
f 1164/828/419 1470/817/419 1473/820/419 1163/836/419
f 1479/837/420 1480/838/420 1483/839/420 1482/840/420
f 1480/838/421 1481/841/421 1484/842/421 1483/839/421
f 1482/840/422 1483/839/422 1486/843/422 1485/844/422
f 1483/839/423 1484/842/423 1487/845/423 1486/843/423
f 296/783/424 543/781/424 1479/837/424 1161/846/424
f 543/781/425 544/780/425 1480/838/425 1479/837/425
f 544/780/426 545/779/426 1481/841/426 1480/838/426
f 545/779/427 181/778/427 557/847/427 1481/841/427
f 1481/841/428 557/847/428 556/848/428 1484/842/428
f 1484/842/429 556/848/429 555/849/429 1487/845/429
f 1487/845/430 555/849/430 183/850/430 1156/851/430
f 1486/843/431 1487/845/431 1156/851/431 1157/852/431
f 1485/844/432 1486/843/432 1157/852/432 1158/853/432
f 1159/854/433 1485/844/433 1158/853/433 300/855/433
f 1160/856/434 1482/840/434 1485/844/434 1159/854/434
f 1161/846/435 1479/837/435 1482/840/435 1160/856/435
f 1488/857/149 1489/858/149 1492/859/149 1491/860/149
f 1489/858/149 1490/861/149 1493/862/149 1492/859/149
f 1491/860/149 1492/859/149 1495/863/149 1494/864/149
f 1492/859/149 1493/862/149 1496/865/149 1495/863/149
f 131/167/149 399/400/149 1488/857/149 334/866/149
f 399/400/149 400/399/149 1489/858/149 1488/857/149
f 400/399/149 401/398/149 1490/861/149 1489/858/149
f 401/398/149 147/397/149 395/867/149 1490/861/149
f 1490/861/149 395/867/149 394/868/149 1493/862/149
f 1493/862/149 394/868/149 393/869/149 1496/865/149
f 1496/865/149 393/869/149 193/870/149 602/871/149
f 1495/863/149 1496/865/149 602/871/149 601/872/149
f 1494/864/149 1495/863/149 601/872/149 600/873/149
f 332/874/149 1494/864/149 600/873/149 189/875/149
f 333/876/149 1491/860/149 1494/864/149 332/874/149
f 334/866/149 1488/857/149 1491/860/149 333/876/149
f 1497/877/149 1498/878/149 1501/879/149 1500/880/149
f 1498/878/149 1499/881/149 1502/882/149 1501/879/149
f 1500/880/149 1501/879/149 1504/883/149 1503/884/149
f 1501/879/149 1502/882/149 1505/885/149 1504/883/149
f 189/875/149 600/873/149 1497/877/149 587/886/149
f 600/873/149 601/872/149 1498/878/149 1497/877/149
f 601/872/149 602/871/149 1499/881/149 1498/878/149
f 602/871/149 193/870/149 599/887/149 1499/881/149
f 1499/881/149 599/887/149 598/888/149 1502/882/149
f 1502/882/149 598/888/149 597/889/149 1505/885/149
f 1505/885/149 597/889/149 192/413/149 605/412/149
f 1504/883/149 1505/885/149 605/412/149 604/411/149
f 1503/884/149 1504/883/149 604/411/149 603/410/149
f 585/890/149 1503/884/149 603/410/149 188/183/149
f 586/891/149 1500/880/149 1503/884/149 585/890/149
f 587/886/149 1497/877/149 1500/880/149 586/891/149
f 1506/892/436 1507/893/436 1510/894/436 1509/895/436
f 1507/893/437 1508/896/437 1511/897/437 1510/894/437
f 1509/895/438 1510/894/438 1513/898/438 1512/899/438
f 1510/894/439 1511/897/439 1514/900/439 1513/898/439
f 129/172/440 576/901/440 1506/892/440 308/902/440
f 576/901/441 577/903/441 1507/893/441 1506/892/441
f 577/903/442 578/904/442 1508/896/442 1507/893/442
f 578/904/443 186/905/443 608/906/443 1508/896/443
f 1508/896/444 608/906/444 607/907/444 1511/897/444
f 1511/897/445 607/907/445 606/908/445 1514/900/445
f 1514/900/446 606/908/446 190/909/446 590/910/446
f 1513/898/447 1514/900/447 590/910/447 589/911/447
f 1512/899/448 1513/898/448 589/911/448 588/912/448
f 310/913/449 1512/899/449 588/912/449 128/914/449
f 309/915/450 1509/895/450 1512/899/450 310/913/450
f 308/902/451 1506/892/451 1509/895/451 309/915/451
f 1515/916/452 1516/917/452 1519/918/452 1518/919/452
f 1516/917/453 1517/920/453 1520/921/453 1519/918/453
f 1518/919/454 1519/918/454 1522/922/454 1521/923/454
f 1519/918/455 1520/921/455 1523/924/455 1522/922/455
f 186/905/456 579/925/456 1515/916/456 608/906/456
f 579/925/457 580/926/457 1516/917/457 1515/916/457
f 580/926/458 581/927/458 1517/920/458 1516/917/458
f 581/927/459 187/197/459 611/208/459 1517/920/459
f 1517/920/460 611/208/460 610/218/460 1520/921/460
f 1520/921/461 610/218/461 609/216/461 1523/924/461
f 1523/924/462 609/216/462 191/217/462 593/928/462
f 1522/922/463 1523/924/463 593/928/463 592/929/463
f 1521/923/464 1522/922/464 592/929/464 591/930/464
f 606/908/465 1521/923/465 591/930/465 190/909/465
f 607/907/466 1518/919/466 1521/923/466 606/908/466
f 608/906/467 1515/916/467 1518/919/467 607/907/467
f 1524/931/468 1525/932/468 1528/933/468 1527/934/468
f 1525/932/469 1526/935/469 1529/936/469 1528/933/469
f 1527/934/470 1528/933/470 1531/937/470 1530/938/470
f 1528/933/471 1529/936/471 1532/939/471 1531/937/471
f 131/167/472 334/866/472 1524/931/472 322/168/472
f 334/866/473 333/876/473 1525/932/473 1524/931/473
f 333/876/474 332/874/474 1526/935/474 1525/932/474
f 332/874/475 189/875/475 614/940/475 1526/935/475
f 1526/935/476 614/940/476 613/941/476 1529/936/476
f 1529/936/477 613/941/477 612/942/477 1532/939/477
f 1532/939/478 612/942/478 186/905/478 578/904/478
f 1531/937/479 1532/939/479 578/904/479 577/903/479
f 1530/938/480 1531/937/480 577/903/480 576/901/480
f 320/170/481 1530/938/481 576/901/481 129/172/481
f 321/169/482 1527/934/482 1530/938/482 320/170/482
f 322/168/483 1524/931/483 1527/934/483 321/169/483
f 1533/943/484 1534/944/484 1537/945/484 1536/946/484
f 1534/944/485 1535/947/485 1538/948/485 1537/945/485
f 1536/946/486 1537/945/486 1540/949/486 1539/950/486
f 1537/945/487 1538/948/487 1541/951/487 1540/949/487
f 189/875/488 587/886/488 1533/943/488 614/940/488
f 587/886/489 586/891/489 1534/944/489 1533/943/489
f 586/891/490 585/890/490 1535/947/490 1534/944/490
f 585/890/491 188/183/491 617/185/491 1535/947/491
f 1535/947/492 617/185/492 616/198/492 1538/948/492
f 1538/948/493 616/198/493 615/196/493 1541/951/493
f 1541/951/494 615/196/494 187/197/494 581/927/494
f 1540/949/495 1541/951/495 581/927/495 580/926/495
f 1539/950/496 1540/949/496 580/926/496 579/925/496
f 612/942/497 1539/950/497 579/925/497 186/905/497
f 613/941/498 1536/946/498 1539/950/498 612/942/498
f 614/940/499 1533/943/499 1536/946/499 613/941/499
f 1542/952/500 1543/953/500 1546/954/500 1545/955/500
f 1543/953/500 1544/956/500 1547/957/500 1546/954/500
f 1545/955/500 1546/954/500 1549/958/500 1548/959/500
f 1546/954/500 1547/957/500 1550/960/500 1549/958/500
f 252/961/500 919/962/500 1542/952/500 624/963/500
f 919/962/500 920/964/500 1543/953/500 1542/952/500
f 920/964/500 921/965/500 1544/956/500 1543/953/500
f 921/965/500 253/966/500 627/967/500 1544/956/500
f 1544/956/500 627/967/500 628/968/500 1547/957/500
f 1547/957/500 628/968/500 629/969/500 1550/960/500
f 1550/960/500 629/969/500 197/357/500 632/356/500
f 1549/958/500 1550/960/500 632/356/500 631/355/500
f 1548/959/500 1549/958/500 631/355/500 630/354/500
f 626/970/500 1548/959/500 630/354/500 196/163/500
f 625/971/500 1545/955/500 1548/959/500 626/970/500
f 624/963/500 1542/952/500 1545/955/500 625/971/500
f 1551/972/501 1552/973/501 1555/974/501 1554/975/501
f 1552/973/502 1553/976/502 1556/977/502 1555/974/502
f 1554/975/503 1555/974/503 1558/978/503 1557/979/503
f 1555/974/504 1556/977/504 1559/980/504 1558/978/504
f 251/133/505 916/981/505 1551/972/505 618/982/505
f 916/981/506 917/983/506 1552/973/506 1551/972/506
f 917/983/507 918/984/507 1553/976/507 1552/973/507
f 918/984/508 252/961/508 624/963/508 1553/976/508
f 1553/976/509 624/963/509 625/971/509 1556/977/509
f 1556/977/510 625/971/510 626/970/510 1559/980/510
f 1559/980/511 626/970/511 196/163/511 635/162/511
f 1558/978/512 1559/980/512 635/162/512 634/161/512
f 1557/979/513 1558/978/513 634/161/513 633/159/513
f 620/985/514 1557/979/514 633/159/514 194/158/514
f 619/986/515 1554/975/515 1557/979/515 620/985/515
f 618/982/516 1551/972/516 1554/975/516 619/986/516
f 1560/987/517 1561/988/517 1564/989/517 1563/990/517
f 1561/988/518 1562/991/518 1565/992/518 1564/989/518
f 1563/990/519 1564/989/519 1567/993/519 1566/994/519
f 1564/989/520 1565/992/520 1568/995/520 1567/993/520
f 129/172/521 308/902/521 1560/987/521 307/171/521
f 308/902/522 309/915/522 1561/988/522 1560/987/522
f 309/915/523 310/913/523 1562/991/523 1561/988/523
f 310/913/524 128/914/524 621/996/524 1562/991/524
f 1562/991/525 621/996/525 622/997/525 1565/992/525
f 1565/992/526 622/997/526 623/998/526 1568/995/526
f 1568/995/527 623/998/527 195/999/527 638/1000/527
f 1567/993/528 1568/995/528 638/1000/528 637/1001/528
f 1566/994/529 1567/993/529 637/1001/529 636/1002/529
f 305/160/530 1566/994/530 636/1002/530 194/158/530
f 306/173/531 1563/990/531 1566/994/531 305/160/531
f 307/171/532 1560/987/532 1563/990/532 306/173/532
f 1569/1003/533 1570/1004/533 1573/1005/533 1572/1006/533
f 1570/1004/534 1571/1007/534 1574/1008/534 1573/1005/534
f 1572/1006/535 1573/1005/535 1576/1009/535 1575/1010/535
f 1573/1005/536 1574/1008/536 1577/1011/536 1576/1009/536
f 207/460/537 717/1012/537 1569/1003/537 680/461/537
f 717/1012/538 718/1013/538 1570/1004/538 1569/1003/538
f 718/1013/539 719/1014/539 1571/1007/539 1570/1004/539
f 719/1014/540 209/1015/540 686/1016/540 1571/1007/540
f 1571/1007/541 686/1016/541 685/1017/541 1574/1008/541
f 1574/1008/542 685/1017/542 684/1018/542 1577/1011/542
f 1577/1011/543 684/1018/543 199/1019/543 647/1020/543
f 1576/1009/544 1577/1011/544 647/1020/544 646/1021/544
f 1575/1010/545 1576/1009/545 646/1021/545 645/1022/545
f 678/463/546 1575/1010/546 645/1022/546 154/435/546
f 679/462/547 1572/1006/547 1575/1010/547 678/463/547
f 680/461/548 1569/1003/548 1572/1006/548 679/462/548
f 1578/1023/549 1579/1024/549 1582/1025/549 1581/1026/549
f 1579/1024/549 1580/1027/549 1583/1028/549 1582/1025/549
f 1581/1026/549 1582/1025/549 1585/1029/549 1584/1030/549
f 1582/1025/549 1583/1028/549 1586/1031/549 1585/1029/549
f 211/1032/549 711/1033/549 1578/1023/549 692/1034/549
f 711/1033/549 712/1035/549 1579/1024/549 1578/1023/549
f 712/1035/549 713/1036/549 1580/1027/549 1579/1024/549
f 713/1036/549 214/1037/549 660/1038/549 1580/1027/549
f 1580/1027/549 660/1038/549 661/1039/549 1583/1028/549
f 1583/1028/549 661/1039/549 662/1040/549 1586/1031/549
f 1586/1031/549 662/1040/549 201/1041/549 651/1042/549
f 1585/1029/549 1586/1031/549 651/1042/549 652/1043/549
f 1584/1030/549 1585/1029/549 652/1043/549 653/1044/549
f 690/1045/549 1584/1030/549 653/1044/549 202/1046/549
f 691/1047/549 1581/1026/549 1584/1030/549 690/1045/549
f 692/1034/549 1578/1023/549 1581/1026/549 691/1047/549
f 1587/1048/550 1588/1049/550 1591/1050/550 1590/1051/550
f 1588/1049/551 1589/1052/551 1592/1053/551 1591/1050/551
f 1590/1051/552 1591/1050/552 1594/1054/552 1593/1055/552
f 1591/1050/553 1592/1053/553 1595/1056/553 1594/1054/553
f 209/1015/554 705/1057/554 1587/1048/554 686/1016/554
f 705/1057/555 706/1058/555 1588/1049/555 1587/1048/555
f 706/1058/556 707/1059/556 1589/1052/556 1588/1049/556
f 707/1059/557 211/1032/557 692/1034/557 1589/1052/557
f 1589/1052/558 692/1034/558 691/1047/558 1592/1053/558
f 1592/1053/559 691/1047/559 690/1045/559 1595/1056/559
f 1595/1056/560 690/1045/560 202/1046/560 668/1060/560
f 1594/1054/561 1595/1056/561 668/1060/561 667/1061/561
f 1593/1055/562 1594/1054/562 667/1061/562 666/1062/562
f 684/1018/563 1593/1055/563 666/1062/563 199/1019/563
f 685/1017/564 1590/1051/564 1593/1055/564 684/1018/564
f 686/1016/565 1587/1048/565 1590/1051/565 685/1017/565
f 1596/1063/566 1597/1064/566 1600/1065/566 1599/1066/566
f 1597/1064/567 1598/1067/567 1601/1068/567 1600/1065/567
f 1599/1066/566 1600/1065/566 1603/1069/566 1602/1070/566
f 1600/1065/567 1601/1068/567 1604/1071/567 1603/1069/567
f 199/1019/566 666/1062/566 1596/1063/566 641/1072/566
f 666/1062/567 667/1061/567 1597/1064/567 1596/1063/567
f 667/1061/567 668/1060/567 1598/1067/567 1597/1064/567
f 668/1060/566 202/1046/566 653/1044/566 1598/1067/566
f 1598/1067/566 653/1044/566 652/1043/566 1601/1068/566
f 1601/1068/566 652/1043/566 651/1042/566 1604/1071/566
f 1604/1071/566 651/1042/566 201/1041/566 663/1073/566
f 1603/1069/566 1604/1071/566 663/1073/566 664/1074/566
f 1602/1070/566 1603/1069/566 664/1074/566 665/1075/566
f 639/1076/566 1602/1070/566 665/1075/566 198/1077/566
f 640/1078/566 1599/1066/566 1602/1070/566 639/1076/566
f 641/1072/566 1596/1063/566 1599/1066/566 640/1078/566
f 1605/1079/568 1606/1080/568 1609/1081/568 1608/1082/568
f 1606/1080/569 1607/1083/569 1610/1084/569 1609/1081/569
f 1608/1082/570 1609/1081/570 1612/1085/570 1611/1086/570
f 1609/1081/571 1610/1084/571 1613/1087/571 1612/1085/571
f 200/1088/572 671/1089/572 1605/1079/572 644/1090/572
f 671/1089/573 670/1091/573 1606/1080/573 1605/1079/573
f 670/1091/574 669/1092/574 1607/1083/574 1606/1080/574
f 669/1092/575 203/1093/575 656/1094/575 1607/1083/575
f 1607/1083/576 656/1094/576 655/1095/576 1610/1084/576
f 1610/1084/577 655/1095/577 654/1096/577 1613/1087/577
f 1613/1087/578 654/1096/578 212/1097/578 704/1098/578
f 1612/1085/579 1613/1087/579 704/1098/579 703/1099/579
f 1611/1086/580 1612/1085/580 703/1099/580 702/1100/580
f 642/1101/581 1611/1086/581 702/1100/581 210/1102/581
f 643/1103/582 1608/1082/582 1611/1086/582 642/1101/582
f 644/1090/583 1605/1079/583 1608/1082/583 643/1103/583
f 1614/1104/584 1615/1105/584 1618/1106/584 1617/1107/584
f 1615/1105/585 1616/1108/585 1619/1109/585 1618/1106/585
f 1617/1107/586 1618/1106/586 1621/1110/586 1620/1111/586
f 1618/1106/587 1619/1109/587 1622/1112/587 1621/1110/587
f 210/1102/588 702/1100/588 1614/1104/588 689/1113/588
f 702/1100/589 703/1099/589 1615/1105/589 1614/1104/589
f 703/1099/590 704/1098/590 1616/1108/590 1615/1105/590
f 704/1098/591 212/1097/591 695/1114/591 1616/1108/591
f 1616/1108/592 695/1114/592 694/1115/592 1619/1109/592
f 1619/1109/593 694/1115/593 693/1116/593 1622/1112/593
f 1622/1112/594 693/1116/594 211/1032/594 707/1059/594
f 1621/1110/595 1622/1112/595 707/1059/595 706/1058/595
f 1620/1111/596 1621/1110/596 706/1058/596 705/1057/596
f 687/1117/597 1620/1111/597 705/1057/597 209/1015/597
f 688/1118/598 1617/1107/598 1620/1111/598 687/1117/598
f 689/1113/599 1614/1104/599 1617/1107/599 688/1118/599
f 1623/1119/549 1624/1120/549 1627/1121/549 1626/1122/549
f 1624/1120/549 1625/1123/549 1628/1124/549 1627/1121/549
f 1626/1122/549 1627/1121/549 1630/1125/549 1629/1126/549
f 1627/1121/549 1628/1124/549 1631/1127/549 1630/1125/549
f 203/1093/549 657/1128/549 1623/1119/549 656/1094/549
f 657/1128/549 658/1129/549 1624/1120/549 1623/1119/549
f 658/1129/549 659/1130/549 1625/1123/549 1624/1120/549
f 659/1130/549 204/1131/549 696/1132/549 1625/1123/549
f 1625/1123/549 696/1132/549 697/1133/549 1628/1124/549
f 1628/1124/549 697/1133/549 698/1134/549 1631/1127/549
f 1631/1127/549 698/1134/549 213/1135/549 710/1136/549
f 1630/1125/549 1631/1127/549 710/1136/549 709/1137/549
f 1629/1126/549 1630/1125/549 709/1137/549 708/1138/549
f 654/1096/549 1629/1126/549 708/1138/549 212/1097/549
f 655/1095/549 1626/1122/549 1629/1126/549 654/1096/549
f 656/1094/549 1623/1119/549 1626/1122/549 655/1095/549
f 1632/1139/549 1633/1140/549 1636/1141/549 1635/1142/549
f 1633/1140/549 1634/1143/549 1637/1144/549 1636/1141/549
f 1635/1142/549 1636/1141/549 1639/1145/549 1638/1146/549
f 1636/1141/549 1637/1144/549 1640/1147/549 1639/1145/549
f 212/1097/549 708/1138/549 1632/1139/549 695/1114/549
f 708/1138/549 709/1137/549 1633/1140/549 1632/1139/549
f 709/1137/549 710/1136/549 1634/1143/549 1633/1140/549
f 710/1136/549 213/1135/549 699/1148/549 1634/1143/549
f 1634/1143/549 699/1148/549 700/1149/549 1637/1144/549
f 1637/1144/549 700/1149/549 701/1150/549 1640/1147/549
f 1640/1147/549 701/1150/549 214/1037/549 713/1036/549
f 1639/1145/549 1640/1147/549 713/1036/549 712/1035/549
f 1638/1146/549 1639/1145/549 712/1035/549 711/1033/549
f 693/1116/549 1638/1146/549 711/1033/549 211/1032/549
f 694/1115/549 1635/1142/549 1638/1146/549 693/1116/549
f 695/1114/549 1632/1139/549 1635/1142/549 694/1115/549
f 1641/1151/600 1642/1152/600 1645/1153/600 1644/1154/600
f 1642/1152/601 1643/1155/601 1646/1156/601 1645/1153/601
f 1644/1154/602 1645/1153/602 1648/1157/602 1647/1158/602
f 1645/1153/603 1646/1156/603 1649/1159/603 1648/1157/603
f 155/1160/604 650/1161/604 1641/1151/604 419/1162/604
f 650/1161/605 649/1163/605 1642/1152/605 1641/1151/605
f 649/1163/606 648/1164/606 1643/1155/606 1642/1152/606
f 648/1164/607 200/1088/607 644/1090/607 1643/1155/607
f 1643/1155/608 644/1090/608 643/1103/608 1646/1156/608
f 1646/1156/609 643/1103/609 642/1101/609 1649/1159/609
f 1649/1159/610 642/1101/610 210/1102/610 716/1165/610
f 1648/1157/611 1649/1159/611 716/1165/611 715/1166/611
f 1647/1158/612 1648/1157/612 715/1166/612 714/1167/612
f 417/1168/613 1647/1158/613 714/1167/613 208/1169/613
f 418/1170/614 1644/1154/614 1647/1158/614 417/1168/614
f 419/1162/615 1641/1151/615 1644/1154/615 418/1170/615
f 1650/1171/616 1651/1172/616 1654/1173/616 1653/1174/616
f 1651/1172/617 1652/1175/617 1655/1176/617 1654/1173/617
f 1653/1174/618 1654/1173/618 1657/1177/618 1656/1178/618
f 1654/1173/619 1655/1176/619 1658/1179/619 1657/1177/619
f 208/1169/620 714/1167/620 1650/1171/620 683/1180/620
f 714/1167/621 715/1166/621 1651/1172/621 1650/1171/621
f 715/1166/622 716/1165/622 1652/1175/622 1651/1172/622
f 716/1165/623 210/1102/623 689/1113/623 1652/1175/623
f 1652/1175/624 689/1113/624 688/1118/624 1655/1176/624
f 1655/1176/625 688/1118/625 687/1117/625 1658/1179/625
f 1658/1179/626 687/1117/626 209/1015/626 719/1014/626
f 1657/1177/627 1658/1179/627 719/1014/627 718/1013/627
f 1656/1178/628 1657/1177/628 718/1013/628 717/1012/628
f 681/1181/629 1656/1178/629 717/1012/629 207/460/629
f 682/1182/630 1653/1174/630 1656/1178/630 681/1181/630
f 683/1180/631 1650/1171/631 1653/1174/631 682/1182/631
f 1659/1183/632 1660/1184/632 1663/1185/632 1662/1186/632
f 1660/1184/633 1661/1187/633 1664/1188/633 1663/1185/633
f 1662/1186/634 1663/1185/634 1666/1189/634 1665/1190/634
f 1663/1185/635 1664/1188/635 1667/1191/635 1666/1189/635
f 215/1192/636 420/1193/636 1659/1183/636 746/1194/636
f 420/1193/637 421/1195/637 1660/1184/637 1659/1183/637
f 421/1195/638 422/1196/638 1661/1187/638 1660/1184/638
f 422/1196/639 155/1160/639 419/1162/639 1661/1187/639
f 1661/1187/640 419/1162/640 418/1170/640 1664/1188/640
f 1664/1188/641 418/1170/641 417/1168/641 1667/1191/641
f 1667/1191/642 417/1168/642 208/1169/642 722/1197/642
f 1666/1189/643 1667/1191/643 722/1197/643 721/1198/643
f 1665/1190/644 1666/1189/644 721/1198/644 720/1199/644
f 744/1200/645 1665/1190/645 720/1199/645 218/1201/645
f 745/1202/646 1662/1186/646 1665/1190/646 744/1200/646
f 746/1194/647 1659/1183/647 1662/1186/647 745/1202/647
f 1668/1203/648 1669/1204/648 1672/1205/648 1671/1206/648
f 1669/1204/648 1670/1207/648 1673/1208/648 1672/1205/648
f 1671/1206/648 1672/1205/648 1675/1209/648 1674/1210/648
f 1672/1205/648 1673/1208/648 1676/1211/648 1675/1209/648
f 218/1201/648 720/1199/648 1668/1203/648 743/1212/648
f 720/1199/648 721/1198/648 1669/1204/648 1668/1203/648
f 721/1198/648 722/1197/648 1670/1207/648 1669/1204/648
f 722/1197/648 208/1169/648 683/1180/648 1670/1207/648
f 1670/1207/648 683/1180/648 682/1182/648 1673/1208/648
f 1673/1208/648 682/1182/648 681/1181/648 1676/1211/648
f 1676/1211/648 681/1181/648 207/460/648 725/459/648
f 1675/1209/648 1676/1211/648 725/459/648 724/458/648
f 1674/1210/648 1675/1209/648 724/458/648 723/456/648
f 741/1213/648 1674/1210/648 723/456/648 219/455/648
f 742/1214/648 1671/1206/648 1674/1210/648 741/1213/648
f 743/1212/648 1668/1203/648 1671/1206/648 742/1214/648
f 1677/1215/649 1678/1216/649 1681/1217/649 1680/1218/649
f 1678/1216/649 1679/1219/649 1682/1220/649 1681/1217/649
f 1680/1218/649 1681/1217/649 1684/1221/649 1683/1222/649
f 1681/1217/649 1682/1220/649 1685/1223/649 1684/1221/649
f 223/1224/649 735/1225/649 1677/1215/649 779/1226/649
f 735/1225/649 736/1227/649 1678/1216/649 1677/1215/649
f 736/1227/649 737/1228/649 1679/1219/649 1678/1216/649
f 737/1228/649 218/1201/649 743/1212/649 1679/1219/649
f 1679/1219/649 743/1212/649 742/1214/649 1682/1220/649
f 1682/1220/649 742/1214/649 741/1213/649 1685/1223/649
f 1685/1223/649 741/1213/649 219/455/649 740/1229/649
f 1684/1221/649 1685/1223/649 740/1229/649 739/1230/649
f 1683/1222/649 1684/1221/649 739/1230/649 738/1231/649
f 777/1232/649 1683/1222/649 738/1231/649 224/1233/649
f 778/1234/649 1680/1218/649 1683/1222/649 777/1232/649
f 779/1226/649 1677/1215/649 1680/1218/649 778/1234/649
f 1686/1235/650 1687/1236/650 1690/1237/650 1689/1238/650
f 1687/1236/651 1688/1239/651 1691/1240/651 1690/1237/651
f 1689/1238/652 1690/1237/652 1693/1241/652 1692/1242/652
f 1690/1237/653 1691/1240/653 1694/1243/653 1693/1241/653
f 221/1244/654 726/1245/654 1686/1235/654 776/1246/654
f 726/1245/655 727/1247/655 1687/1236/655 1686/1235/655
f 727/1247/656 728/1248/656 1688/1239/656 1687/1236/656
f 728/1248/657 215/1192/657 746/1194/657 1688/1239/657
f 1688/1239/658 746/1194/658 745/1202/658 1691/1240/658
f 1691/1240/659 745/1202/659 744/1200/659 1694/1243/659
f 1694/1243/660 744/1200/660 218/1201/660 737/1228/660
f 1693/1241/661 1694/1243/661 737/1228/661 736/1227/661
f 1692/1242/662 1693/1241/662 736/1227/662 735/1225/662
f 774/1249/663 1692/1242/663 735/1225/663 223/1224/663
f 775/1250/664 1689/1238/664 1692/1242/664 774/1249/664
f 776/1246/665 1686/1235/665 1689/1238/665 775/1250/665
f 1695/1251/666 1696/1252/666 1699/1253/666 1698/1254/666
f 1696/1252/667 1697/1255/667 1700/1256/667 1699/1253/667
f 1698/1254/668 1699/1253/668 1702/1257/668 1701/1258/668
f 1699/1253/669 1700/1256/669 1703/1259/669 1702/1257/669
f 224/1233/670 738/1231/670 1695/1251/670 773/1260/670
f 738/1231/671 739/1230/671 1696/1252/671 1695/1251/671
f 739/1230/672 740/1229/672 1697/1255/672 1696/1252/672
f 740/1229/673 219/455/673 749/457/673 1697/1255/673
f 1697/1255/674 749/457/674 748/465/674 1700/1256/674
f 1700/1256/675 748/465/675 747/464/675 1703/1259/675
f 1703/1259/676 747/464/676 217/430/676 753/1261/676
f 1702/1257/677 1703/1259/677 753/1261/677 754/1262/677
f 1701/1258/678 1702/1257/678 754/1262/678 755/1263/678
f 771/1264/679 1701/1258/679 755/1263/679 220/1265/679
f 772/1266/680 1698/1254/680 1701/1258/680 771/1264/680
f 773/1260/681 1695/1251/681 1698/1254/681 772/1266/681
f 1704/1267/151 1705/1268/151 1708/1269/151 1707/1270/151
f 1705/1268/151 1706/1271/151 1709/1272/151 1708/1269/151
f 1707/1270/151 1708/1269/151 1711/1273/151 1710/1274/151
f 1708/1269/151 1709/1272/151 1712/1275/151 1711/1273/151
f 220/1265/151 755/1263/151 1704/1267/151 770/1276/151
f 755/1263/151 754/1262/151 1705/1268/151 1704/1267/151
f 754/1262/151 753/1261/151 1706/1271/151 1705/1268/151
f 753/1261/151 217/430/151 752/432/151 1706/1271/151
f 1706/1271/151 752/432/151 751/445/151 1709/1272/151
f 1709/1272/151 751/445/151 750/443/151 1712/1275/151
f 1712/1275/151 750/443/151 216/444/151 731/1277/151
f 1711/1273/151 1712/1275/151 731/1277/151 730/1278/151
f 1710/1274/151 1711/1273/151 730/1278/151 729/1279/151
f 768/1280/151 1710/1274/151 729/1279/151 222/1281/151
f 769/1282/151 1707/1270/151 1710/1274/151 768/1280/151
f 770/1276/151 1704/1267/151 1707/1270/151 769/1282/151
f 1713/1283/151 1714/1284/151 1717/1285/151 1716/1286/151
f 1714/1284/151 1715/1287/151 1718/1288/151 1717/1285/151
f 1716/1286/151 1717/1285/151 1720/1289/151 1719/1290/151
f 1717/1285/151 1718/1288/151 1721/1291/151 1720/1289/151
f 151/1292/151 428/1293/151 1713/1283/151 410/1294/151
f 428/1293/151 427/1295/151 1714/1284/151 1713/1283/151
f 427/1295/151 426/1296/151 1715/1287/151 1714/1284/151
f 426/1296/151 220/1265/151 770/1276/151 1715/1287/151
f 1715/1287/151 770/1276/151 769/1282/151 1718/1288/151
f 1718/1288/151 769/1282/151 768/1280/151 1721/1291/151
f 1721/1291/151 768/1280/151 222/1281/151 761/1297/151
f 1720/1289/151 1721/1291/151 761/1297/151 760/1298/151
f 1719/1290/151 1720/1289/151 760/1298/151 759/1299/151
f 408/1300/151 1719/1290/151 759/1299/151 150/1301/151
f 409/1302/151 1716/1286/151 1719/1290/151 408/1300/151
f 410/1294/151 1713/1283/151 1716/1286/151 409/1302/151
f 1722/1303/682 1723/1304/682 1726/1305/682 1725/1306/682
f 1723/1304/682 1724/1307/682 1727/1308/682 1726/1305/682
f 1725/1306/682 1726/1305/682 1729/1309/682 1728/1310/682
f 1726/1305/682 1727/1308/682 1730/1311/682 1729/1309/682
f 205/1312/682 765/1313/682 1722/1303/682 674/1314/682
f 765/1313/682 766/1315/682 1723/1304/682 1722/1303/682
f 766/1315/682 767/1316/682 1724/1307/682 1723/1304/682
f 767/1316/682 224/1233/682 773/1260/682 1724/1307/682
f 1724/1307/682 773/1260/682 772/1266/682 1727/1308/682
f 1727/1308/682 772/1266/682 771/1264/682 1730/1311/682
f 1730/1311/682 771/1264/682 220/1265/682 426/1296/682
f 1729/1309/682 1730/1311/682 426/1296/682 427/1295/682
f 1728/1310/682 1729/1309/682 427/1295/682 428/1293/682
f 672/1317/682 1728/1310/682 428/1293/682 151/1292/682
f 673/1318/682 1725/1306/682 1728/1310/682 672/1317/682
f 674/1314/682 1722/1303/682 1725/1306/682 673/1318/682
f 1731/1319/683 1732/1320/683 1735/1321/683 1734/1322/683
f 1732/1320/683 1733/1323/683 1736/1324/683 1735/1321/683
f 1734/1322/683 1735/1321/683 1738/1325/683 1737/1326/683
f 1735/1321/683 1736/1324/683 1739/1327/683 1738/1325/683
f 152/1328/683 756/1329/683 1731/1319/683 413/1330/683
f 756/1329/683 757/1331/683 1732/1320/683 1731/1319/683
f 757/1331/683 758/1332/683 1733/1323/683 1732/1320/683
f 758/1332/683 221/1244/683 776/1246/683 1733/1323/683
f 1733/1323/683 776/1246/683 775/1250/683 1736/1324/683
f 1736/1324/683 775/1250/683 774/1249/683 1739/1327/683
f 1739/1327/683 774/1249/683 223/1224/683 764/1333/683
f 1738/1325/683 1739/1327/683 764/1333/683 763/1334/683
f 1737/1326/683 1738/1325/683 763/1334/683 762/1335/683
f 411/1336/683 1737/1326/683 762/1335/683 206/1337/683
f 412/1338/683 1734/1322/683 1737/1326/683 411/1336/683
f 413/1330/683 1731/1319/683 1734/1322/683 412/1338/683
f 1740/1339/684 1741/1340/684 1744/1341/684 1743/1342/684
f 1741/1340/685 1742/1343/685 1745/1344/685 1744/1341/685
f 1743/1342/686 1744/1341/686 1747/1345/686 1746/1346/686
f 1744/1341/687 1745/1344/687 1748/1347/687 1747/1345/687
f 206/1337/688 762/1335/688 1740/1339/688 677/1348/688
f 762/1335/689 763/1334/689 1741/1340/689 1740/1339/689
f 763/1334/690 764/1333/690 1742/1343/690 1741/1340/690
f 764/1333/691 223/1224/691 779/1226/691 1742/1343/691
f 1742/1343/692 779/1226/692 778/1234/692 1745/1344/692
f 1745/1344/693 778/1234/693 777/1232/693 1748/1347/693
f 1748/1347/694 777/1232/694 224/1233/694 767/1316/694
f 1747/1345/695 1748/1347/695 767/1316/695 766/1315/695
f 1746/1346/696 1747/1345/696 766/1315/696 765/1313/696
f 675/1349/697 1746/1346/697 765/1313/697 205/1312/697
f 676/1350/698 1743/1342/698 1746/1346/698 675/1349/698
f 677/1348/699 1740/1339/699 1743/1342/699 676/1350/699
f 1749/1351/700 1750/1352/700 1753/1353/700 1752/1354/700
f 1750/1352/700 1751/1355/700 1754/1356/700 1753/1353/700
f 1752/1354/700 1753/1353/700 1756/1357/700 1755/1358/700
f 1753/1353/700 1754/1356/700 1757/1359/700 1756/1357/700
f 146/361/700 785/1360/700 1749/1351/700 404/390/700
f 785/1360/700 784/1361/700 1750/1352/700 1749/1351/700
f 784/1361/700 783/1362/700 1751/1355/700 1750/1352/700
f 783/1362/700 225/1363/700 782/1364/700 1751/1355/700
f 1751/1355/700 782/1364/700 781/1365/700 1754/1356/700
f 1754/1356/700 781/1365/700 780/1366/700 1757/1359/700
f 1757/1359/700 780/1366/700 226/1367/700 788/1368/700
f 1756/1357/700 1757/1359/700 788/1368/700 787/1369/700
f 1755/1358/700 1756/1357/700 787/1369/700 786/1370/700
f 402/392/700 1755/1358/700 786/1370/700 149/393/700
f 403/391/700 1752/1354/700 1755/1358/700 402/392/700
f 404/390/700 1749/1351/700 1752/1354/700 403/391/700
f 1758/1371/701 1759/1372/701 1762/1373/701 1761/1374/701
f 1759/1372/702 1760/1375/702 1763/1376/702 1762/1373/702
f 1761/1374/703 1762/1373/703 1765/1377/703 1764/1378/703
f 1762/1373/704 1763/1376/704 2292/1379/704 2291/1380/704 1765/1377/704
f 245/1381/705 875/1382/705 1758/1371/705 810/1383/705
f 875/1382/706 874/1384/706 1759/1372/706 1758/1371/706
f 874/1384/707 873/1385/707 1760/1375/707 1759/1372/707
f 873/1385/708 239/1386/708 2297/1387/708 2298/1388/708 1760/1375/708
f 1760/1375/709 2298/1388/709 2293/1389/709 1763/1376/709
f 1763/1376/710 2293/1389/710 2292/1379/710
f 1765/1377/711 2291/1380/711 2290/1390/711
f 1764/1378/712 1765/1377/712 2290/1390/712 2289/1391/712
f 812/1392/713 1764/1378/713 2289/1391/713 2319/1393/713 233/1394/713
f 811/1395/714 1761/1374/714 1764/1378/714 812/1392/714
f 810/1383/715 1758/1371/715 1761/1374/715 811/1395/715
f 1766/1396/716 1767/1397/716 1770/1398/716 1769/1399/716
f 1767/1397/717 1768/1400/717 1771/1401/717 1770/1398/717
f 1769/1399/718 1770/1398/718 1773/1402/718 1772/1403/718
f 1770/1398/719 1771/1401/719 1774/1404/719 1773/1402/719
f 234/1405/720 866/1406/720 1766/1396/720 815/1407/720
f 866/1406/721 865/1408/721 1767/1397/721 1766/1396/721
f 865/1408/722 864/1409/722 1768/1400/722 1767/1397/722
f 864/1409/723 242/1410/723 807/1411/723 1768/1400/723
f 1768/1400/724 807/1411/724 808/1412/724 1771/1401/724
f 1771/1401/725 808/1412/725 809/1413/725 1774/1404/725
f 1774/1404/726 809/1413/726 232/1414/726 803/1415/726
f 1773/1402/727 1774/1404/727 803/1415/727 802/1416/727
f 1772/1403/728 1773/1402/728 802/1416/728 801/1417/728
f 813/1418/729 1772/1403/729 801/1417/729 228/1419/729
f 814/1420/730 1769/1399/730 1772/1403/730 813/1418/730
f 815/1407/731 1766/1396/731 1769/1399/731 814/1420/731
f 1775/1421/732 1776/1422/732 1779/1423/732 1778/1424/732
f 1776/1422/733 1777/1425/733 1780/1426/733 1779/1423/733
f 1778/1424/734 1779/1423/734 1782/1427/734 1781/1428/734
f 1779/1423/735 1780/1426/735 1783/1429/735 1782/1427/735
f 242/1410/736 857/1430/736 1775/1421/736 807/1411/736
f 857/1430/737 856/1431/737 1776/1422/737 1775/1421/737
f 856/1431/738 855/1432/738 1777/1425/738 1776/1422/738
f 855/1432/739 245/1381/739 810/1383/739 1777/1425/739
f 1777/1425/740 810/1383/740 811/1395/740 1780/1426/740
f 1780/1426/741 811/1395/741 812/1392/741 1783/1429/741
f 1783/1429/742 812/1392/742 233/1394/742 806/1433/742
f 1782/1427/743 1783/1429/743 806/1433/743 805/1434/743
f 1781/1428/744 1782/1427/744 805/1434/744 804/1435/744
f 809/1413/745 1781/1428/745 804/1435/745 232/1414/745
f 808/1412/746 1778/1424/746 1781/1428/746 809/1413/746
f 807/1411/747 1775/1421/747 1778/1424/747 808/1412/747
f 1784/1436/748 1785/1437/748 1788/1438/748 1787/1439/748
f 1785/1437/749 1786/1440/749 1789/1441/749 1788/1438/749
f 1787/1439/750 1788/1438/750 1791/1442/750 1790/1443/750
f 1788/1438/751 1789/1441/751 1792/1444/751 1791/1442/751
f 230/1445/752 798/1446/752 1784/1436/752 831/1447/752
f 798/1446/753 799/1448/753 1785/1437/753 1784/1436/753
f 799/1448/754 800/1449/754 1786/1440/754 1785/1437/754
f 800/1449/755 231/1450/755 840/1451/755 1786/1440/755
f 1786/1440/756 840/1451/756 841/1452/756 1789/1441/756
f 1789/1441/757 841/1452/757 842/1453/757 1792/1444/757
f 1792/1444/758 842/1453/758 243/1454/758 849/1455/758
f 1791/1442/759 1792/1444/759 849/1455/759 850/1456/759
f 1790/1443/760 1791/1442/760 850/1456/760 851/1457/760
f 833/1458/761 1790/1443/761 851/1457/761 240/1459/761
f 832/1460/762 1787/1439/762 1790/1443/762 833/1458/762
f 831/1447/763 1784/1436/763 1787/1439/763 832/1460/763
f 1793/1461/764 1794/1462/764 1797/1463/764 1796/1464/764
f 1794/1462/765 1795/1465/765 1798/1466/765 1797/1463/765
f 1796/1464/766 1797/1463/766 1800/1467/766 1799/1468/766
f 1797/1463/767 1798/1466/767 1801/1469/767 1800/1467/767
f 240/1459/768 851/1457/768 1793/1461/768 834/1470/768
f 851/1457/769 850/1456/769 1794/1462/769 1793/1461/769
f 850/1456/770 849/1455/770 1795/1465/770 1794/1462/770
f 849/1455/771 243/1454/771 843/1471/771 1795/1465/771
f 1795/1465/772 843/1471/772 844/1472/772 1798/1466/772
f 1798/1466/773 844/1472/773 845/1473/773 1801/1469/773
f 1801/1469/774 845/1473/774 244/1474/774 852/1475/774
f 1800/1467/775 1801/1469/775 852/1475/775 853/1476/775
f 1799/1468/776 1800/1467/776 853/1476/776 854/1477/776
f 836/1478/777 1799/1468/777 854/1477/777 241/1479/777
f 835/1480/778 1796/1464/778 1799/1468/778 836/1478/778
f 834/1470/779 1793/1461/779 1796/1464/779 835/1480/779
f 1802/1481/780 1803/1482/780 1806/1483/780 1805/1484/780
f 1803/1482/781 1804/1485/781 1807/1486/781 1806/1483/781
f 1805/1484/782 1806/1483/782 1809/1487/782 1808/1488/782
f 1806/1483/783 1807/1486/783 1810/1489/783 1809/1487/783
f 241/1479/784 854/1477/784 1802/1481/784 837/1490/784
f 854/1477/785 853/1476/785 1803/1482/785 1802/1481/785
f 853/1476/786 852/1475/786 1804/1485/786 1803/1482/786
f 852/1475/787 244/1474/787 846/1491/787 1804/1485/787
f 1804/1485/788 846/1491/788 847/1492/788 1807/1486/788
f 1807/1486/789 847/1492/789 848/1493/789 1810/1489/789
f 1810/1489/790 848/1493/790 245/1381/790 855/1432/790
f 1809/1487/791 1810/1489/791 855/1432/791 856/1431/791
f 1808/1488/792 1809/1487/792 856/1431/792 857/1430/792
f 839/1494/793 1808/1488/793 857/1430/793 242/1410/793
f 838/1495/794 1805/1484/794 1808/1488/794 839/1494/794
f 837/1490/795 1802/1481/795 1805/1484/795 838/1495/795
f 1811/1496/796 1812/1497/796 1815/1498/796 1814/1499/796
f 1812/1497/797 1813/1500/797 1816/1501/797 1815/1498/797
f 1814/1499/798 1815/1498/798 1818/1502/798 1817/1503/798
f 1815/1498/799 1816/1501/799 1819/1504/799 1818/1502/799
f 227/1505/800 795/1506/800 1811/1496/800 791/1507/800
f 795/1506/801 796/1508/801 1812/1497/801 1811/1496/801
f 796/1508/802 797/1509/802 1813/1500/802 1812/1497/802
f 797/1509/803 230/1445/803 831/1447/803 1813/1500/803
f 1813/1500/804 831/1447/804 832/1460/804 1816/1501/804
f 1816/1501/805 832/1460/805 833/1458/805 1819/1504/805
f 1819/1504/806 833/1458/806 240/1459/806 858/1510/806
f 1818/1502/807 1819/1504/807 858/1510/807 859/1511/807
f 1817/1503/808 1818/1502/808 859/1511/808 860/1512/808
f 789/1513/809 1817/1503/809 860/1512/809 236/1514/809
f 790/1515/810 1814/1499/810 1817/1503/810 789/1513/810
f 791/1507/811 1811/1496/811 1814/1499/811 790/1515/811
f 1820/1516/812 1821/1517/812 1824/1518/812 1823/1519/812
f 1821/1517/813 1822/1520/813 1825/1521/813 1824/1518/813
f 1823/1519/814 1824/1518/814 1827/1522/814 1826/1523/814
f 1824/1518/815 1825/1521/815 1828/1524/815 1827/1522/815
f 236/1514/816 860/1512/816 1820/1516/816 821/1525/816
f 860/1512/817 859/1511/817 1821/1517/817 1820/1516/817
f 859/1511/818 858/1510/818 1822/1520/818 1821/1517/818
f 858/1510/819 240/1459/819 834/1470/819 1822/1520/819
f 1822/1520/820 834/1470/820 835/1480/820 1825/1521/820
f 1825/1521/821 835/1480/821 836/1478/821 1828/1524/821
f 1828/1524/822 836/1478/822 241/1479/822 861/1526/822
f 1827/1522/823 1828/1524/823 861/1526/823 862/1527/823
f 1826/1523/824 1827/1522/824 862/1527/824 863/1528/824
f 819/1529/825 1826/1523/825 863/1528/825 235/1530/825
f 820/1531/826 1823/1519/826 1826/1523/826 819/1529/826
f 821/1525/827 1820/1516/827 1823/1519/827 820/1531/827
f 1829/1532/828 1830/1533/828 1833/1534/828 1832/1535/828
f 1830/1533/829 1831/1536/829 1834/1537/829 1833/1534/829
f 1832/1535/830 1833/1534/830 1836/1538/830 1835/1539/830
f 1833/1534/831 1834/1537/831 1837/1540/831 1836/1538/831
f 235/1530/832 863/1528/832 1829/1532/832 818/1541/832
f 863/1528/833 862/1527/833 1830/1533/833 1829/1532/833
f 862/1527/834 861/1526/834 1831/1536/834 1830/1533/834
f 861/1526/835 241/1479/835 837/1490/835 1831/1536/835
f 1831/1536/836 837/1490/836 838/1495/836 1834/1537/836
f 1834/1537/837 838/1495/837 839/1494/837 1837/1540/837
f 1837/1540/838 839/1494/838 242/1410/838 864/1409/838
f 1836/1538/839 1837/1540/839 864/1409/839 865/1408/839
f 1835/1539/840 1836/1538/840 865/1408/840 866/1406/840
f 816/1542/841 1835/1539/841 866/1406/841 234/1405/841
f 817/1543/842 1832/1535/842 1835/1539/842 816/1542/842
f 818/1541/843 1829/1532/843 1832/1535/843 817/1543/843
f 1838/1544/844 1839/1545/844 1842/1546/844 1841/1547/844
f 1839/1545/845 1840/1548/845 1843/1549/845 1842/1546/845
f 1841/1547/846 1842/1546/846 1845/1550/846 1844/1551/846
f 1842/1546/847 1843/1549/847 1846/1552/847 1845/1550/847
f 231/1450/848 792/1553/848 1838/1544/848 840/1451/848
f 792/1553/849 793/1554/849 1839/1545/849 1838/1544/849
f 793/1554/850 794/1555/850 1840/1548/850 1839/1545/850
f 794/1555/851 229/1556/851 822/1557/851 1840/1548/851
f 1840/1548/852 822/1557/852 823/1558/852 1843/1549/852
f 1843/1549/853 823/1558/853 824/1559/853 1846/1552/853
f 1846/1552/854 824/1559/854 237/1560/854 867/1561/854
f 1845/1550/855 1846/1552/855 867/1561/855 868/1562/855
f 1844/1551/856 1845/1550/856 868/1562/856 869/1563/856
f 842/1453/857 1844/1551/857 869/1563/857 243/1454/857
f 841/1452/858 1841/1547/858 1844/1551/858 842/1453/858
f 840/1451/859 1838/1544/859 1841/1547/859 841/1452/859
f 1847/1564/860 1848/1565/860 1851/1566/860 1850/1567/860
f 1848/1565/861 1849/1568/861 1852/1569/861 1851/1566/861
f 1850/1567/862 1851/1566/862 1854/1570/862 1853/1571/862
f 1851/1566/863 1852/1569/863 1855/1572/863 1854/1570/863
f 243/1454/864 869/1563/864 1847/1564/864 843/1471/864
f 869/1563/865 868/1562/865 1848/1565/865 1847/1564/865
f 868/1562/866 867/1561/866 1849/1568/866 1848/1565/866
f 867/1561/867 237/1560/867 825/1573/867 1849/1568/867
f 1849/1568/868 825/1573/868 826/1574/868 1852/1569/868
f 1852/1569/869 826/1574/869 827/1575/869 1855/1572/869
f 1855/1572/870 827/1575/870 238/1576/870 870/1577/870
f 1854/1570/871 1855/1572/871 870/1577/871 871/1578/871
f 1853/1571/872 1854/1570/872 871/1578/872 872/1579/872
f 845/1473/873 1853/1571/873 872/1579/873 244/1474/873
f 844/1472/874 1850/1567/874 1853/1571/874 845/1473/874
f 843/1471/875 1847/1564/875 1850/1567/875 844/1472/875
f 1856/1580/876 1857/1581/876 1860/1582/876 1859/1583/876
f 1857/1581/877 1858/1584/877 1861/1585/877 1860/1582/877
f 1859/1583/878 1860/1582/878 1863/1586/878 1862/1587/878
f 1860/1582/879 1861/1585/879 1864/1588/879 1863/1586/879
f 244/1474/880 872/1579/880 1856/1580/880 846/1491/880
f 872/1579/881 871/1578/881 1857/1581/881 1856/1580/881
f 871/1578/882 870/1577/882 1858/1584/882 1857/1581/882
f 870/1577/883 238/1576/883 828/1589/883 1858/1584/883
f 1858/1584/884 828/1589/884 829/1590/884 1861/1585/884
f 1861/1585/885 829/1590/885 830/1591/885 1864/1588/885
f 1864/1588/886 830/1591/886 239/1386/886 873/1385/886
f 1863/1586/887 1864/1588/887 873/1385/887 874/1384/887
f 1862/1587/888 1863/1586/888 874/1384/888 875/1382/888
f 848/1493/889 1862/1587/889 875/1382/889 245/1381/889
f 847/1492/890 1859/1583/890 1862/1587/890 848/1493/890
f 846/1491/891 1856/1580/891 1859/1583/891 847/1492/891
f 1865/1592/892 1866/1593/892 1869/1594/892 1868/1595/892
f 1866/1593/892 1867/1596/892 1870/1597/892 1869/1594/892
f 1868/1595/893 1869/1594/893 1872/1598/893 1871/1599/893
f 1869/1594/894 1870/1597/894 1873/1600/894 1872/1598/894
f 248/286/894 895/1601/894 1865/1592/894 363/287/894
f 895/1601/894 896/1602/894 1866/1593/894 1865/1592/894
f 896/1602/894 897/1603/894 1867/1596/894 1866/1593/894
f 897/1603/893 2272/1604/893 2271/1605/893 1867/1596/893
f 1867/1596/894 2271/1605/894 2267/1606/894 1870/1597/894
f 1870/1597/892 2267/1606/892 2269/1607/892 1873/1600/892
f 1873/1600/892 2269/1607/892 2268/1608/892 881/1609/892
f 1872/1598/892 1873/1600/892 881/1609/892 880/1610/892
f 1871/1599/895 1872/1598/895 880/1610/895 879/1611/895
f 365/289/892 1871/1599/892 879/1611/892 140/290/892
f 364/288/894 1868/1595/894 1871/1599/894 365/289/894
f 363/287/895 1865/1592/895 1868/1595/895 364/288/895
f 1874/1612/896 1875/1613/896 1878/1614/896 1877/1615/896
f 1875/1613/896 1876/1616/896 1879/1617/896 1878/1614/896
f 1877/1615/896 1878/1614/896 1881/1618/896 1880/1619/896
f 1878/1614/896 1879/1617/896 1882/1620/896 1881/1618/896
f 140/290/896 879/1611/896 1874/1612/896 357/291/896
f 879/1611/896 880/1610/896 1875/1613/896 1874/1612/896
f 880/1610/896 881/1609/896 1876/1616/896 1875/1613/896
f 881/1609/896 2268/1608/896 2270/1621/896 876/1622/896 1876/1616/896
f 1876/1616/896 876/1622/896 877/1623/896 1879/1617/896
f 1879/1617/896 877/1623/896 878/1624/896 1882/1620/896
f 1882/1620/896 878/1624/896 246/1625/896 884/1626/896
f 1881/1618/896 1882/1620/896 884/1626/896 883/1627/896
f 1880/1619/896 1881/1618/896 883/1627/896 882/1628/896
f 359/293/896 1880/1619/896 882/1628/896 141/295/896
f 358/292/896 1877/1615/896 1880/1619/896 359/293/896
f 357/291/896 1874/1612/896 1877/1615/896 358/292/896
f 1883/1629/897 1884/1630/897 1887/1631/897 1886/1632/897
f 1884/1630/898 1885/1633/898 1888/1634/898 1887/1631/898
f 1886/1632/899 1887/1631/899 1890/1635/899 1889/1636/899
f 1887/1631/900 1888/1634/900 1891/1637/900 1890/1635/900
f 1885/1633/901 894/1638/901 2275/1639/901 2274/1640/901 1888/1634/901
f 1888/1634/902 2274/1640/902 2273/1641/902 1891/1637/902
f 1891/1637/903 2273/1641/903 2272/1604/903 897/1603/903
f 1890/1635/904 1891/1637/904 897/1603/904 896/1602/904
f 1889/1636/905 1890/1635/905 896/1602/905 895/1601/905
f 890/1642/906 1889/1636/906 895/1601/906 248/286/906
f 889/1643/907 1886/1632/907 1889/1636/907 890/1642/907
f 888/1644/908 1883/1629/908 1886/1632/908 889/1643/908
f 1892/1645/909 1893/1646/909 1896/1647/909 1895/1648/909
f 1893/1646/910 1894/1649/910 1897/1650/910 1896/1647/910
f 1895/1648/911 1896/1647/911 1899/1651/911 1898/1652/911
f 1896/1647/912 1897/1650/912 1900/1653/912 1899/1651/912
f 141/295/913 369/1654/913 1892/1645/913 885/294/913
f 369/1654/914 370/1655/914 1893/1646/914 1892/1645/914
f 370/1655/915 371/1656/915 1894/1649/915 1893/1646/915
f 371/1656/916 142/1657/916 891/1658/916 1894/1649/916
f 1894/1649/917 891/1658/917 892/1659/917 1897/1650/917
f 1897/1650/918 892/1659/918 893/1660/918 1900/1653/918
f 1900/1653/919 893/1660/919 249/310/919 900/309/919
f 1899/1651/920 1900/1653/920 900/309/920 899/308/920
f 1898/1652/921 1899/1651/921 899/308/921 898/306/921
f 887/283/922 1898/1652/922 898/306/922 247/281/922
f 886/296/923 1895/1648/923 1898/1652/923 887/283/923
f 885/294/924 1892/1645/924 1895/1648/924 886/296/924
f 1901/1661/925 1902/1662/925 1905/1663/925 1904/1664/925
f 1902/1662/926 1903/1665/926 1906/1666/926 1905/1663/926
f 1904/1664/927 1905/1663/927 1908/1667/927 1907/1668/927
f 1905/1663/928 1906/1666/928 1909/1669/928 1908/1667/928
f 1903/1665/929 888/1644/929 889/1643/929 1906/1666/929
f 1906/1666/930 889/1643/930 890/1642/930 1909/1669/930
f 1909/1669/931 890/1642/931 248/286/931 903/285/931
f 1908/1667/932 1909/1669/932 903/285/932 902/284/932
f 1907/1668/933 1908/1667/933 902/284/933 901/282/933
f 360/307/934 1907/1668/934 901/282/934 247/281/934
f 361/320/935 1904/1664/935 1907/1668/935 360/307/935
f 362/318/936 1901/1661/936 1904/1664/936 361/320/936
f 1910/1670/937 1911/1671/937 1914/1672/937 1913/1673/937
f 1911/1671/938 1912/1674/938 1915/1675/938 1914/1672/938
f 1913/1673/939 1914/1672/939 1917/1676/939 1916/1677/939
f 1914/1672/940 1915/1675/940 1918/1678/940 1917/1676/940
f 127/147/941 319/331/941 1910/1670/941 907/146/941
f 319/331/942 318/344/942 1911/1671/942 1910/1670/942
f 318/344/943 317/342/943 1912/1674/943 1911/1671/943
f 317/342/944 130/343/944 910/1679/944 1912/1674/944
f 1912/1674/945 910/1679/945 911/1680/945 1915/1675/945
f 1915/1675/946 911/1680/946 912/1681/946 1918/1678/946
f 1918/1678/947 912/1681/947 252/961/947 918/984/947
f 1917/1676/948 1918/1678/948 918/984/948 917/983/948
f 1916/1677/949 1917/1676/949 917/983/949 916/981/949
f 909/135/950 1916/1677/950 916/981/950 251/133/950
f 908/148/951 1913/1673/951 1916/1677/951 909/135/951
f 907/146/952 1910/1670/952 1913/1673/952 908/148/952
f 1919/1682/500 1920/1683/500 1923/1684/500 1922/1685/500
f 1920/1683/500 1921/1686/500 1924/1687/500 1923/1684/500
f 1922/1685/500 1923/1684/500 1926/1688/500 1925/1689/500
f 1923/1684/500 1924/1687/500 1927/1690/500 1926/1688/500
f 130/343/500 384/341/500 1919/1682/500 910/1679/500
f 384/341/500 385/340/500 1920/1683/500 1919/1682/500
f 385/340/500 386/339/500 1921/1686/500 1920/1683/500
f 386/339/500 145/338/500 913/1691/500 1921/1686/500
f 1921/1686/500 913/1691/500 914/1692/500 1924/1687/500
f 1924/1687/500 914/1692/500 915/1693/500 1927/1690/500
f 1927/1690/500 915/1693/500 253/966/500 921/965/500
f 1926/1688/500 1927/1690/500 921/965/500 920/964/500
f 1925/1689/500 1926/1688/500 920/964/500 919/962/500
f 912/1681/500 1925/1689/500 919/962/500 252/961/500
f 911/1680/500 1922/1685/500 1925/1689/500 912/1681/500
f 910/1679/500 1919/1682/500 1922/1685/500 911/1680/500
f 1928/1694/953 1929/1695/953 1932/1696/953 1931/1697/953
f 1929/1695/954 1930/1698/954 1933/1699/954 1932/1696/954
f 1931/1697/955 1932/1696/955 1935/1700/955 1934/1701/955
f 1932/1696/956 1933/1699/956 1936/1702/956 1935/1700/956
f 194/158/957 636/1002/957 1928/1694/957 620/985/957
f 636/1002/958 637/1001/958 1929/1695/958 1928/1694/958
f 637/1001/959 638/1000/959 1930/1698/959 1929/1695/959
f 638/1000/960 195/999/960 904/1703/960 1930/1698/960
f 1930/1698/961 904/1703/961 905/1704/961 1933/1699/961
f 1933/1699/962 905/1704/962 906/1705/962 1936/1702/962
f 1936/1702/963 906/1705/963 250/138/963 924/137/963
f 1935/1700/964 1936/1702/964 924/137/964 923/136/964
f 1934/1701/965 1935/1700/965 923/136/965 922/134/965
f 618/982/966 1934/1701/966 922/134/966 251/133/966
f 619/986/967 1931/1697/967 1934/1701/967 618/982/967
f 620/985/968 1928/1694/968 1931/1697/968 619/986/968
f 1937/1706/500 1938/1707/500 1941/1708/500 1940/1709/500
f 1938/1707/500 1939/1710/500 1942/1711/500 1941/1708/500
f 1940/1709/500 1941/1708/500 1944/1712/500 1943/1713/500
f 1941/1708/500 1942/1711/500 1945/1714/500 1944/1712/500
f 145/338/500 936/1715/500 1937/1706/500 913/1691/500
f 936/1715/500 935/1716/500 1938/1707/500 1937/1706/500
f 935/1716/500 934/1717/500 1939/1710/500 1938/1707/500
f 934/1717/500 255/1718/500 928/1719/500 1939/1710/500
f 1939/1710/500 928/1719/500 929/1720/500 1942/1711/500
f 1942/1711/500 929/1720/500 930/1721/500 1945/1714/500
f 1945/1714/500 930/1721/500 256/1722/500 933/1723/500
f 1944/1712/500 1945/1714/500 933/1723/500 932/1724/500
f 1943/1713/500 1944/1712/500 932/1724/500 931/1725/500
f 915/1693/500 1943/1713/500 931/1725/500 253/966/500
f 914/1692/500 1940/1709/500 1943/1713/500 915/1693/500
f 913/1691/500 1937/1706/500 1940/1709/500 914/1692/500
f 1946/1726/130 1947/1727/130 1950/1728/130 1949/1729/130
f 1947/1727/130 1948/1730/130 1951/1731/130 1950/1728/130
f 1949/1729/130 1950/1728/130 1953/1732/130 1952/1733/130
f 1950/1728/130 1951/1731/130 1954/1734/130 1953/1732/130
f 144/334/969 939/1735/969 1946/1726/969 380/335/969
f 939/1735/130 938/1735/130 1947/1727/130 1946/1726/130
f 938/1735/970 937/1736/970 1948/1730/970 1947/1727/970
f 937/1736/130 254/334/130 927/1737/130 1948/1730/130
f 1948/1730/130 927/1737/130 926/1738/130 1951/1731/130
f 1951/1731/130 926/1738/130 925/1739/130 1954/1734/130
f 1954/1734/130 925/1739/130 255/1718/130 934/1717/130
f 1953/1732/130 1954/1734/130 934/1717/130 935/1716/130
f 1952/1733/130 1953/1732/130 935/1716/130 936/1715/130
f 378/337/130 1952/1733/130 936/1715/130 145/338/130
f 379/336/130 1949/1729/130 1952/1733/130 378/337/130
f 380/335/130 1946/1726/130 1949/1729/130 379/336/130
f 1955/1740/500 1956/1741/500 1959/1742/500 1958/1743/500
f 1956/1741/500 1957/1744/500 1960/1745/500 1959/1742/500
f 1958/1743/500 1959/1742/500 1962/1746/500 1961/1747/500
f 1959/1742/500 1960/1745/500 1963/1748/500 1962/1746/500
f 255/1718/500 945/1749/500 1955/1740/500 928/1719/500
f 945/1749/500 944/1750/500 1956/1741/500 1955/1740/500
f 944/1750/500 943/1751/500 1957/1744/500 1956/1741/500
f 943/1751/971 2259/1752/971 2260/1753/971 1957/1744/971
f 1957/1744/500 2260/1753/500 2261/1754/500 1960/1745/500
f 1960/1745/500 2261/1754/500 2262/1755/500 1963/1748/500
f 1963/1748/500 2262/1755/500 2263/1756/500 942/1757/500
f 1962/1746/500 1963/1748/500 942/1757/500 941/1758/500
f 1961/1747/500 1962/1746/500 941/1758/500 940/1759/500
f 930/1721/500 1961/1747/500 940/1759/500 256/1722/500
f 929/1720/500 1958/1743/500 1961/1747/500 930/1721/500
f 928/1719/500 1955/1740/500 1958/1743/500 929/1720/500
f 1964/1760/972 1965/1761/972 1968/1762/972 1967/1763/972
f 1965/1761/973 1966/1764/973 1969/1765/973 1968/1762/973
f 1967/1763/974 1968/1762/974 1971/1766/974 1970/1767/974
f 1968/1762/975 1969/1765/975 1972/1768/975 1971/1766/975
f 257/1769/976 955/1770/976 1964/1760/976 946/1771/976
f 955/1770/977 956/1772/977 1965/1761/977 1964/1760/977
f 956/1772/978 957/1773/978 1966/1764/978 1965/1761/978
f 957/1773/979 259/1774/979 949/1775/979 1966/1764/979
f 1966/1764/980 949/1775/980 950/1776/980 1969/1765/980
f 1969/1765/981 950/1776/981 951/1777/981 1972/1768/981
f 1972/1768/982 951/1777/982 260/1778/982 952/1779/982
f 1971/1766/983 1972/1768/983 952/1779/983 953/1780/983
f 1970/1767/984 1971/1766/984 953/1780/984 954/1781/984
f 948/1782/985 1970/1767/985 954/1781/985 258/1783/985
f 947/1784/986 1967/1763/986 1970/1767/986 948/1782/986
f 946/1771/987 1964/1760/987 1967/1763/987 947/1784/987
f 1973/1785/988 1974/1786/988 2284/1787/988 2282/1788/988 1975/1789/988
f 1974/1786/988 2283/1790/988 2284/1787/988
f 1975/1789/988 2282/1788/988 2281/1791/988
f 136/242/988 963/1792/988 1973/1785/988 350/1793/988
f 963/1792/988 962/1794/988 1974/1786/988 1973/1785/988
f 962/1794/988 961/1795/988 2286/1796/988 2283/1790/988 1974/1786/988
f 961/1795/988 262/1797/988 2287/1798/988 2285/1799/988 2286/1796/988
f 352/1800/988 2280/1801/988 2279/1802/988
f 351/1803/988 1975/1789/988 2281/1791/988 2280/1801/988 352/1800/988
f 350/1793/988 1973/1785/988 1975/1789/988 351/1803/988
f 1976/1804/989 1977/1805/989 1980/1806/989 1979/1807/989
f 1977/1805/989 1978/1808/989 1981/1809/989 1980/1806/989
f 1979/1807/990 1980/1806/990 1983/1810/990 1982/1811/990
f 1980/1806/989 1981/1809/989 1984/1812/989 1983/1810/989
f 135/237/990 966/1813/990 1976/1804/990 338/238/990
f 966/1813/990 965/1814/990 1977/1805/990 1976/1804/990
f 965/1814/990 964/1815/990 1978/1808/990 1977/1805/990
f 964/1815/990 261/1816/990 958/1817/990 1978/1808/990
f 1978/1808/989 958/1817/989 959/1818/989 1981/1809/989
f 1981/1809/990 959/1818/990 960/1819/990 1984/1812/990
f 1984/1812/989 960/1819/989 262/1797/989 961/1795/989
f 1983/1810/990 1984/1812/990 961/1795/990 962/1794/990
f 1982/1811/989 1983/1810/989 962/1794/989 963/1792/989
f 340/240/989 1982/1811/989 963/1792/989 136/242/989
f 339/239/990 1979/1807/990 1982/1811/990 340/240/990
f 338/238/989 1976/1804/989 1979/1807/989 339/239/989
f 1985/1820/991 1986/1821/991 1989/1822/991 1988/1823/991
f 1986/1821/992 1987/1824/992 1990/1825/992 1989/1822/992
f 1988/1823/993 1989/1822/993 1992/1826/993 1991/1827/993
f 1989/1822/994 1990/1825/994 2288/1828/994 2296/1829/994 1992/1826/994
f 136/242/995 350/1793/995 1985/1820/995 967/241/995
f 350/1793/996 351/1803/996 1986/1821/996 1985/1820/996
f 351/1803/997 352/1800/997 1987/1824/997 1986/1821/997
f 352/1800/998 2279/1802/998 2278/1830/998 1987/1824/998
f 1987/1824/999 2278/1830/999 2277/1831/999 1990/1825/999
f 1990/1825/1000 2277/1831/1000 2276/1832/1000 2288/1828/1000
f 1992/1826/1001 2296/1829/1001 2295/1833/1001
f 1991/1827/1002 1992/1826/1002 2295/1833/1002 2294/249/1002 973/247/1002
f 969/230/1003 1991/1827/1003 973/247/1003 263/228/1003
f 968/243/1004 1988/1823/1004 1991/1827/1004 969/230/1004
f 967/241/1005 1985/1820/1005 1988/1823/1005 968/243/1005
f 1993/1834/1006 1994/1835/1006 1997/1836/1006 1996/1837/1006
f 1994/1835/1007 1995/1838/1007 1998/1839/1007 1997/1836/1007
f 1996/1837/1008 1997/1836/1008 2000/1840/1008 1999/1841/1008
f 1997/1836/1009 1998/1839/1009 2001/1842/1009 2000/1840/1009
f 138/253/1010 344/1843/1010 1993/1834/1010 343/250/1010
f 344/1843/1011 345/1844/1011 1994/1835/1011 1993/1834/1011
f 345/1844/1012 346/1845/1012 1995/1838/1012 1994/1835/1012
f 346/1845/1013 137/1846/1013 970/1847/1013 1995/1838/1013
f 1995/1838/1014 970/1847/1014 971/1848/1014 1998/1839/1014
f 1998/1839/1015 971/1848/1015 972/1849/1015 2001/1842/1015
f 2001/1842/1016 972/1849/1016 264/233/1016 976/232/1016
f 2000/1840/1017 2001/1842/1017 976/232/1017 975/231/1017
f 1999/1841/1018 2000/1840/1018 975/231/1018 974/229/1018
f 341/248/1019 1999/1841/1019 974/229/1019 263/228/1019
f 342/254/1020 1996/1837/1020 1999/1841/1020 341/248/1020
f 343/250/1021 1993/1834/1021 1996/1837/1021 342/254/1021
f 2002/1850/1022 2003/1851/1022 2006/1852/1022 2005/1853/1022
f 2003/1851/1023 2004/1854/1023 2007/1855/1023 2006/1852/1023
f 2005/1853/1024 2006/1852/1024 2009/1856/1024 2008/1857/1024
f 2006/1852/1025 2007/1855/1025 2010/1858/1025 2009/1856/1025
f 138/253/1026 977/1859/1026 2002/1850/1026 344/1843/1026
f 977/1859/1027 978/1860/1027 2003/1851/1027 2002/1850/1027
f 978/1860/1028 979/1861/1028 2004/1854/1028 2003/1851/1028
f 979/1861/1029 265/1862/1029 985/1863/1029 2004/1854/1029
f 2004/1854/1030 985/1863/1030 984/1864/1030 2007/1855/1030
f 2007/1855/1031 984/1864/1031 983/1865/1031 2010/1858/1031
f 2010/1858/1032 983/1865/1032 266/1866/1032 354/1867/1032
f 2009/1856/1033 2010/1858/1033 354/1867/1033 355/1868/1033
f 2008/1857/1034 2009/1856/1034 355/1868/1034 356/1869/1034
f 346/1845/1035 2008/1857/1035 356/1869/1035 137/1846/1035
f 345/1844/1036 2005/1853/1036 2008/1857/1036 346/1845/1036
f 344/1843/1037 2002/1850/1037 2005/1853/1037 345/1844/1037
f 2011/1870/1038 2012/1871/1038 2015/1872/1038 2014/1873/1038
f 2012/1871/1039 2013/1874/1039 2016/1875/1039 2015/1872/1039
f 2014/1873/1040 2015/1872/1040 2018/1876/1040 2017/1877/1040
f 2015/1872/1041 2016/1875/1041 2019/1878/1041 2018/1876/1041
f 265/1862/1042 2303/1879/1042 2309/1880/1042 2011/1870/1042 985/1863/1042
f 2013/1874/1043 2312/1881/1043 2313/1882/1043 990/271/1043 2016/1875/1043
f 2016/1875/1044 990/271/1044 989/269/1044 2019/1878/1044
f 2019/1878/1045 989/269/1045 267/270/1045 980/1883/1045
f 2018/1876/1046 2019/1878/1046 980/1883/1046 981/1884/1046
f 2017/1877/1047 2018/1876/1047 981/1884/1047 982/1885/1047
f 983/1865/1048 2017/1877/1048 982/1885/1048 266/1866/1048
f 984/1864/1049 2014/1873/1049 2017/1877/1049 983/1865/1049
f 985/1863/1050 2011/1870/1050 2014/1873/1050 984/1864/1050
f 2020/1886/1051 2021/1887/1051 2024/1888/1051 2023/1889/1051
f 2021/1887/1051 2022/1890/1051 2025/1891/1051 2024/1888/1051
f 2023/1889/1051 2024/1888/1051 2027/1892/1051 2026/1893/1051
f 2024/1888/1051 2025/1891/1051 2028/1894/1051 2027/1892/1051
f 268/1895/1051 996/1896/1051 2020/1886/1051 993/1897/1051
f 996/1896/1051 995/1898/1051 2021/1887/1051 2020/1886/1051
f 995/1898/1051 994/1899/1051 2022/1890/1051 2021/1887/1051
f 994/1899/1051 2257/1900/1051 2258/1901/1051 2022/1890/1051
f 2022/1890/1051 2258/1901/1051 2265/1902/1051 2025/1891/1051
f 2025/1891/1051 2265/1902/1051 2264/1903/1051 2028/1894/1051
f 2028/1894/1051 2264/1903/1051 2266/1904/1051 999/1905/1051
f 2027/1892/1051 2028/1894/1051 999/1905/1051 998/1906/1051
f 2026/1893/1051 2027/1892/1051 998/1906/1051 997/1907/1051
f 991/1908/1051 2026/1893/1051 997/1907/1051 261/1816/1051
f 992/1909/1051 2023/1889/1051 2026/1893/1051 991/1908/1051
f 993/1897/1051 2020/1886/1051 2023/1889/1051 992/1909/1051
f 2029/1910/1052 2030/1911/1052 2033/1912/1052 2032/1913/1052
f 2030/1911/1053 2031/1914/1053 2034/1915/1053 2033/1912/1053
f 2032/1913/1054 2033/1912/1054 2036/1916/1054 2035/1917/1054
f 2033/1912/1055 2034/1915/1055 2037/1918/1055 2036/1916/1055
f 167/509/1056 1006/1919/1056 2029/1910/1056 482/666/1056
f 1006/1919/1057 1007/1920/1057 2030/1911/1057 2029/1910/1057
f 1007/1920/1058 1008/1921/1058 2031/1914/1058 2030/1911/1058
f 1008/1921/1059 271/639/1059 1017/737/1059 2031/1914/1059
f 2031/1914/1060 1017/737/1060 1016/739/1060 2034/1915/1060
f 2034/1915/1061 1016/739/1061 1015/738/1061 2037/1918/1061
f 2037/1918/1062 1015/738/1062 273/718/1062 525/1922/1062
f 2036/1916/1063 2037/1918/1063 525/1922/1063 526/1923/1063
f 2035/1917/1064 2036/1916/1064 526/1923/1064 527/1924/1064
f 480/668/1065 2035/1917/1065 527/1924/1065 169/653/1065
f 481/667/1066 2032/1913/1066 2035/1917/1066 480/668/1066
f 482/666/1067 2029/1910/1067 2032/1913/1067 481/667/1067
f 2038/1925/1068 2039/1926/1068 2042/1927/1068 2041/1928/1068
f 2039/1926/1069 2040/1929/1069 2043/1930/1069 2042/1927/1069
f 2041/1928/1070 2042/1927/1070 2045/1931/1070 2044/1932/1070
f 2042/1927/1071 2043/1930/1071 2046/1933/1071 2045/1931/1071
f 169/653/1072 527/1924/1072 2038/1925/1072 485/654/1072
f 527/1924/1073 526/1923/1073 2039/1926/1073 2038/1925/1073
f 526/1923/1074 525/1922/1074 2040/1929/1074 2039/1926/1074
f 525/1922/1075 273/718/1075 1020/720/1075 2040/1929/1075
f 2040/1929/1076 1020/720/1076 1019/727/1076 2043/1930/1076
f 2043/1930/1077 1019/727/1077 1018/726/1077 2046/1933/1077
f 2046/1933/1078 1018/726/1078 272/600/1078 522/1934/1078
f 2045/1931/1079 2046/1933/1079 522/1934/1079 523/1935/1079
f 2044/1932/1080 2045/1931/1080 523/1935/1080 524/1936/1080
f 483/656/1081 2044/1932/1081 524/1936/1081 166/480/1081
f 484/655/1082 2041/1928/1082 2044/1932/1082 483/656/1082
f 485/654/1083 2038/1925/1083 2041/1928/1083 484/655/1083
f 2047/1937/1084 2048/1938/1084 2051/1939/1084 2050/1940/1084
f 2048/1938/1085 2049/1941/1085 2052/1942/1085 2051/1939/1085
f 2050/1940/1086 2051/1939/1086 2054/1943/1086 2053/1944/1086
f 2051/1939/1087 2052/1942/1087 2055/1945/1087 2054/1943/1087
f 170/505/1088 494/1946/1088 2047/1937/1088 488/506/1088
f 494/1946/1089 493/1947/1089 2048/1938/1089 2047/1937/1089
f 493/1947/1090 492/1948/1090 2049/1941/1090 2048/1938/1090
f 492/1948/1091 270/625/1091 1023/627/1091 2049/1941/1091
f 2049/1941/1092 1023/627/1092 1022/640/1092 2052/1942/1092
f 2052/1942/1093 1022/640/1093 1021/638/1093 2055/1945/1093
f 2055/1945/1094 1021/638/1094 271/639/1094 1008/1921/1094
f 2054/1943/1095 2055/1945/1095 1008/1921/1095 1007/1920/1095
f 2053/1944/1096 2054/1943/1096 1007/1920/1096 1006/1919/1096
f 486/508/1097 2053/1944/1097 1006/1919/1097 167/509/1097
f 487/507/1098 2050/1940/1098 2053/1944/1098 486/508/1098
f 488/506/1099 2047/1937/1099 2050/1940/1099 487/507/1099
f 2056/1949/1100 2057/1950/1100 2060/1951/1100 2059/1952/1100
f 2057/1950/1101 2058/1953/1101 2061/1954/1101 2060/1951/1101
f 2059/1952/1102 2060/1951/1102 2063/1955/1102 2062/1956/1102
f 2060/1951/1103 2061/1954/1103 2064/1957/1103 2063/1955/1103
f 166/480/1104 524/1936/1104 2056/1949/1104 479/481/1104
f 524/1936/1105 523/1935/1105 2057/1950/1105 2056/1949/1105
f 523/1935/1106 522/1934/1106 2058/1953/1106 2057/1950/1106
f 522/1934/1107 272/600/1107 1026/602/1107 2058/1953/1107
f 2058/1953/1108 1026/602/1108 1025/615/1108 2061/1954/1108
f 2061/1954/1109 1025/615/1109 1024/613/1109 2064/1957/1109
f 2064/1957/1110 1024/613/1110 269/614/1110 489/1958/1110
f 2063/1955/1111 2064/1957/1111 489/1958/1111 490/1959/1111
f 2062/1956/1112 2063/1955/1112 490/1959/1112 491/1960/1112
f 477/483/1113 2062/1956/1113 491/1960/1113 168/484/1113
f 478/482/1114 2059/1952/1114 2062/1956/1114 477/483/1114
f 479/481/1115 2056/1949/1115 2059/1952/1115 478/482/1115
f 2065/1961/1116 2066/1962/1116 2069/1963/1116 2068/1964/1116
f 2066/1962/1116 2067/1965/1116 2070/1966/1116 2069/1963/1116
f 2068/1964/1116 2069/1963/1116 2072/1967/1116 2071/1968/1116
f 2069/1963/1116 2070/1966/1116 2073/1969/1116 2072/1967/1116
f 270/625/1116 1032/1970/1116 2065/1961/1116 1005/626/1116
f 1032/1970/1116 1031/1971/1116 2066/1962/1116 2065/1961/1116
f 1031/1971/1116 1030/1972/1116 2067/1965/1116 2066/1962/1116
f 1030/1972/1116 275/1973/1116 1029/1974/1116 2067/1965/1116
f 2067/1965/1116 1029/1974/1116 1028/1975/1116 2070/1966/1116
f 2070/1966/1116 1028/1975/1116 1027/1976/1116 2073/1969/1116
f 2073/1969/1116 1027/1976/1116 274/1977/1116 1035/1978/1116
f 2072/1967/1116 2073/1969/1116 1035/1978/1116 1034/1979/1116
f 2071/1968/1116 2072/1967/1116 1034/1979/1116 1033/1980/1116
f 1003/629/1116 2071/1968/1116 1033/1980/1116 175/630/1116
f 1004/628/1116 2068/1964/1116 2071/1968/1116 1003/629/1116
f 1005/626/1116 2065/1961/1116 2068/1964/1116 1004/628/1116
f 2074/1981/1117 2075/1982/1117 2078/1983/1117 2077/1984/1117
f 2075/1982/1117 2076/1985/1117 2079/1986/1117 2078/1983/1117
f 2077/1984/1117 2078/1983/1117 2081/1987/1117 2080/1988/1117
f 2078/1983/1117 2079/1986/1117 2082/1989/1117 2081/1987/1117
f 176/797/1117 1039/1990/1117 2074/1981/1117 530/798/1117
f 1039/1990/1117 1040/1991/1117 2075/1982/1117 2074/1981/1117
f 1040/1991/1117 1041/1992/1117 2076/1985/1117 2075/1982/1117
f 1041/1992/1117 277/1993/1117 1053/1994/1117 2076/1985/1117
f 2076/1985/1117 1053/1994/1117 1052/1995/1117 2079/1986/1117
f 2079/1986/1117 1052/1995/1117 1051/1996/1117 2082/1989/1117
f 2082/1989/1117 1051/1996/1117 280/1997/1117 573/1998/1117
f 2081/1987/1117 2082/1989/1117 573/1998/1117 574/1999/1117
f 2080/1988/1118 2081/1987/1118 574/1999/1118 575/2000/1118
f 528/800/1117 2080/1988/1117 575/2000/1117 178/801/1117
f 529/799/1117 2077/1984/1117 2080/1988/1117 528/800/1117
f 530/798/1117 2074/1981/1117 2077/1984/1117 529/799/1117
f 2083/2001/1119 2084/2002/1119 2087/2003/1119 2086/2004/1119
f 2084/2002/1120 2085/2005/1120 2088/2006/1120 2087/2003/1120
f 2086/2004/1120 2087/2003/1120 2090/2007/1120 2089/2008/1120
f 2087/2003/1119 2088/2006/1119 2091/2009/1119 2090/2007/1119
f 180/681/1120 572/2010/1120 2083/2001/1120 539/682/1120
f 572/2010/1120 571/2011/1120 2084/2002/1120 2083/2001/1120
f 571/2011/1120 570/2012/1120 2085/2005/1120 2084/2002/1120
f 570/2012/1120 279/2013/1120 1056/2014/1120 2085/2005/1120
f 2085/2005/1120 1056/2014/1120 1055/2015/1120 2088/2006/1120
f 2088/2006/1119 1055/2015/1119 1054/2016/1119 2091/2009/1119
f 2091/2009/1120 1054/2016/1120 278/2017/1120 567/2018/1120
f 2090/2007/1120 2091/2009/1120 567/2018/1120 568/2019/1120
f 2089/2008/1119 2090/2007/1119 568/2019/1119 569/2020/1119
f 537/684/1120 2089/2008/1120 569/2020/1120 177/685/1120
f 538/683/1120 2086/2004/1120 2089/2008/1120 537/684/1120
f 539/682/1120 2083/2001/1120 2086/2004/1120 538/683/1120
f 2092/2021/1121 2093/2022/1121 2096/2023/1121 2095/2024/1121
f 2093/2022/1121 2094/2025/1121 2097/2026/1121 2096/2023/1121
f 2095/2024/1121 2096/2023/1121 2099/2027/1121 2098/2028/1121
f 2096/2023/1121 2097/2026/1121 2100/2029/1121 2099/2027/1121
f 179/702/1121 542/2030/1121 2092/2021/1121 536/814/1121
f 542/2030/1121 541/2031/1121 2093/2022/1121 2092/2021/1121
f 541/2031/1121 540/2032/1121 2094/2025/1121 2093/2022/1121
f 540/2032/1121 276/2033/1121 1059/2034/1121 2094/2025/1121
f 2094/2025/1121 1059/2034/1121 1058/2035/1121 2097/2026/1121
f 2097/2026/1121 1058/2035/1121 1057/2036/1121 2100/2029/1121
f 2100/2029/1121 1057/2036/1121 277/1993/1121 1041/1992/1121
f 2099/2027/1121 2100/2029/1121 1041/1992/1121 1040/1991/1121
f 2098/2028/1121 2099/2027/1121 1040/1991/1121 1039/1990/1121
f 534/816/1121 2098/2028/1121 1039/1990/1121 176/797/1121
f 535/815/1121 2095/2024/1121 2098/2028/1121 534/816/1121
f 536/814/1121 2092/2021/1121 2095/2024/1121 535/815/1121
f 2101/2037/1122 2102/2038/1122 2105/2039/1122 2104/2040/1122
f 2102/2038/1122 2103/2041/1122 2106/2042/1122 2105/2039/1122
f 2104/2040/1122 2105/2039/1122 2108/2043/1122 2107/2044/1122
f 2105/2039/1122 2106/2042/1122 2109/2045/1122 2108/2043/1122
f 177/685/1122 569/2020/1122 2101/2037/1122 533/699/1122
f 569/2020/1122 568/2019/1122 2102/2038/1122 2101/2037/1122
f 568/2019/1122 567/2018/1122 2103/2041/1122 2102/2038/1122
f 567/2018/1122 278/2017/1122 1062/2046/1122 2103/2041/1122
f 2103/2041/1122 1062/2046/1122 1061/2047/1122 2106/2042/1122
f 2106/2042/1122 1061/2047/1122 1060/2048/1122 2109/2045/1122
f 2109/2045/1122 1060/2048/1122 276/2033/1122 540/2032/1122
f 2108/2043/1122 2109/2045/1122 540/2032/1122 541/2031/1122
f 2107/2044/1122 2108/2043/1122 541/2031/1122 542/2030/1122
f 531/701/1122 2107/2044/1122 542/2030/1122 179/702/1122
f 532/700/1122 2104/2040/1122 2107/2044/1122 531/701/1122
f 533/699/1122 2101/2037/1122 2104/2040/1122 532/700/1122
f 2110/2049/1123 2111/2050/1123 2114/2051/1123 2113/2052/1123
f 2111/2050/1124 2112/2053/1124 2115/2054/1124 2114/2051/1124
f 2113/2052/1125 2114/2051/1125 2117/2055/1125 2116/2056/1125
f 2114/2051/1126 2115/2054/1126 2118/2057/1126 2117/2055/1126
f 290/2058/1127 1063/2059/1127 2110/2049/1127 1116/2060/1127
f 1063/2059/1128 1064/2061/1128 2111/2050/1128 2110/2049/1128
f 1064/2061/1129 1065/2062/1129 2112/2053/1129 2111/2050/1129
f 1065/2062/1130 281/2063/1130 1080/2064/1130 2112/2053/1130
f 2112/2053/1131 1080/2064/1131 1079/2065/1131 2115/2054/1131
f 2115/2054/1132 1079/2065/1132 1078/2066/1132 2118/2057/1132
f 2118/2057/1133 1078/2066/1133 285/2067/1133 1099/2068/1133
f 2117/2055/1134 2118/2057/1134 1099/2068/1134 1100/2069/1134
f 2116/2056/1135 2117/2055/1135 1100/2069/1135 1101/2070/1135
f 1114/2071/1136 2116/2056/1136 1101/2070/1136 289/2072/1136
f 1115/2073/1137 2113/2052/1137 2116/2056/1137 1114/2071/1137
f 1116/2060/1138 2110/2049/1138 2113/2052/1138 1115/2073/1138
f 2119/2074/1139 2120/2075/1139 2123/2076/1139 2122/2077/1139
f 2120/2075/1140 2121/2078/1140 2124/2079/1140 2123/2076/1140
f 2122/2077/1141 2123/2076/1141 2126/2080/1141 2125/2081/1141
f 2123/2076/1142 2124/2079/1142 2127/2082/1142 2126/2080/1142
f 288/2083/1143 1098/2084/1143 2119/2074/1143 1113/2085/1143
f 1098/2084/1144 1097/2086/1144 2120/2075/1144 2119/2074/1144
f 1097/2086/1145 1096/2087/1145 2121/2078/1145 2120/2075/1145
f 1096/2087/1146 284/2088/1146 1083/2089/1146 2121/2078/1146
f 2121/2078/1147 1083/2089/1147 1082/2090/1147 2124/2079/1147
f 2124/2079/1148 1082/2090/1148 1081/2091/1148 2127/2082/1148
f 2127/2082/1149 1081/2091/1149 283/2092/1149 1093/2093/1149
f 2126/2080/1150 2127/2082/1150 1093/2093/1150 1094/2094/1150
f 2125/2081/1151 2126/2080/1151 1094/2094/1151 1095/2095/1151
f 1111/2096/1152 2125/2081/1152 1095/2095/1152 287/2097/1152
f 1112/2098/1153 2122/2077/1153 2125/2081/1153 1111/2096/1153
f 1113/2085/1154 2119/2074/1154 2122/2077/1154 1112/2098/1154
f 2128/2099/1155 2129/2100/1155 2132/2101/1155 2131/2102/1155
f 2129/2100/1156 2130/2103/1156 2133/2104/1156 2132/2101/1156
f 2131/2102/1157 2132/2101/1157 2135/2105/1157 2134/2106/1157
f 2132/2101/1158 2133/2104/1158 2136/2107/1158 2135/2105/1158
f 286/2108/1159 1092/2109/1159 2128/2099/1159 1110/2110/1159
f 1092/2109/1160 1091/2111/1160 2129/2100/1160 2128/2099/1160
f 1091/2111/1161 1090/2112/1161 2130/2103/1161 2129/2100/1161
f 1090/2112/1162 282/2113/1162 1086/2114/1162 2130/2103/1162
f 2130/2103/1163 1086/2114/1163 1085/2115/1163 2133/2104/1163
f 2133/2104/1164 1085/2115/1164 1084/2116/1164 2136/2107/1164
f 2136/2107/1165 1084/2116/1165 281/2063/1165 1065/2062/1165
f 2135/2105/1166 2136/2107/1166 1065/2062/1166 1064/2061/1166
f 2134/2106/1167 2135/2105/1167 1064/2061/1167 1063/2059/1167
f 1108/2117/1168 2134/2106/1168 1063/2059/1168 290/2058/1168
f 1109/2118/1169 2131/2102/1169 2134/2106/1169 1108/2117/1169
f 1110/2110/1170 2128/2099/1170 2131/2102/1170 1109/2118/1170
f 2137/2119/1171 2138/2120/1171 2141/2121/1171 2140/2122/1171
f 2138/2120/1172 2139/2123/1172 2142/2124/1172 2141/2121/1172
f 2140/2122/1173 2141/2121/1173 2144/2125/1173 2143/2126/1173
f 2141/2121/1174 2142/2124/1174 2145/2127/1174 2144/2125/1174
f 287/2097/1175 1095/2095/1175 2137/2119/1175 1107/2128/1175
f 1095/2095/1176 1094/2094/1176 2138/2120/1176 2137/2119/1176
f 1094/2094/1177 1093/2093/1177 2139/2123/1177 2138/2120/1177
f 1093/2093/1178 283/2092/1178 1089/2129/1178 2139/2123/1178
f 2139/2123/1179 1089/2129/1179 1088/2130/1179 2142/2124/1179
f 2142/2124/1180 1088/2130/1180 1087/2131/1180 2145/2127/1180
f 2145/2127/1181 1087/2131/1181 282/2113/1181 1090/2112/1181
f 2144/2125/1182 2145/2127/1182 1090/2112/1182 1091/2111/1182
f 2143/2126/1183 2144/2125/1183 1091/2111/1183 1092/2109/1183
f 1105/2132/1184 2143/2126/1184 1092/2109/1184 286/2108/1184
f 1106/2133/1185 2140/2122/1185 2143/2126/1185 1105/2132/1185
f 1107/2128/1186 2137/2119/1186 2140/2122/1186 1106/2133/1186
f 2146/2134/1187 2147/2135/1187 2150/2136/1187 2149/2137/1187
f 2147/2135/1188 2148/2138/1188 2151/2139/1188 2150/2136/1188
f 2149/2137/1189 2150/2136/1189 2153/2140/1189 2152/2141/1189
f 2150/2136/1190 2151/2139/1190 2154/2142/1190 2153/2140/1190
f 278/2017/1191 1044/2143/1191 2146/2134/1191 1062/2046/1191
f 1044/2143/1192 1043/2144/1192 2147/2135/1192 2146/2134/1192
f 1043/2144/1193 1042/2145/1193 2148/2138/1193 2147/2135/1193
f 1042/2145/1194 287/2097/1194 1107/2128/1194 2148/2138/1194
f 2148/2138/1195 1107/2128/1195 1106/2133/1195 2151/2139/1195
f 2151/2139/1196 1106/2133/1196 1105/2132/1196 2154/2142/1196
f 2154/2142/1197 1105/2132/1197 286/2108/1197 1036/2146/1197
f 2153/2140/1198 2154/2142/1198 1036/2146/1198 1037/2147/1198
f 2152/2141/1199 2153/2140/1199 1037/2147/1199 1038/2148/1199
f 1060/2048/1200 2152/2141/1200 1038/2148/1200 276/2033/1200
f 1061/2047/1201 2149/2137/1201 2152/2141/1201 1060/2048/1201
f 1062/2046/1202 2146/2134/1202 2149/2137/1202 1061/2047/1202
f 2155/2149/1203 2156/2150/1203 2159/2151/1203 2158/2152/1203
f 2156/2150/1204 2157/2153/1204 2160/2154/1204 2159/2151/1204
f 2158/2152/1205 2159/2151/1205 2162/2155/1205 2161/2156/1205
f 2159/2151/1206 2160/2154/1206 2163/2157/1206 2162/2155/1206
f 276/2033/1207 1038/2148/1207 2155/2149/1207 1059/2034/1207
f 1038/2148/1208 1037/2147/1208 2156/2150/1208 2155/2149/1208
f 1037/2147/1209 1036/2146/1209 2157/2153/1209 2156/2150/1209
f 1036/2146/1210 286/2108/1210 1110/2110/1210 2157/2153/1210
f 2157/2153/1211 1110/2110/1211 1109/2118/1211 2160/2154/1211
f 2160/2154/1212 1109/2118/1212 1108/2117/1212 2163/2157/1212
f 2163/2157/1213 1108/2117/1213 290/2058/1213 1104/2158/1213
f 2162/2155/1214 2163/2157/1214 1104/2158/1214 1103/2159/1214
f 2161/2156/1215 2162/2155/1215 1103/2159/1215 1102/2160/1215
f 1057/2036/1216 2161/2156/1216 1102/2160/1216 277/1993/1216
f 1058/2035/1217 2158/2152/1217 2161/2156/1217 1057/2036/1217
f 1059/2034/1218 2155/2149/1218 2158/2152/1218 1058/2035/1218
f 2164/2161/1219 2165/2162/1219 2168/2163/1219 2167/2164/1219
f 2165/2162/1220 2166/2165/1220 2169/2166/1220 2168/2163/1220
f 2167/2164/1221 2168/2163/1221 2171/2167/1221 2170/2168/1221
f 2168/2163/1222 2169/2166/1222 2172/2169/1222 2171/2167/1222
f 279/2013/1223 1047/2170/1223 2164/2161/1223 1056/2014/1223
f 1047/2170/1224 1046/2171/1224 2165/2162/1224 2164/2161/1224
f 1046/2171/1225 1045/2172/1225 2166/2165/1225 2165/2162/1225
f 1045/2172/1226 288/2083/1226 1113/2085/1226 2166/2165/1226
f 2166/2165/1227 1113/2085/1227 1112/2098/1227 2169/2166/1227
f 2169/2166/1228 1112/2098/1228 1111/2096/1228 2172/2169/1228
f 2172/2169/1229 1111/2096/1229 287/2097/1229 1042/2145/1229
f 2171/2167/1230 2172/2169/1230 1042/2145/1230 1043/2144/1230
f 2170/2168/1231 2171/2167/1231 1043/2144/1231 1044/2143/1231
f 1054/2016/1232 2170/2168/1232 1044/2143/1232 278/2017/1232
f 1055/2015/1233 2167/2164/1233 2170/2168/1233 1054/2016/1233
f 1056/2014/1234 2164/2161/1234 2167/2164/1234 1055/2015/1234
f 2173/2173/1235 2174/2174/1235 2177/2175/1235 2176/2176/1235
f 2174/2174/1236 2175/2177/1236 2178/2178/1236 2177/2175/1236
f 2176/2176/1237 2177/2175/1237 2180/2179/1237 2179/2180/1237
f 2177/2175/1238 2178/2178/1238 2181/2181/1238 2180/2179/1238
f 277/1993/1239 1102/2160/1239 2173/2173/1239 1053/1994/1239
f 1102/2160/1240 1103/2159/1240 2174/2174/1240 2173/2173/1240
f 1103/2159/1241 1104/2158/1241 2175/2177/1241 2174/2174/1241
f 1104/2158/1242 290/2058/1242 1116/2060/1242 2175/2177/1242
f 2175/2177/1243 1116/2060/1243 1115/2073/1243 2178/2178/1243
f 2178/2178/1244 1115/2073/1244 1114/2071/1244 2181/2181/1244
f 2181/2181/1245 1114/2071/1245 289/2072/1245 1048/2182/1245
f 2180/2179/1246 2181/2181/1246 1048/2182/1246 1049/2183/1246
f 2179/2180/1247 2180/2179/1247 1049/2183/1247 1050/2184/1247
f 1051/1996/1248 2179/2180/1248 1050/2184/1248 280/1997/1248
f 1052/1995/1249 2176/2176/1249 2179/2180/1249 1051/1996/1249
f 1053/1994/1250 2173/2173/1250 2176/2176/1250 1052/1995/1250
f 2182/2185/1120 2183/2186/1120 2186/2187/1120 2185/2188/1120
f 2183/2186/1120 2184/2189/1120 2187/2190/1120 2186/2187/1120
f 2185/2188/1120 2186/2187/1120 2189/2191/1120 2188/2192/1120
f 2186/2187/1119 2187/2190/1119 2190/2193/1119 2189/2191/1119
f 185/831/1119 1134/2194/1119 2182/2185/1119 566/832/1119
f 1134/2194/1119 1133/2195/1119 2183/2186/1119 2182/2185/1119
f 1133/2195/1120 1132/2196/1120 2184/2189/1120 2183/2186/1120
f 1132/2196/1120 295/2197/1120 1128/2198/1120 2184/2189/1120
f 2184/2189/1120 1128/2198/1120 1127/2199/1120 2187/2190/1120
f 2187/2190/1119 1127/2199/1119 1126/2200/1119 2190/2193/1119
f 2190/2193/1120 1126/2200/1120 292/2201/1120 1131/2202/1120
f 2189/2191/1120 2190/2193/1120 1131/2202/1120 1130/2203/1120
f 2188/2192/1120 2189/2191/1120 1130/2203/1120 1129/2204/1120
f 564/834/1120 2188/2192/1120 1129/2204/1120 182/754/1120
f 565/833/1120 2185/2188/1120 2188/2192/1120 564/834/1120
f 566/832/1120 2182/2185/1120 2185/2188/1120 565/833/1120
f 2191/2205/1122 2192/2206/1122 2195/2207/1122 2194/2208/1122
f 2192/2206/1122 2193/2209/1122 2196/2210/1122 2195/2207/1122
f 2194/2208/1122 2195/2207/1122 2198/2211/1122 2197/2212/1122
f 2195/2207/1122 2196/2210/1122 2199/2213/1122 2198/2211/1122
f 182/754/1122 1129/2204/1122 2191/2205/1122 560/755/1122
f 1129/2204/1122 1130/2203/1122 2192/2206/1122 2191/2205/1122
f 1130/2203/1122 1131/2202/1122 2193/2209/1122 2192/2206/1122
f 1131/2202/1122 292/2201/1122 1122/2214/1122 2193/2209/1122
f 2193/2209/1122 1122/2214/1122 1121/2215/1122 2196/2210/1122
f 2196/2210/1122 1121/2215/1122 1120/2216/1122 2199/2213/1122
f 2199/2213/1122 1120/2216/1122 294/2217/1122 1137/2218/1122
f 2198/2211/1122 2199/2213/1122 1137/2218/1122 1136/2219/1122
f 2197/2212/1122 2198/2211/1122 1136/2219/1122 1135/2220/1122
f 558/757/1122 2197/2212/1122 1135/2220/1122 184/758/1122
f 559/756/1122 2194/2208/1122 2197/2212/1122 558/757/1122
f 560/755/1122 2191/2205/1122 2194/2208/1122 559/756/1122
f 2200/2221/1121 2201/2222/1121 2204/2223/1121 2203/2224/1121
f 2201/2222/1121 2202/2225/1121 2205/2226/1121 2204/2223/1121
f 2203/2224/1121 2204/2223/1121 2207/2227/1121 2206/2228/1121
f 2204/2223/1121 2205/2226/1121 2208/2229/1121 2207/2227/1121
f 184/758/1121 1135/2220/1121 2200/2221/1121 563/775/1121
f 1135/2220/1121 1136/2219/1121 2201/2222/1121 2200/2221/1121
f 1136/2219/1121 1137/2218/1121 2202/2225/1121 2201/2222/1121
f 1137/2218/1121 294/2217/1121 1125/2230/1121 2202/2225/1121
f 2202/2225/1121 1125/2230/1121 1124/2231/1121 2205/2226/1121
f 2205/2226/1121 1124/2231/1121 1123/2232/1121 2208/2229/1121
f 2208/2229/1121 1123/2232/1121 291/2233/1121 1140/2234/1121
f 2207/2227/1121 2208/2229/1121 1140/2234/1121 1139/2235/1121
f 2206/2228/1121 2207/2227/1121 1139/2235/1121 1138/2236/1121
f 561/777/1121 2206/2228/1121 1138/2236/1121 181/778/1121
f 562/776/1121 2203/2224/1121 2206/2228/1121 561/777/1121
f 563/775/1121 2200/2221/1121 2203/2224/1121 562/776/1121
f 2209/2237/1117 2210/2238/1117 2213/2239/1117 2212/2240/1117
f 2210/2238/1118 2211/2241/1118 2214/2242/1118 2213/2239/1118
f 2212/2240/1117 2213/2239/1117 2216/2243/1117 2215/2244/1117
f 2213/2239/1117 2214/2242/1117 2217/2245/1117 2216/2243/1117
f 181/778/1118 1138/2236/1118 2209/2237/1118 557/847/1118
f 1138/2236/1117 1139/2235/1117 2210/2238/1117 2209/2237/1117
f 1139/2235/1117 1140/2234/1117 2211/2241/1117 2210/2238/1117
f 1140/2234/1117 291/2233/1117 1119/2246/1117 2211/2241/1117
f 2211/2241/1117 1119/2246/1117 1118/2247/1117 2214/2242/1117
f 2214/2242/1117 1118/2247/1117 1117/2248/1117 2217/2245/1117
f 2217/2245/1117 1117/2248/1117 293/2249/1117 1143/2250/1117
f 2216/2243/1117 2217/2245/1117 1143/2250/1117 1142/2251/1117
f 2215/2244/1117 2216/2243/1117 1142/2251/1117 1141/2252/1117
f 555/849/1117 2215/2244/1117 1141/2252/1117 183/850/1117
f 556/848/1117 2212/2240/1117 2215/2244/1117 555/849/1117
f 557/847/1117 2209/2237/1117 2212/2240/1117 556/848/1117
f 2218/2253/1251 2219/2254/1251 2222/2255/1251 2221/2256/1251
f 2219/2254/1252 2220/2257/1252 2223/2258/1252 2222/2255/1252
f 2221/2256/1253 2222/2255/1253 2225/2259/1253 2224/2260/1253
f 2222/2255/1254 2223/2258/1254 2226/2261/1254 2225/2259/1254
f 281/2063/1255 1144/2262/1255 2218/2253/1255 1080/2064/1255
f 1144/2262/1256 1145/2263/1256 2219/2254/1256 2218/2253/1256
f 1145/2263/1257 1146/2264/1257 2220/2257/1257 2219/2254/1257
f 1146/2264/1258 296/783/1258 1161/846/1258 2220/2257/1258
f 2220/2257/1259 1161/846/1259 1160/856/1259 2223/2258/1259
f 2223/2258/1260 1160/856/1260 1159/854/1260 2226/2261/1260
f 2226/2261/1261 1159/854/1261 300/855/1261 1075/2265/1261
f 2225/2259/1262 2226/2261/1262 1075/2265/1262 1076/2266/1262
f 2224/2260/1263 2225/2259/1263 1076/2266/1263 1077/2267/1263
f 1078/2066/1264 2224/2260/1264 1077/2267/1264 285/2067/1264
f 1079/2065/1265 2221/2256/1265 2224/2260/1265 1078/2066/1265
f 1080/2064/1266 2218/2253/1266 2221/2256/1266 1079/2065/1266
f 2227/2268/1267 2228/2269/1267 2231/2270/1267 2230/2271/1267
f 2228/2269/1268 2229/2272/1268 2232/2273/1268 2231/2270/1268
f 2230/2271/1269 2231/2270/1269 2234/2274/1269 2233/2275/1269
f 2231/2270/1270 2232/2273/1270 2235/2276/1270 2234/2274/1270
f 284/2088/1271 1074/2277/1271 2227/2268/1271 1083/2089/1271
f 1074/2277/1272 1073/2278/1272 2228/2269/1272 2227/2268/1272
f 1073/2278/1273 1072/2279/1273 2229/2272/1273 2228/2269/1273
f 1072/2279/1274 299/826/1274 1164/828/1274 2229/2272/1274
f 2229/2272/1275 1164/828/1275 1163/836/1275 2232/2273/1275
f 2232/2273/1276 1163/836/1276 1162/835/1276 2235/2276/1276
f 2235/2276/1277 1162/835/1277 298/749/1277 1069/2280/1277
f 2234/2274/1278 2235/2276/1278 1069/2280/1278 1070/2281/1278
f 2233/2275/1279 2234/2274/1279 1070/2281/1279 1071/2282/1279
f 1081/2091/1280 2233/2275/1280 1071/2282/1280 283/2092/1280
f 1082/2090/1281 2230/2271/1281 2233/2275/1281 1081/2091/1281
f 1083/2089/1282 2227/2268/1282 2230/2271/1282 1082/2090/1282
f 2236/2283/1283 2237/2284/1283 2240/2285/1283 2239/2286/1283
f 2237/2284/1283 2238/2287/1283 2241/2288/1283 2240/2285/1283
f 2239/2286/1283 2240/2285/1283 2243/2289/1283 2242/2290/1283
f 2240/2285/1283 2241/2288/1283 2244/2291/1283 2243/2289/1283
f 282/2113/1283 1068/2292/1283 2236/2283/1283 1086/2114/1283
f 1068/2292/1283 1067/2293/1283 2237/2284/1283 2236/2283/1283
f 1067/2293/1283 1066/2294/1283 2238/2287/1283 2237/2284/1283
f 1066/2294/1283 297/763/1283 1167/774/1283 2238/2287/1283
f 2238/2287/1283 1167/774/1283 1166/784/1283 2241/2288/1283
f 2241/2288/1283 1166/784/1283 1165/782/1283 2244/2291/1283
f 2244/2291/1283 1165/782/1283 296/783/1283 1146/2264/1283
f 2243/2289/1283 2244/2291/1283 1146/2264/1283 1145/2263/1283
f 2242/2290/1283 2243/2289/1283 1145/2263/1283 1144/2262/1283
f 1084/2116/1283 2242/2290/1283 1144/2262/1283 281/2063/1283
f 1085/2115/1283 2239/2286/1283 2242/2290/1283 1084/2116/1283
f 1086/2114/1283 2236/2283/1283 2239/2286/1283 1085/2115/1283
f 2245/2295/1284 2246/2296/1284 2249/2297/1284 2248/2298/1284
f 2246/2296/1284 2247/2299/1284 2250/2300/1284 2249/2297/1284
f 2248/2298/1284 2249/2297/1284 2252/2301/1284 2251/2302/1284
f 2249/2297/1284 2250/2300/1284 2253/2303/1284 2252/2301/1284
f 283/2092/1284 1071/2282/1284 2245/2295/1284 1089/2129/1284
f 1071/2282/1284 1070/2281/1284 2246/2296/1284 2245/2295/1284
f 1070/2281/1284 1069/2280/1284 2247/2299/1284 2246/2296/1284
f 1069/2280/1284 298/749/1284 1170/751/1284 2247/2299/1284
f 2247/2299/1284 1170/751/1284 1169/764/1284 2250/2300/1284
f 2250/2300/1284 1169/764/1284 1168/762/1284 2253/2303/1284
f 2253/2303/1284 1168/762/1284 297/763/1284 1066/2294/1284
f 2252/2301/1284 2253/2303/1284 1066/2294/1284 1067/2293/1284
f 2251/2302/1284 2252/2301/1284 1067/2293/1284 1068/2292/1284
f 1087/2131/1284 2251/2302/1284 1068/2292/1284 282/2113/1284
f 1088/2130/1284 2248/2298/1284 2251/2302/1284 1087/2131/1284
f 1089/2129/1284 2245/2295/1284 2248/2298/1284 1088/2130/1284
f 2254/2304/148 2340/2305/148 2339/2306/148 2255/2307/148
f 2255/2307/148 2339/2306/148 2338/2308/148 2256/2309/148
f 2256/2309/148 2338/2308/148 2336/2310/148 2337/2311/148 1174/2312/148
f 1171/2313/148 2256/2309/148 1174/2312/148 301/2314/148
f 1172/2315/148 2255/2307/148 2256/2309/148 1171/2313/148
f 1173/2316/148 2254/2304/148 2255/2307/148 1172/2315/148
f 2320/2317/148 2322/2318/148 2340/2305/148 2254/2304/148
f 2327/2319/1285 2326/2320/1285 1883/1629/1285 888/1644/1285
f 2315/2321/1286 2314/2322/1286 1222/257/1286 1221/256/1286
f 2305/252/1287 2304/2323/1287 977/1859/1287 138/253/1287
f 2314/2322/1288 2316/2324/1288 1223/260/1288 1222/257/1288
f 2326/2320/1289 2325/2325/1289 1884/1630/1289 1883/1629/1289
f 2324/2326/1290 2323/2327/1290 894/1638/1290 1885/1633/1290
f 2331/319/1291 2330/2328/1291 1901/1661/1291 362/318/1291
f 2325/2325/1292 2324/2326/1292 1885/1633/1292 1884/1630/1292
f 2316/2324/1293 2317/262/1293 1223/260/1293
f 2313/1882/1294 2315/2321/1294 1221/256/1294 990/271/1294
f 2328/2329/1295 2327/2319/1295 888/1644/1295 1903/1665/1295
f 2304/2323/1296 2308/2330/1296 978/1860/1296 977/1859/1296
f 2321/2331/148 2320/2317/148 2254/2304/148 1173/2316/148
f 2308/2330/1297 2301/2332/1297 979/1861/1297 978/1860/1297
f 2301/2332/1298 2302/2333/1298 265/1862/1298 979/1861/1298
f 2309/1880/1299 2310/2334/1299 2012/1871/1299 2011/1870/1299
f 2310/2334/1300 2311/2335/1300 2013/1874/1300 2012/1871/1300
f 2311/2335/1301 2312/1881/1301 2013/1874/1301
f 2302/2333/1302 2303/1879/1302 265/1862/1302
f 2329/2336/1303 2328/2329/1303 1903/1665/1303 1902/1662/1303
f 2330/2328/1304 2329/2336/1304 1902/1662/1304 1901/1661/1304
l 2335 2336
l 2323 124
l 2319 125
l 2297 2304
o pamphlets
v -1.691998 -2.516178 1.636324
v -2.812124 -2.516178 0.763523
v -2.276722 -2.516178 3.065789
v -3.413061 -2.516178 2.307583
v -2.138093 5.485391 2.833896
v -3.409763 5.230046 2.216005
v -2.168520 3.709203 2.884794
v -2.197997 1.988509 2.934101
v -2.228012 0.236386 2.984309
v -3.411902 0.146665 2.275405
v -3.411188 1.843502 2.255577
v -3.410487 3.509903 2.236105
v -2.254836 -1.329489 3.029180
v -3.412487 -1.197206 2.291631
v -3.413000 -2.460862 2.305875
v -2.598518 -1.357554 2.814121
v -2.599433 -1.795416 2.826878
v -3.137433 -2.361835 2.488416
v -1.984360 -2.516178 2.351057
v -2.252062 -2.516178 1.199923
v -3.112593 -2.516178 1.535553
v -2.844892 -2.516178 2.686686
v -2.773928 5.357719 2.524951
v -2.265779 -1.922833 3.047484
v -3.410125 4.369975 2.226055
v -2.153307 4.597297 2.859345
v -2.183259 2.848856 2.909447
v -2.213004 1.112447 2.959205
v -3.412194 -0.525270 2.283518
v -3.411545 0.995084 2.265491
v -3.410838 2.676702 2.245841
v -2.819957 0.191526 2.629857
v -2.804593 1.916006 2.594839
v -2.789504 3.609553 2.560449
v -2.241424 -0.546551 3.006744
v -2.833662 -1.263347 2.660405
v -3.413030 -2.488520 2.306729
v -3.005502 -1.277380 2.552876
v -2.598975 -1.576485 2.820499
v -2.868433 -2.078625 2.657647
v -3.275216 -2.411349 2.397146
v -2.707078 -2.439007 2.777103
v -3.275247 -2.439007 2.398000
v -2.426677 -1.343522 2.921650
v -2.438078 -2.155797 2.946333
v -2.427135 -1.562452 2.928029
v -2.548476 -2.516178 1.943305
v -2.781716 4.483635 2.542700
v -2.826809 -0.535911 2.645131
v -2.812275 1.053766 2.612348
v -2.797048 2.762779 2.577644
v -2.376997 -1.880361 2.973949
v -2.942405 -2.464730 2.620596
v -3.321165 -2.446292 2.367291
v -2.755280 -1.294750 2.711644
v -2.671196 -2.224476 2.793694
v -2.484262 -1.494153 2.890059
vn -0.0000 1.0000 -0.0000
vn 0.4600 -0.0278 -0.8875
vn 0.4586 -0.0164 -0.8885
vn 0.4460 -0.0164 -0.8949
vn 0.4476 -0.0278 -0.8938
vn 0.5299 -0.0283 -0.8476
vn 0.5306 -0.0169 -0.8475
vn 0.5199 -0.0169 -0.8540
vn 0.5200 -0.0283 -0.8537
vn 0.5089 -0.0277 -0.8604
vn 0.5083 -0.0162 -0.8610
vn 0.4958 -0.0162 -0.8683
vn 0.4966 -0.0277 -0.8675
vn 0.4844 -0.0278 -0.8744
vn 0.4834 -0.0163 -0.8752
vn 0.4711 -0.0164 -0.8819
vn 0.4723 -0.0278 -0.8810
vn 0.5416 -0.0359 -0.8399
vn 0.5550 -0.0166 -0.8317
vn 0.5586 -0.0262 -0.8290
vn 0.5327 -0.0490 -0.8449
vn 0.5534 -0.0282 -0.8325
vn 0.5318 -0.0258 -0.8465
vt 0.623853 0.225457
vt 0.583698 0.235142
vt 0.570760 0.215245
vt 0.613642 0.203136
vt 0.546246 0.244174
vt 0.531204 0.226414
vt 0.513910 0.205995
vt 0.555713 0.192104
vt 0.601617 0.176851
vt 0.541517 0.749819
vt 0.582313 0.748764
vt 0.582118 0.823057
vt 0.540841 0.823331
vt 0.625632 0.747645
vt 0.625886 0.822766
vt 0.626140 0.898036
vt 0.581922 0.897602
vt 0.540162 0.897192
vt 0.545291 0.339235
vt 0.583428 0.339182
vt 0.583250 0.399830
vt 0.544711 0.402319
vt 0.624244 0.339125
vt 0.624443 0.397169
vt 0.624642 0.455304
vt 0.583071 0.460653
vt 0.544129 0.465663
vt 0.582881 0.532974
vt 0.543474 0.536853
vt 0.624891 0.528839
vt 0.625140 0.602516
vt 0.582690 0.605536
vt 0.542817 0.608373
vt 0.582502 0.677033
vt 0.542168 0.678934
vt 0.625386 0.675011
vt 0.556751 0.270735
vt 0.552912 0.293680
vt 0.545769 0.291625
vt 0.567485 0.297872
vt 0.556287 0.318741
vt 0.590408 0.237817
vt 0.574401 0.243732
vt 0.613881 0.234438
vt 0.604077 0.243267
vt 0.623867 0.227823
vt 0.617195 0.233030
vt 0.623881 0.230190
vt 0.613893 0.236784
vt 0.567589 0.333714
vt 0.595228 0.336354
vt 0.578099 0.337342
vt 0.556332 0.336501
vt 0.572088 0.261833
vt 0.585496 0.270994
vt 0.567537 0.315782
vt 0.560029 0.323698
s 0
f 2344/2337/1305 2362/2338/1305 2387/2339/1305 2361/2340/1305
f 2362/2338/1305 2343/2341/1305 2359/2342/1305 2387/2339/1305
f 2387/2339/1305 2359/2342/1305 2341/2343/1305 2360/2344/1305
f 2361/2340/1305 2387/2339/1305 2360/2344/1305 2342/2345/1305
f 2347/2346/1306 2374/2347/1306 2388/2348/1306 2366/2349/1306
f 2374/2347/1307 2352/2350/1307 2365/2351/1307 2388/2348/1307
f 2388/2348/1308 2365/2351/1308 2346/2352/1308 2363/2353/1308
f 2366/2349/1309 2388/2348/1309 2363/2353/1309 2345/2354/1309
f 2353/2355/1310 2376/2356/1310 2389/2357/1310 2375/2358/1310
f 2376/2356/1311 2354/2359/1311 2369/2360/1311 2389/2357/1311
f 2389/2357/1312 2369/2360/1312 2350/2361/1312 2372/2362/1312
f 2375/2358/1313 2389/2357/1313 2372/2362/1313 2349/2363/1313
f 2349/2363/1314 2372/2362/1314 2390/2364/1314 2368/2365/1314
f 2372/2362/1315 2350/2361/1315 2370/2366/1315 2390/2364/1315
f 2390/2364/1316 2370/2366/1316 2351/2367/1316 2373/2368/1316
f 2368/2365/1317 2390/2364/1317 2373/2368/1317 2348/2369/1317
f 2348/2369/1318 2373/2368/1318 2391/2370/1318 2367/2371/1318
f 2373/2368/1319 2351/2367/1319 2371/2372/1319 2391/2370/1319
f 2391/2370/1320 2371/2372/1320 2352/2350/1320 2374/2347/1320
f 2367/2371/1321 2391/2370/1321 2374/2347/1321 2347/2346/1321
f 2343/2341/1322 2385/2373/1322 2392/2374/1322 2364/2375/1322
f 2357/2376/1322 2386/2377/1322 2392/2374/1322 2385/2373/1322
f 2353/2355/1322 2364/2375/1322 2392/2374/1322 2386/2377/1322
f 2343/2341/1323 2362/2338/1323 2393/2378/1323 2382/2379/1323
f 2344/2337/1323 2383/2380/1323 2393/2378/1323 2362/2338/1323
f 2358/2381/1323 2382/2379/1323 2393/2378/1323 2383/2380/1323
f 2344/2337/1324 2377/2382/1324 2394/2383/1324 2383/2380/1324
f 2355/2384/1324 2381/2385/1324 2394/2383/1324 2377/2382/1324
f 2358/2381/1324 2383/2380/1324 2394/2383/1324 2381/2385/1324
f 2356/2386/1325 2378/2387/1325 2395/2388/1325 2384/2389/1325
f 2354/2359/1325 2376/2356/1325 2395/2388/1325 2378/2387/1325
f 2353/2355/1325 2384/2389/1325 2395/2388/1325 2376/2356/1325
f 2343/2341/1326 2382/2379/1326 2396/2390/1326 2385/2373/1326
f 2358/2381/1326 2380/2391/1326 2396/2390/1326 2382/2379/1326
f 2357/2376/1326 2385/2373/1326 2396/2390/1326 2380/2391/1326
f 2357/2376/1327 2379/2392/1327 2397/2393/1327 2386/2377/1327
f 2356/2386/1327 2384/2389/1327 2397/2393/1327 2379/2392/1327
f 2353/2355/1327 2386/2377/1327 2397/2393/1327 2384/2389/1327
