# Blender 4.0.2
# www.blender.org
o bathroom-main
v 8.900000 1.815439 1.242123
v 8.900000 1.815439 -1.157878
v 8.900000 -1.534561 1.042123
v 8.900000 -1.534561 -0.957878
v 8.900000 1.194683 1.042123
v 8.900000 1.253355 -0.957878
v 8.900000 -1.534561 -0.572783
v 8.900000 1.815439 -0.261536
v 8.900000 1.815439 0.360958
v 8.900000 1.299240 -0.572783
v 8.900000 1.277030 0.672205
v 2.043307 -1.534561 -0.957878
v 2.043307 -1.534561 1.042123
v 2.043307 1.815439 1.242123
v 2.043307 1.815439 -1.157878
v 2.043307 1.253355 -0.957878
v 2.043307 1.194683 1.042123
v 2.043307 1.815439 0.360958
v 2.043307 1.815439 -0.261536
v 2.043307 -1.534561 0.672205
v 2.043307 -1.534561 -0.572783
v 5.578613 -1.534561 -0.957878
v 5.578613 1.815439 1.242123
v 5.578613 1.253355 -0.957878
v 5.578613 1.815439 0.360958
v 5.578613 1.194683 1.042123
v 5.578613 1.815439 -1.157878
v 5.578613 -1.534561 0.672205
v 5.578613 -1.534561 -0.572783
v 5.578613 -1.534561 1.042123
v 5.578613 1.815439 -0.261536
v 0.038426 -1.534561 1.042123
v -1.732473 -1.534561 1.042123
v 0.038426 1.194683 1.042123
v -1.732473 1.194683 1.042123
v -3.613343 1.194683 1.042123
v -3.613343 1.253355 -0.957878
v -1.732473 1.253355 -0.957878
v 0.038426 1.253355 -0.957878
v -1.732473 -1.534561 -0.957878
v 0.038426 -1.534561 -0.957878
v -1.732473 -1.534561 0.672205
v 0.038426 -1.534561 0.672205
v -1.732473 -1.534561 -0.572783
v 0.038426 -1.534561 -0.572783
v 8.900000 1.815439 -1.742547
v 8.900000 1.815439 2.000329
v 5.578613 1.815439 -1.742547
v 2.043307 1.815439 -1.742547
v 5.578613 1.815439 2.000329
v 2.043307 1.815439 2.000329
v 8.900000 -0.140603 -0.957878
v 8.900000 -0.117660 -0.572783
v 2.043307 -0.140603 -0.957878
v 5.578613 -0.140603 -0.957878
v 0.038426 -0.140603 -0.957878
v -1.732473 -0.140603 -0.957878
v -3.613343 -0.140603 -0.957878
v -5.489196 -0.140603 -0.957878
v 8.900000 -0.137996 1.042123
v 8.900000 -0.095859 0.672205
v 2.043307 -0.137996 1.042123
v 5.578613 -0.137996 1.042123
v -5.489196 -0.137996 1.042123
v -3.613343 -0.137996 1.042123
v -1.732473 -0.137996 1.042123
v 0.038426 -0.137996 1.042123
v 8.900000 -1.534561 0.672205
v 2.043307 -1.534561 -0.157787
v 2.043307 -1.534561 0.257209
v 5.578613 -1.534561 -0.157787
v 5.578613 -1.534561 0.257209
v -1.732473 -1.534561 -0.157787
v -1.732473 -1.534561 0.257209
v 0.038426 -1.534561 -0.157787
v 0.038426 -1.534561 0.257209
v 8.900000 -1.534561 -0.157787
v 8.900000 -1.534561 0.257209
v 6.408959 -1.534561 -0.957878
v 7.239306 -1.534561 -0.957878
v 8.069653 -1.534561 -0.957878
v 8.900000 -0.487138 1.042123
v 8.900000 -0.836279 1.042123
v 8.900000 -1.185420 1.042123
v 8.900000 1.393876 -1.007878
v 8.900000 1.534397 -1.057878
v 8.900000 1.674918 -1.107878
v 8.900000 1.815439 0.581249
v 8.900000 1.815439 0.801540
v 8.900000 1.815439 1.021831
v 6.408959 1.815439 1.242123
v 7.239306 1.815439 1.242123
v 8.069653 1.815439 1.242123
v 8.900000 1.660250 1.192123
v 8.900000 1.505061 1.142123
v 8.900000 1.349872 1.092123
v 8.900000 0.207886 -0.957878
v 8.900000 0.556376 -0.957878
v 8.900000 0.904865 -0.957878
v 6.408959 1.253355 -0.957878
v 7.239306 1.253355 -0.957878
v 8.069653 1.253355 -0.957878
v 8.900000 1.256443 0.764684
v 8.900000 1.235856 0.857164
v 8.900000 1.215270 0.949643
v 4.694786 1.815439 0.360958
v 3.810960 1.815439 0.360958
v 2.927134 1.815439 0.360958
v 8.900000 -1.534561 -0.861604
v 8.900000 -1.534561 -0.765331
v 8.900000 -1.534561 -0.669057
v 8.900000 1.815439 -0.933792
v 8.900000 1.815439 -0.709707
v 8.900000 1.815439 -0.485622
v 8.900000 1.815439 -0.105913
v 8.900000 1.815439 0.049711
v 8.900000 1.815439 0.205335
v 8.900000 1.264826 -0.861604
v 8.900000 1.276298 -0.765331
v 8.900000 1.287769 -0.669057
v 8.900000 1.293688 -0.261536
v 8.900000 1.288135 0.049711
v 8.900000 1.282582 0.360958
v 4.694786 1.194683 1.042123
v 3.810960 1.194683 1.042123
v 2.927134 1.194683 1.042123
v 0.539646 1.253355 -0.957878
v 1.040866 1.253355 -0.957878
v 1.542087 1.253355 -0.957878
v 4.694786 1.815439 -1.157878
v 3.810960 1.815439 -1.157878
v 2.927134 1.815439 -1.157878
v 0.539646 1.815439 1.242123
v 1.040866 1.815439 1.242123
v 1.542087 1.815439 1.242123
v 8.900000 0.247363 0.672205
v 8.900000 0.590585 0.672205
v 8.900000 0.933807 0.672205
v 8.900000 0.236565 -0.572783
v 8.900000 0.590790 -0.572783
v 8.900000 0.945015 -0.572783
v 8.900000 1.411632 0.594393
v 8.900000 1.546234 0.516581
v 8.900000 1.680837 0.438770
v 8.900000 1.428290 -0.494972
v 8.900000 1.557340 -0.417160
v 8.900000 1.686390 -0.339348
v 6.408959 -1.534561 -0.572783
v 7.239306 -1.534561 -0.572783
v 8.069653 -1.534561 -0.572783
v 0.539646 -1.534561 -0.957878
v 1.040866 -1.534561 -0.957878
v 1.542087 -1.534561 -0.957878
v 4.694786 -1.534561 1.042123
v 3.810960 -1.534561 1.042123
v 2.927134 -1.534561 1.042123
v 4.694786 1.815439 -0.261536
v 3.810960 1.815439 -0.261536
v 2.927134 1.815439 -0.261536
v 0.539646 -1.534561 0.672205
v 1.040866 -1.534561 0.672205
v 1.542087 -1.534561 0.672205
v 0.539646 -1.534561 -0.572783
v 1.040866 -1.534561 -0.572783
v 1.542087 -1.534561 -0.572783
v 2.043307 -1.534561 0.360958
v 2.043307 -1.534561 0.464707
v 2.043307 -1.534561 0.568456
v 2.043307 -1.534561 0.764684
v 2.043307 -1.534561 0.857164
v 2.043307 -1.534561 0.949643
v 2.043307 1.815439 -0.105913
v 2.043307 1.815439 0.049711
v 2.043307 1.815439 0.205334
v 2.043307 1.815439 0.581249
v 2.043307 1.815439 0.801540
v 2.043307 1.815439 1.021831
v 2.043307 0.195173 1.042123
v 2.043307 0.528343 1.042123
v 2.043307 0.861513 1.042123
v 2.043307 0.207886 -0.957878
v 2.043307 0.556376 -0.957878
v 2.043307 0.904865 -0.957878
v 2.043307 1.815439 1.810777
v 2.043307 1.815439 1.621226
v 2.043307 1.815439 1.431674
v 2.043307 1.815439 -0.933792
v 2.043307 1.815439 -0.709707
v 2.043307 1.815439 -0.485622
v 2.043307 -1.534561 -0.861604
v 2.043307 -1.534561 -0.765331
v 2.043307 -1.534561 -0.669057
v 2.927133 -1.534561 -0.957878
v 3.810960 -1.534561 -0.957878
v 4.694786 -1.534561 -0.957878
v 2.927133 1.815439 1.242123
v 3.810960 1.815439 1.242123
v 4.694786 1.815439 1.242123
v 2.927133 1.253355 -0.957878
v 3.810960 1.253355 -0.957878
v 4.694786 1.253355 -0.957878
v 8.069653 1.815439 0.360958
v 7.239306 1.815439 0.360958
v 6.408959 1.815439 0.360958
v 8.069653 1.194683 1.042123
v 7.239306 1.194683 1.042123
v 6.408959 1.194683 1.042123
v 8.069653 1.815439 -1.157878
v 7.239306 1.815439 -1.157878
v 6.408959 1.815439 -1.157878
v 2.927133 -1.534561 0.672205
v 3.810960 -1.534561 0.672205
v 4.694786 -1.534561 0.672205
v 2.927133 -1.534561 -0.572783
v 3.810960 -1.534561 -0.572783
v 4.694786 -1.534561 -0.572783
v 8.069653 -1.534561 1.042123
v 7.239306 -1.534561 1.042123
v 6.408959 -1.534561 1.042123
v 8.069653 1.815439 -0.261536
v 7.239306 1.815439 -0.261536
v 6.408959 1.815439 -0.261536
v 5.578612 1.815439 -0.933792
v 5.578613 1.815439 -0.709707
v 5.578613 1.815439 -0.485622
v 5.578613 -1.534561 0.360958
v 5.578613 -1.534561 0.464707
v 5.578613 -1.534561 0.568456
v 5.578612 -1.534561 0.764684
v 5.578613 -1.534561 0.857164
v 5.578613 -1.534561 0.949643
v 5.578612 1.815439 -0.105913
v 5.578613 1.815439 0.049711
v 5.578613 1.815439 0.205334
v 5.578612 1.815439 0.581249
v 5.578613 1.815439 0.801540
v 5.578613 1.815439 1.021832
v 5.578612 0.195173 1.042123
v 5.578613 0.528343 1.042123
v 5.578612 0.861513 1.042123
v 5.578612 -1.534561 -0.861604
v 5.578613 -1.534561 -0.765331
v 5.578613 -1.534561 -0.669057
v 5.578612 0.207886 -0.957878
v 5.578613 0.556376 -0.957878
v 5.578612 0.904865 -0.957878
v 1.542087 -1.534561 1.042123
v 1.040867 -1.534561 1.042123
v 0.539647 -1.534561 1.042123
v -0.404298 -1.534561 1.042123
v -0.847023 -1.534561 1.042123
v -1.289748 -1.534561 1.042123
v -2.202690 -1.534561 1.042123
v -2.672908 -1.534561 1.042123
v 1.542087 1.815439 -1.157878
v 1.040867 1.815439 -1.157878
v 0.539647 1.815439 -1.157878
v 1.542087 1.194683 1.042123
v 1.040867 1.194683 1.042123
v 0.539647 1.194683 1.042123
v -0.404299 1.194683 1.042123
v -0.847023 1.194683 1.042123
v -1.289748 1.194683 1.042123
v -2.202690 1.194683 1.042123
v -2.672908 1.194683 1.042123
v -3.143125 1.194683 1.042123
v -4.082306 1.194683 1.042123
v -4.551270 1.194683 1.042123
v -4.082306 1.253355 -0.957878
v -3.143126 1.253355 -0.957878
v -2.672908 1.253355 -0.957878
v -2.202691 1.253355 -0.957878
v -1.289749 1.253355 -0.957878
v -0.847024 1.253355 -0.957878
v -0.404299 1.253355 -0.957878
v 1.542087 1.815439 0.360958
v 1.040867 1.815439 0.360958
v 0.539647 1.815439 0.360958
v 1.542087 1.815439 -0.261536
v 1.040867 1.815439 -0.261536
v 0.539647 1.815439 -0.261536
v -2.672908 -1.534561 -0.957878
v -2.202691 -1.534561 -0.957878
v -1.289749 -1.534561 -0.957878
v -0.847024 -1.534561 -0.957878
v -0.404299 -1.534561 -0.957878
v -2.672908 -1.534561 0.672205
v -2.202691 -1.534561 0.672205
v -1.289749 -1.534561 0.672205
v -0.847024 -1.534561 0.672205
v -0.404299 -1.534561 0.672205
v -2.672908 -1.534561 -0.572783
v -2.202691 -1.534561 -0.572783
v -1.289748 -1.534561 -0.572783
v -0.847024 -1.534561 -0.572783
v -0.404299 -1.534561 -0.572783
v -1.732473 -1.534561 -0.861604
v -1.732473 -1.534561 -0.765331
v -1.732473 -1.534561 -0.669057
v 0.038426 -1.534561 -0.861604
v 0.038426 -1.534561 -0.765331
v 0.038426 -1.534561 -0.669057
v 5.578612 1.815439 1.431674
v 5.578613 1.815439 1.621226
v 5.578612 1.815439 1.810777
v -1.732473 -1.534561 0.360958
v -1.732473 -1.534561 0.464707
v -1.732473 -1.534561 0.568456
v 0.038426 -1.534561 0.360958
v 0.038426 -1.534561 0.464707
v 0.038426 -1.534561 0.568456
v -1.732473 -1.534561 0.764684
v -1.732473 -1.534561 0.857164
v -1.732473 -1.534561 0.949643
v 0.038426 -1.534561 0.764684
v 0.038426 -1.534561 0.857164
v 0.038426 -1.534561 0.949643
v -5.489196 0.195173 1.042123
v -5.489196 0.528343 1.042123
v -5.489196 0.861513 1.042123
v -3.613343 0.195173 1.042123
v -3.613343 0.528343 1.042123
v -3.613343 0.861513 1.042123
v -1.732473 0.195173 1.042123
v -1.732473 0.528343 1.042123
v -1.732473 0.861513 1.042123
v 0.038426 0.195173 1.042123
v 0.038426 0.528343 1.042123
v 0.038426 0.861513 1.042123
v 0.038426 0.207886 -0.957878
v 0.038426 0.556376 -0.957878
v 0.038426 0.904865 -0.957878
v -1.732473 0.207886 -0.957878
v -1.732473 0.556376 -0.957878
v -1.732473 0.904865 -0.957878
v -3.613343 0.207886 -0.957878
v -3.613343 0.556376 -0.957878
v -3.613343 0.904865 -0.957878
v -5.489195 0.207886 -0.957878
v -5.489196 0.556376 -0.957878
v -5.489195 0.904865 -0.957878
v 2.043307 1.815439 -1.596380
v 2.043307 1.815439 -1.450212
v 2.043307 1.815439 -1.304045
v 5.578612 1.815439 -1.304045
v 5.578613 1.815439 -1.450212
v 5.578612 1.815439 -1.596380
v 4.694786 1.815439 -1.742547
v 3.810960 1.815439 -1.742547
v 2.927134 1.815439 -1.742547
v 8.069653 1.815439 -1.742547
v 7.239306 1.815439 -1.742547
v 6.408959 1.815439 -1.742547
v 1.542087 1.815439 -1.742547
v 1.040867 1.815439 -1.742547
v 0.539647 1.815439 -1.742547
v 2.927133 1.815439 2.000329
v 3.810960 1.815439 2.000329
v 4.694786 1.815439 2.000329
v 8.900000 1.815439 -1.304045
v 8.900000 1.815439 -1.450212
v 8.900000 1.815439 -1.596380
v 0.539646 1.815439 2.000329
v 1.040866 1.815439 2.000329
v 1.542087 1.815439 2.000329
v 8.900000 1.393876 -1.154045
v 8.900000 1.534397 -1.350212
v 8.900000 1.674918 -1.546380
v 6.408959 1.815439 2.000329
v 7.239306 1.815439 2.000329
v 8.069653 1.815439 2.000329
v 8.900000 1.660250 1.760777
v 8.900000 1.505061 1.521225
v 8.900000 1.349872 1.281674
v 8.900000 1.815439 1.810777
v 8.900000 1.815439 1.621225
v 8.900000 1.815439 1.431674
v 8.900000 -1.186071 -0.957878
v 8.900000 -0.837582 -0.957878
v 8.900000 -0.489093 -0.957878
v 8.900000 -1.180336 -0.572783
v 8.900000 -0.826111 -0.572783
v 8.900000 -0.471885 -0.572783
v 2.043307 -1.186071 -0.957878
v 2.043307 -0.837582 -0.957878
v 2.043307 -0.489093 -0.957878
v 5.578613 -1.186072 -0.957878
v 5.578613 -0.837582 -0.957878
v 5.578613 -0.489093 -0.957878
v 0.038426 -1.186071 -0.957878
v 0.038426 -0.837582 -0.957878
v 0.038426 -0.489093 -0.957878
v -1.732473 -1.186071 -0.957878
v -1.732473 -0.837582 -0.957878
v -1.732473 -0.489093 -0.957878
v -3.613343 -1.186071 -0.957878
v -3.613343 -0.837582 -0.957878
v -3.613343 -0.489093 -0.957878
v -5.489196 -0.489093 -0.957878
v -5.020232 -0.140603 -0.957878
v -4.551270 -0.140603 -0.957878
v -4.082306 -0.140603 -0.957878
v -3.143126 -0.140603 -0.957878
v -2.672908 -0.140603 -0.957878
v -2.202691 -0.140603 -0.957878
v -1.289748 -0.140603 -0.957878
v -0.847024 -0.140603 -0.957878
v -0.404299 -0.140603 -0.957878
v 0.539646 -0.140603 -0.957878
v 1.040866 -0.140603 -0.957878
v 1.542087 -0.140603 -0.957878
v 6.408959 -0.140603 -0.957878
v 7.239306 -0.140603 -0.957878
v 8.069653 -0.140603 -0.957878
v 8.900000 -0.134867 -0.861604
v 8.900000 -0.129132 -0.765331
v 8.900000 -0.123396 -0.669057
v -6.312844 -0.140603 -0.957878
v -6.038296 -0.140603 -0.957878
v -5.763746 -0.140603 -0.957878
v 2.927133 -0.140603 -0.957878
v 3.810960 -0.140603 -0.957878
v 4.694786 -0.140603 -0.957878
v 8.900000 0.861513 1.042123
v 8.900000 0.528343 1.042123
v 8.900000 0.195173 1.042123
v 2.043307 -1.185420 1.042123
v 2.043307 -0.836279 1.042123
v 2.043307 -0.487138 1.042123
v 5.578613 -1.185420 1.042123
v 5.578613 -0.836279 1.042123
v 5.578613 -0.487138 1.042123
v -5.489195 -0.487138 1.042123
v -3.613343 -1.185420 1.042123
v -3.613343 -0.836279 1.042123
v -3.613343 -0.487138 1.042123
v -1.732472 -1.185420 1.042123
v -1.732473 -0.836279 1.042123
v -1.732472 -0.487138 1.042123
v 0.038426 -1.185420 1.042123
v 0.038426 -0.836279 1.042123
v 0.038426 -0.487138 1.042123
v -0.404298 -0.137996 1.042123
v -0.847023 -0.137996 1.042123
v -1.289748 -0.137996 1.042123
v -2.202690 -0.137996 1.042123
v -2.672908 -0.137996 1.042123
v -3.143126 -0.137996 1.042123
v -4.082306 -0.137996 1.042123
v -4.551270 -0.137996 1.042123
v -5.020233 -0.137996 1.042123
v -5.763745 -0.137996 1.042123
v -6.038296 -0.137996 1.042123
v -6.312845 -0.137996 1.042123
v 4.694786 -0.137996 1.042123
v 3.810960 -0.137996 1.042123
v 2.927134 -0.137996 1.042123
v 8.900000 -0.106394 0.764684
v 8.900000 -0.116928 0.857164
v 8.900000 -0.127462 0.949643
v 1.542087 -0.137996 1.042123
v 1.040867 -0.137996 1.042123
v 0.539646 -0.137996 1.042123
v 8.069653 -0.137996 1.042123
v 7.239306 -0.137996 1.042123
v 6.408959 -0.137996 1.042123
v 8.900000 -1.534561 0.764684
v 8.900000 -1.534561 0.857164
v 8.900000 -1.534561 0.949643
v 8.900000 -1.534561 0.360958
v 8.900000 -1.534561 0.464707
v 8.900000 -1.534561 0.568456
v 6.408959 -1.534561 0.672205
v 7.239306 -1.534561 0.672205
v 8.069653 -1.534561 0.672205
v 8.900000 -1.174886 0.672205
v 8.900000 -0.815210 0.672205
v 8.900000 -0.455535 0.672205
v 2.043307 -1.534561 -0.469034
v 2.043307 -1.534561 -0.365285
v 2.043307 -1.534561 -0.261536
v 2.043307 -1.534561 -0.054038
v 2.043307 -1.534561 0.049711
v 2.043307 -1.534561 0.153460
v 5.578612 -1.534561 -0.469034
v 5.578613 -1.534561 -0.365285
v 5.578613 -1.534561 -0.261536
v 5.578613 -1.534561 -0.054038
v 5.578613 -1.534561 0.049711
v 5.578613 -1.534561 0.153460
v -1.732473 -1.534561 -0.469034
v -1.732473 -1.534561 -0.365285
v -1.732473 -1.534561 -0.261536
v -1.732473 -1.534561 -0.054038
v -1.732473 -1.534561 0.049711
v -1.732473 -1.534561 0.153460
v 0.038426 -1.534561 -0.469034
v 0.038426 -1.534561 -0.365285
v 0.038426 -1.534561 -0.261536
v 0.038426 -1.534561 -0.054038
v 0.038426 -1.534561 0.049711
v 0.038426 -1.534561 0.153460
v 8.900000 -1.534561 -0.469034
v 8.900000 -1.534561 -0.365285
v 8.900000 -1.534561 -0.261536
v 8.900000 -1.534561 -0.054038
v 8.900000 -1.534561 0.049711
v 8.900000 -1.534561 0.153460
v -0.404299 -1.534561 0.257209
v -0.847024 -1.534561 0.257209
v -1.289749 -1.534561 0.257209
v -0.404299 -1.534561 -0.157787
v -0.847024 -1.534561 -0.157787
v -1.289748 -1.534561 -0.157787
v -2.202691 -1.534561 0.257209
v -2.672908 -1.534561 0.257209
v -2.202691 -1.534561 -0.157787
v -2.672908 -1.534561 -0.157787
v 4.694786 -1.534561 0.257209
v 3.810960 -1.534561 0.257209
v 2.927133 -1.534561 0.257209
v 4.694786 -1.534561 -0.157787
v 3.810960 -1.534561 -0.157787
v 2.927133 -1.534561 -0.157787
v 1.542087 -1.534561 0.257209
v 1.040866 -1.534561 0.257209
v 0.539646 -1.534561 0.257209
v 1.542087 -1.534561 -0.157787
v 1.040866 -1.534561 -0.157787
v 0.539646 -1.534561 -0.157787
v 8.069653 -1.534561 0.257209
v 7.239306 -1.534561 0.257209
v 6.408959 -1.534561 0.257209
v 8.069653 -1.534561 -0.157787
v 7.239306 -1.534561 -0.157787
v 6.408959 -1.534561 -0.157787
v 4.694786 0.207886 -0.957878
v 4.694786 0.556376 -0.957878
v 4.694786 0.904865 -0.957878
v 3.810960 0.207886 -0.957878
v 3.810960 0.556376 -0.957878
v 3.810960 0.904865 -0.957878
v 2.927133 0.207886 -0.957878
v 2.927133 0.556376 -0.957878
v 2.927133 0.904865 -0.957878
v 6.408959 -1.534561 -0.669057
v 7.239306 -1.534561 -0.669057
v 8.069653 -1.534561 -0.669057
v 6.408959 -1.534561 -0.765330
v 7.239306 -1.534561 -0.765330
v 8.069653 -1.534561 -0.765330
v 6.408959 -1.534561 -0.861604
v 7.239306 -1.534561 -0.861604
v 8.069653 -1.534561 -0.861604
v 8.900000 1.419687 -0.623198
v 8.900000 1.551604 -0.577339
v 8.900000 1.683522 -0.531480
v 8.900000 1.411083 -0.751425
v 8.900000 1.545868 -0.737519
v 8.900000 1.680654 -0.723613
v 8.900000 1.402479 -0.879651
v 8.900000 1.540133 -0.897698
v 8.900000 1.677786 -0.915745
v -5.763745 0.207886 -0.957878
v -5.763745 0.556376 -0.957878
v -5.763745 0.904865 -0.957878
v -6.038296 0.207886 -0.957878
v -6.038295 0.556376 -0.957878
v -6.038295 0.904865 -0.957878
v -6.312844 0.207886 -0.957878
v -6.312845 0.556376 -0.957878
v 6.408959 0.195173 1.042123
v 6.408959 0.528343 1.042123
v 6.408959 0.861513 1.042123
v 7.239306 0.195173 1.042123
v 7.239306 0.528343 1.042122
v 7.239306 0.861513 1.042123
v 8.069653 0.195173 1.042122
v 8.069653 0.528343 1.042123
v 8.069653 0.861513 1.042122
v 8.900000 0.229395 -0.669057
v 8.900000 0.582187 -0.669057
v 8.900000 0.934978 -0.669057
v 8.900000 0.222226 -0.765330
v 8.900000 0.573583 -0.765331
v 8.900000 0.924940 -0.765330
v 8.900000 0.215056 -0.861604
v 8.900000 0.564979 -0.861604
v 8.900000 0.914903 -0.861604
v 0.539647 0.195173 1.042123
v 0.539647 0.528343 1.042122
v 0.539647 0.861513 1.042122
v 1.040867 0.195173 1.042123
v 1.040867 0.528343 1.042123
v 1.040867 0.861513 1.042123
v 1.542087 0.195173 1.042123
v 1.542087 0.528343 1.042123
v 1.542087 0.861513 1.042123
v 4.694786 1.815439 1.021831
v 3.810960 1.815439 1.021831
v 2.927134 1.815439 1.021831
v 4.694786 1.815439 0.801540
v 3.810960 1.815439 0.801540
v 2.927134 1.815439 0.801540
v 4.694786 1.815439 0.581249
v 3.810960 1.815439 0.581249
v 2.927134 1.815439 0.581249
v 4.694786 1.815439 0.205334
v 3.810960 1.815439 0.205334
v 2.927134 1.815439 0.205334
v 4.694786 1.815439 0.049711
v 3.810960 1.815439 0.049711
v 2.927134 1.815439 0.049711
v 4.694786 1.815439 -0.105913
v 3.810960 1.815439 -0.105913
v 2.927134 1.815439 -0.105913
v 8.900000 0.208221 0.949643
v 8.900000 0.543904 0.949643
v 8.900000 0.879587 0.949643
v 8.900000 0.221268 0.857164
v 8.900000 0.559464 0.857164
v 8.900000 0.897660 0.857164
v 8.900000 0.234315 0.764684
v 8.900000 0.575025 0.764684
v 8.900000 0.915734 0.764684
v 8.900000 1.365312 0.967690
v 8.900000 1.515354 0.985737
v 8.900000 1.665397 1.003784
v 8.900000 1.380752 0.843258
v 8.900000 1.525648 0.829352
v 8.900000 1.670544 0.815446
v 8.900000 1.396192 0.718825
v 8.900000 1.535941 0.672967
v 8.900000 1.675690 0.627108
v 8.900000 1.415797 0.322052
v 8.900000 1.549011 0.283146
v 8.900000 1.682225 0.244240
v 8.900000 1.419961 0.049711
v 8.900000 1.551787 0.049711
v 8.900000 1.683613 0.049711
v 8.900000 1.424126 -0.222630
v 8.900000 1.554564 -0.183724
v 8.900000 1.685001 -0.144818
v 6.408959 -1.534561 0.949643
v 7.239306 -1.534561 0.949643
v 8.069653 -1.534561 0.949643
v 6.408959 -1.534561 0.857164
v 7.239306 -1.534561 0.857164
v 8.069653 -1.534561 0.857164
v 6.408959 -1.534561 0.764684
v 7.239306 -1.534561 0.764684
v 8.069653 -1.534561 0.764684
v 6.408959 -1.534561 -0.261536
v 7.239306 -1.534561 -0.261536
v 8.069653 -1.534561 -0.261536
v 6.408959 -1.534561 -0.365285
v 7.239306 -1.534561 -0.365285
v 8.069653 -1.534561 -0.365285
v 6.408959 -1.534561 -0.469034
v 7.239306 -1.534561 -0.469034
v 8.069653 -1.534561 -0.469034
v 0.539647 -1.534561 0.949643
v 1.040867 -1.534561 0.949643
v 1.542087 -1.534561 0.949643
v 0.539646 -1.534561 0.857164
v 1.040867 -1.534561 0.857164
v 1.542087 -1.534561 0.857164
v 0.539646 -1.534561 0.764684
v 1.040866 -1.534561 0.764684
v 1.542087 -1.534561 0.764684
v 0.539646 -1.534561 -0.261536
v 1.040866 -1.534561 -0.261536
v 1.542087 -1.534561 -0.261536
v 0.539646 -1.534561 -0.365285
v 1.040866 -1.534561 -0.365285
v 1.542087 -1.534561 -0.365285
v 0.539646 -1.534561 -0.469034
v 1.040866 -1.534561 -0.469034
v 1.542087 -1.534561 -0.469034
v 4.694786 1.815439 -0.485622
v 3.810960 1.815439 -0.485622
v 2.927134 1.815439 -0.485622
v 4.694786 1.815439 -0.709707
v 3.810960 1.815439 -0.709707
v 2.927134 1.815439 -0.709707
v 4.694786 1.815439 -0.933792
v 3.810960 1.815439 -0.933792
v 2.927134 1.815439 -0.933792
v 0.539646 -1.534561 -0.669057
v 1.040866 -1.534561 -0.669057
v 1.542087 -1.534561 -0.669057
v 0.539646 -1.534561 -0.765330
v 1.040866 -1.534561 -0.765330
v 1.542087 -1.534561 -0.765330
v 0.539646 -1.534561 -0.861604
v 1.040866 -1.534561 -0.861604
v 1.542087 -1.534561 -0.861604
v 8.069653 1.815439 -0.485622
v 7.239306 1.815439 -0.485622
v 6.408959 1.815439 -0.485622
v 8.069653 1.815439 -0.709707
v 7.239306 1.815439 -0.709707
v 6.408959 1.815439 -0.709707
v 8.069653 1.815439 -0.933792
v 7.239306 1.815439 -0.933792
v 6.408959 1.815439 -0.933792
v 2.927133 -1.534561 -0.261536
v 3.810960 -1.534561 -0.261536
v 4.694786 -1.534561 -0.261536
v 2.927133 -1.534561 -0.365285
v 3.810960 -1.534561 -0.365285
v 4.694786 -1.534561 -0.365285
v 2.927133 -1.534561 -0.469034
v 3.810960 -1.534561 -0.469034
v 4.694786 -1.534561 -0.469034
v 2.927134 -1.534561 0.949643
v 3.810960 -1.534561 0.949643
v 4.694786 -1.534561 0.949643
v 2.927134 -1.534561 0.857164
v 3.810960 -1.534561 0.857164
v 4.694786 -1.534561 0.857164
v 2.927134 -1.534561 0.764684
v 3.810960 -1.534561 0.764684
v 4.694786 -1.534561 0.764684
v 8.069653 1.815439 0.205334
v 7.239306 1.815439 0.205334
v 6.408959 1.815439 0.205334
v 8.069653 1.815439 0.049711
v 7.239306 1.815439 0.049711
v 6.408959 1.815439 0.049711
v 8.069653 1.815439 -0.105913
v 7.239306 1.815439 -0.105913
v 6.408959 1.815439 -0.105913
v 8.069653 1.815439 1.021831
v 7.239306 1.815439 1.021832
v 6.408959 1.815439 1.021831
v 8.069653 1.815439 0.801540
v 7.239306 1.815439 0.801540
v 6.408959 1.815439 0.801540
v 8.069653 1.815439 0.581249
v 7.239306 1.815439 0.581249
v 6.408959 1.815439 0.581249
v 2.927134 0.195173 1.042123
v 2.927134 0.528343 1.042122
v 2.927134 0.861513 1.042122
v 3.810960 0.195173 1.042123
v 3.810960 0.528343 1.042123
v 3.810960 0.861513 1.042123
v 4.694786 0.195173 1.042123
v 4.694786 0.528343 1.042123
v 4.694786 0.861513 1.042123
v 2.927133 -1.534561 -0.669057
v 3.810960 -1.534561 -0.669057
v 4.694786 -1.534561 -0.669057
v 2.927133 -1.534561 -0.765330
v 3.810960 -1.534561 -0.765330
v 4.694786 -1.534561 -0.765330
v 2.927133 -1.534561 -0.861604
v 3.810960 -1.534561 -0.861604
v 4.694786 -1.534561 -0.861604
v 8.069653 0.207886 -0.957878
v 8.069654 0.556376 -0.957878
v 8.069653 0.904865 -0.957878
v 7.239306 0.207886 -0.957878
v 7.239306 0.556376 -0.957878
v 7.239306 0.904865 -0.957878
v 6.408959 0.207886 -0.957878
v 6.408959 0.556376 -0.957878
v 6.408959 0.904865 -0.957878
v -2.672908 -1.534561 -0.669057
v -2.202691 -1.534561 -0.669057
v -2.672908 -1.534561 -0.765330
v -2.202691 -1.534561 -0.765330
v -2.672908 -1.534561 -0.861604
v -2.202691 -1.534561 -0.861604
v -1.289748 -1.534561 -0.669057
v -0.847023 -1.534561 -0.669057
v -0.404299 -1.534561 -0.669057
v -1.289749 -1.534561 -0.765330
v -0.847023 -1.534561 -0.765330
v -0.404299 -1.534561 -0.765330
v -1.289748 -1.534561 -0.861604
v -0.847024 -1.534561 -0.861604
v -0.404299 -1.534561 -0.861604
v 1.542087 1.815439 1.431674
v 1.542087 1.815439 1.621226
v 1.542087 1.815439 1.810777
v 1.040866 1.815439 1.431674
v 1.040866 1.815439 1.621226
v 1.040866 1.815439 1.810777
v 0.539646 1.815439 1.431674
v 0.539646 1.815439 1.621226
v 0.539646 1.815439 1.810777
v 8.069653 1.815439 1.431674
v 8.069654 1.815439 1.621225
v 8.069653 1.815439 1.810777
v 7.239306 1.815439 1.431674
v 7.239306 1.815439 1.621225
v 7.239306 1.815439 1.810777
v 6.408959 1.815439 1.431674
v 6.408959 1.815439 1.621226
v 6.408959 1.815439 1.810777
v -2.672908 -1.534561 -0.261536
v -2.202691 -1.534561 -0.261536
v -2.672908 -1.534561 -0.365285
v -2.202691 -1.534561 -0.365285
v -2.672908 -1.534561 -0.469034
v -2.202691 -1.534561 -0.469034
v -1.289748 -1.534561 -0.261536
v -0.847023 -1.534561 -0.261536
v -0.404299 -1.534561 -0.261536
v -1.289749 -1.534561 -0.365285
v -0.847023 -1.534561 -0.365285
v -0.404299 -1.534561 -0.365285
v -1.289748 -1.534561 -0.469034
v -0.847024 -1.534561 -0.469034
v -0.404299 -1.534561 -0.469034
v -2.672908 -1.534561 0.949643
v -2.202690 -1.534561 0.949643
v -2.672908 -1.534561 0.857164
v -2.202691 -1.534561 0.857164
v -2.672908 -1.534561 0.764684
v -2.202691 -1.534561 0.764684
v -1.289748 -1.534561 0.949643
v -0.847023 -1.534561 0.949643
v -0.404299 -1.534561 0.949643
v -1.289748 -1.534561 0.857164
v -0.847023 -1.534561 0.857164
v -0.404299 -1.534561 0.857164
v -1.289748 -1.534561 0.764684
v -0.847024 -1.534561 0.764684
v -0.404299 -1.534561 0.764684
v 1.542087 1.815439 0.205334
v 1.040867 1.815439 0.205334
v 0.539647 1.815439 0.205334
v 1.542087 1.815439 0.049711
v 1.040867 1.815439 0.049711
v 0.539647 1.815439 0.049711
v 1.542087 1.815439 -0.105913
v 1.040867 1.815439 -0.105913
v 0.539647 1.815439 -0.105913
v 1.542087 1.815439 1.021831
v 1.040866 1.815439 1.021831
v 0.539646 1.815439 1.021831
v 1.542087 1.815439 0.801540
v 1.040867 1.815439 0.801540
v 0.539646 1.815439 0.801540
v 1.542087 1.815439 0.581249
v 1.040867 1.815439 0.581249
v 0.539647 1.815439 0.581249
v -6.312844 0.195173 1.042123
v -6.312844 0.528343 1.042122
v -6.038296 0.195173 1.042123
v -6.038296 0.528343 1.042123
v -6.038295 0.861513 1.042123
v -5.763745 0.195173 1.042123
v -5.763745 0.528343 1.042123
v -5.763745 0.861513 1.042123
v -5.020233 0.195173 1.042123
v -5.020232 0.528343 1.042122
v -5.020233 0.861513 1.042122
v -4.551269 0.195173 1.042123
v -4.551270 0.528343 1.042123
v -4.551269 0.861513 1.042123
v -4.082306 0.195173 1.042123
v -4.082306 0.528343 1.042123
v -4.082306 0.861513 1.042123
v -3.143125 0.195173 1.042123
v -3.143126 0.528343 1.042122
v -3.143125 0.861513 1.042122
v -2.672908 0.195173 1.042123
v -2.672908 0.528343 1.042123
v -2.672908 0.861513 1.042123
v -2.202690 0.195173 1.042123
v -2.202691 0.528343 1.042123
v -2.202690 0.861513 1.042123
v -1.289748 0.195173 1.042123
v -1.289748 0.528343 1.042122
v -1.289748 0.861513 1.042122
v -0.847023 0.195173 1.042123
v -0.847023 0.528343 1.042123
v -0.847023 0.861513 1.042123
v -0.404298 0.195173 1.042123
v -0.404299 0.528343 1.042123
v -0.404299 0.861513 1.042123
v 1.542087 0.207886 -0.957878
v 1.542087 0.556376 -0.957878
v 1.542087 0.904865 -0.957878
v 1.040866 0.207886 -0.957878
v 1.040866 0.556376 -0.957878
v 1.040866 0.904865 -0.957878
v 0.539646 0.207886 -0.957878
v 0.539646 0.556376 -0.957878
v 0.539646 0.904865 -0.957878
v -0.404299 0.207886 -0.957878
v -0.404299 0.556376 -0.957878
v -0.404299 0.904865 -0.957878
v -0.847024 0.207886 -0.957878
v -0.847024 0.556376 -0.957878
v -0.847024 0.904865 -0.957878
v -1.289748 0.207886 -0.957878
v -1.289749 0.556376 -0.957878
v -1.289748 0.904865 -0.957878
v -2.202691 0.207886 -0.957878
v -2.202691 0.556376 -0.957878
v -2.202691 0.904865 -0.957878
v -2.672908 0.207886 -0.957878
v -2.672908 0.556376 -0.957878
v -2.672908 0.904865 -0.957878
v -3.143125 0.207886 -0.957878
v -3.143126 0.556376 -0.957878
v -3.143126 0.904865 -0.957878
v -4.082306 0.207886 -0.957878
v -4.082306 0.556376 -0.957878
v -4.082306 0.904865 -0.957878
v -4.551269 0.207886 -0.957878
v -4.551269 0.556376 -0.957878
v -4.551270 0.904865 -0.957878
v -5.020233 0.207886 -0.957878
v -5.020233 0.556376 -0.957878
v -5.020232 0.904865 -0.957878
v 6.408959 1.815439 -1.304045
v 6.408959 1.815439 -1.450212
v 6.408959 1.815439 -1.596380
v 7.239306 1.815439 -1.304045
v 7.239306 1.815439 -1.450212
v 7.239306 1.815439 -1.596380
v 8.069653 1.815439 -1.304045
v 8.069653 1.815439 -1.450212
v 8.069653 1.815439 -1.596380
v 2.927134 1.815439 -1.304045
v 2.927134 1.815439 -1.450212
v 2.927134 1.815439 -1.596380
v 3.810960 1.815439 -1.304045
v 3.810960 1.815439 -1.450212
v 3.810960 1.815439 -1.596380
v 4.694786 1.815439 -1.304045
v 4.694786 1.815439 -1.450212
v 4.694786 1.815439 -1.596380
v 1.542087 1.815439 -0.485622
v 1.040867 1.815439 -0.485622
v 0.539647 1.815439 -0.485622
v 1.542087 1.815439 -0.709707
v 1.040867 1.815439 -0.709707
v 0.539647 1.815439 -0.709707
v 1.542087 1.815439 -0.933792
v 1.040867 1.815439 -0.933792
v 0.539647 1.815439 -0.933792
v 8.900000 1.608520 1.428191
v 8.900000 1.456317 1.286201
v 8.900000 1.560053 1.471775
v 8.900000 1.684622 1.638615
v 8.900000 1.705455 1.518622
v 8.900000 1.684622 1.359758
v 8.900000 1.560053 1.294177
v 4.694786 1.815439 1.431674
v 4.694786 1.815439 1.621226
v 4.694786 1.815439 1.810777
v 3.810960 1.815439 1.431674
v 3.810960 1.815439 1.621226
v 3.810960 1.815439 1.810777
v 2.927133 1.815439 1.431674
v 2.927133 1.815439 1.621226
v 2.927133 1.815439 1.810777
v 0.539647 1.815439 -1.304045
v 0.539647 1.815439 -1.450212
v 0.539647 1.815439 -1.596380
v 1.040867 1.815439 -1.304045
v 1.040867 1.815439 -1.450212
v 1.040867 1.815439 -1.596380
v 1.542087 1.815439 -1.304045
v 1.542087 1.815439 -1.450212
v 1.542087 1.815439 -1.596380
v 8.900000 1.628078 -1.286101
v 8.900000 1.696986 -1.238942
v 8.900000 1.715851 -1.362982
v 8.900000 1.696987 -1.453975
v 8.900000 1.584191 -1.316135
v 8.900000 1.490260 -1.165385
v 8.900000 1.584191 -1.179185
v -4.082306 -0.837582 -0.957878
v -4.082306 -0.489093 -0.957878
v -4.551269 -0.837582 -0.957878
v -4.551270 -0.489093 -0.957878
v -5.020233 -0.837582 -0.957878
v -5.020232 -0.489093 -0.957878
v -2.202691 -1.186071 -0.957878
v -2.202691 -0.837582 -0.957878
v -2.202691 -0.489093 -0.957878
v -2.672908 -1.186072 -0.957878
v -2.672908 -0.837582 -0.957878
v -2.672908 -0.489093 -0.957878
v -3.143125 -1.186071 -0.957878
v -3.143126 -0.837582 -0.957878
v -3.143126 -0.489093 -0.957878
v -0.404299 -1.186071 -0.957878
v -0.404299 -0.837582 -0.957878
v -0.404299 -0.489093 -0.957878
v -0.847024 -1.186072 -0.957878
v -0.847024 -0.837582 -0.957878
v -0.847024 -0.489093 -0.957878
v -1.289748 -1.186071 -0.957878
v -1.289749 -0.837582 -0.957878
v -1.289748 -0.489093 -0.957878
v 1.542087 -1.186071 -0.957878
v 1.542087 -0.837582 -0.957878
v 1.542087 -0.489093 -0.957878
v 1.040866 -1.186072 -0.957878
v 1.040866 -0.837582 -0.957878
v 1.040866 -0.489093 -0.957878
v 0.539646 -1.186071 -0.957878
v 0.539646 -0.837582 -0.957878
v 0.539646 -0.489093 -0.957878
v 8.069653 -1.186071 -0.957878
v 8.069654 -0.837582 -0.957878
v 8.069653 -0.489093 -0.957878
v 7.239306 -1.186072 -0.957878
v 7.239306 -0.837582 -0.957878
v 7.239306 -0.489093 -0.957878
v 6.408959 -1.186071 -0.957878
v 6.408960 -0.837582 -0.957878
v 6.408959 -0.489093 -0.957878
v 8.900000 -1.181770 -0.669057
v 8.900000 -0.828978 -0.669057
v 8.900000 -0.476187 -0.669057
v 8.900000 -1.183204 -0.765330
v 8.900000 -0.831846 -0.765330
v 8.900000 -0.480489 -0.765330
v 8.900000 -1.184637 -0.861604
v 8.900000 -0.834714 -0.861604
v 8.900000 -0.484791 -0.861604
v -5.763745 -0.489093 -0.957878
v -6.038295 -0.489093 -0.957878
v -6.312844 -0.489093 -0.957878
v 4.694786 -1.186071 -0.957878
v 4.694786 -0.837582 -0.957878
v 4.694786 -0.489093 -0.957878
v 3.810960 -1.186072 -0.957878
v 3.810960 -0.837582 -0.957878
v 3.810960 -0.489093 -0.957878
v 2.927133 -1.186071 -0.957878
v 2.927133 -0.837582 -0.957878
v 2.927133 -0.489093 -0.957878
v -1.289748 -1.185420 1.042123
v -1.289748 -0.836279 1.042122
v -1.289748 -0.487138 1.042122
v -0.847023 -1.185420 1.042123
v -0.847023 -0.836279 1.042123
v -0.847023 -0.487138 1.042123
v -0.404298 -1.185420 1.042123
v -0.404299 -0.836279 1.042123
v -0.404299 -0.487138 1.042123
v -3.143125 -1.185420 1.042123
v -3.143126 -0.836279 1.042122
v -3.143125 -0.487138 1.042122
v -2.672908 -1.185420 1.042123
v -2.672908 -0.836279 1.042123
v -2.672908 -0.487138 1.042123
v -2.202690 -1.185420 1.042123
v -2.202691 -0.836279 1.042123
v -2.202690 -0.487138 1.042123
v -5.020232 -0.836279 1.042122
v -5.020233 -0.487138 1.042122
v -4.551270 -0.836279 1.042123
v -4.551269 -0.487138 1.042123
v -4.082306 -0.836279 1.042123
v -4.082306 -0.487138 1.042123
v -6.312845 -0.487138 1.042122
v -6.038295 -0.487138 1.042123
v -5.763745 -0.487138 1.042123
v 2.927134 -1.185420 1.042123
v 2.927134 -0.836279 1.042122
v 2.927134 -0.487138 1.042122
v 3.810960 -1.185420 1.042123
v 3.810960 -0.836279 1.042123
v 3.810960 -0.487138 1.042123
v 4.694786 -1.185420 1.042123
v 4.694786 -0.836279 1.042123
v 4.694786 -0.487138 1.042123
v 8.900000 -1.182786 0.949643
v 8.900000 -0.831011 0.949643
v 8.900000 -0.479237 0.949643
v 8.900000 -1.180153 0.857164
v 8.900000 -0.825744 0.857164
v 8.900000 -0.471336 0.857164
v 8.900000 -1.177519 0.764684
v 8.900000 -0.820477 0.764684
v 8.900000 -0.463436 0.764684
v 0.539647 -1.185420 1.042123
v 0.539647 -0.836279 1.042122
v 0.539647 -0.487138 1.042122
v 1.040867 -1.185420 1.042123
v 1.040867 -0.836279 1.042123
v 1.040867 -0.487138 1.042123
v 1.542087 -1.185420 1.042123
v 1.542087 -0.836279 1.042123
v 1.542087 -0.487138 1.042123
v 6.408959 -1.185420 1.042123
v 6.408959 -0.836279 1.042122
v 6.408959 -0.487138 1.042122
v 7.239306 -1.185420 1.042123
v 7.239306 -0.836279 1.042123
v 7.239306 -0.487138 1.042123
v 8.069653 -1.185420 1.042123
v 8.069654 -0.836279 1.042123
v 8.069653 -0.487138 1.042123
v -1.289748 -1.534561 0.568456
v -0.847023 -1.534561 0.568456
v -0.404299 -1.534561 0.568456
v -1.289749 -1.534561 0.464707
v -0.847023 -1.534561 0.464707
v -0.404299 -1.534561 0.464707
v -1.289748 -1.534561 0.360958
v -0.847024 -1.534561 0.360958
v -0.404299 -1.534561 0.360958
v -1.289748 -1.534561 0.153460
v -0.847023 -1.534561 0.153460
v -0.404299 -1.534561 0.153460
v -1.289749 -1.534561 0.049711
v -0.847023 -1.534561 0.049711
v -0.404299 -1.534561 0.049711
v -1.289748 -1.534561 -0.054038
v -0.847024 -1.534561 -0.054038
v -0.404299 -1.534561 -0.054038
v -2.672908 -1.534561 0.568456
v -2.202691 -1.534561 0.568456
v -2.672908 -1.534561 0.464707
v -2.202691 -1.534561 0.464707
v -2.672908 -1.534561 0.360958
v -2.202691 -1.534561 0.360958
v -2.672908 -1.534561 0.153460
v -2.202691 -1.534561 0.153460
v -2.672908 -1.534561 0.049711
v -2.202691 -1.534561 0.049711
v -2.672908 -1.534561 -0.054038
v -2.202691 -1.534561 -0.054038
v 2.927133 -1.534561 0.568456
v 3.810960 -1.534561 0.568456
v 4.694786 -1.534561 0.568456
v 2.927133 -1.534561 0.464707
v 3.810960 -1.534561 0.464707
v 4.694786 -1.534561 0.464707
v 2.927133 -1.534561 0.360958
v 3.810960 -1.534561 0.360958
v 4.694786 -1.534561 0.360958
v 2.927133 -1.534561 0.153460
v 3.810960 -1.534561 0.153460
v 4.694786 -1.534561 0.153460
v 2.927133 -1.534561 0.049711
v 3.810960 -1.534561 0.049711
v 4.694786 -1.534561 0.049711
v 2.927133 -1.534561 -0.054038
v 3.810960 -1.534561 -0.054038
v 4.694786 -1.534561 -0.054038
v 0.539646 -1.534561 0.568456
v 1.040866 -1.534561 0.568456
v 1.542087 -1.534561 0.568456
v 0.539646 -1.534561 0.464707
v 1.040866 -1.534561 0.464707
v 1.542087 -1.534561 0.464707
v 0.539646 -1.534561 0.360958
v 1.040866 -1.534561 0.360958
v 1.542087 -1.534561 0.360958
v 0.539646 -1.534561 0.153460
v 1.040866 -1.534561 0.153460
v 1.542087 -1.534561 0.153460
v 0.539646 -1.534561 0.049711
v 1.040866 -1.534561 0.049711
v 1.542087 -1.534561 0.049711
v 0.539646 -1.534561 -0.054038
v 1.040866 -1.534561 -0.054038
v 1.542087 -1.534561 -0.054038
v 6.408959 -1.534561 0.568456
v 7.239306 -1.534561 0.568456
v 8.069653 -1.534561 0.568456
v 6.408959 -1.534561 0.464707
v 7.239306 -1.534561 0.464707
v 8.069653 -1.534561 0.464707
v 6.408959 -1.534561 0.360958
v 7.239306 -1.534561 0.360958
v 8.069653 -1.534561 0.360958
v 6.408959 -1.534561 0.153460
v 7.239306 -1.534561 0.153460
v 8.069653 -1.534561 0.153460
v 6.408959 -1.534561 0.049711
v 7.239306 -1.534561 0.049711
v 8.069653 -1.534561 0.049711
v 6.408959 -1.534561 -0.054038
v 7.239306 -1.534561 -0.054038
v 8.069653 -1.534561 -0.054038
v 0.303955 1.815439 -1.450212
v 0.303833 1.815439 -1.304045
v 0.303714 1.815439 -1.157878
v 0.304074 1.815439 -1.596380
v 0.304196 1.815439 -1.742547
v 0.303529 1.815439 -0.933792
v 0.303343 1.815439 -0.709707
v 0.303159 1.815439 -0.485622
v 0.302974 1.815439 -0.261536
v 0.302845 1.815439 -0.105913
v 0.302588 1.815439 0.205334
v 0.302716 1.815439 0.049711
v 0.302459 1.815439 0.360958
v 0.302278 1.815439 0.581249
v 0.302095 1.815439 0.801540
v 0.301914 1.815439 1.021831
v 0.301731 1.815439 1.242123
v -4.222453 1.253355 -0.957878
v -4.551270 1.212519 -0.957878
v -5.020233 1.154279 -0.957878
v -5.489196 1.096038 -0.957878
v -5.763745 1.061942 -0.957878
v -6.038295 1.027845 -0.957878
v -6.281558 0.997635 -0.957877
v -6.374609 -0.140603 -0.957878
v -6.346120 0.207886 -0.957878
v -6.317630 0.556376 -0.957878
v -6.312845 0.614901 -0.957878
v -6.289140 0.904865 -0.957878
v -6.403547 -0.494600 -0.957878
v -6.403096 -0.489093 -0.957878
v 0.301259 1.815439 1.810777
v 0.301572 1.815439 1.431674
v 0.301103 1.815439 2.000329
v 0.301417 1.815439 1.621226
v -5.020233 1.154484 1.042123
v -4.696543 1.194683 1.042123
v -5.489196 1.096243 1.042123
v -5.763745 1.062147 1.042123
v -6.038295 1.028051 1.042123
v -6.278783 0.998184 1.042122
v -2.852830 -1.534561 0.049711
v -2.853522 -1.534561 0.360958
v -2.854835 -1.534561 0.949643
v -2.853291 -1.534561 0.257209
v -2.853061 -1.534561 0.153460
v -2.852598 -1.534561 -0.054038
v -2.854422 -1.534561 0.764684
v -2.854629 -1.534561 0.857164
v -2.852367 -1.534561 -0.157787
v -2.853755 -1.534561 0.464707
v -2.854217 -1.534561 0.672205
v -2.855040 -1.534561 1.042123
v -2.853986 -1.534561 0.568456
v -3.143126 -1.450238 1.042123
v -3.613343 -1.312604 1.042123
v -4.047859 -1.185420 1.042123
v -4.551269 -1.038070 1.042123
v -4.082306 -1.175337 1.042123
v -5.240680 -0.836279 1.042122
v -5.020232 -0.900804 1.042122
v -5.489197 -0.763537 1.042123
v -5.763745 -0.683176 1.042123
v -6.038295 -0.602814 1.042123
v -6.312845 -0.522453 1.042122
v -6.398139 -0.497487 1.042122
v -2.850586 -1.534561 -0.957878
v -3.143126 -1.448934 -0.957878
v -2.851906 -1.534561 -0.365285
v -2.850801 -1.534561 -0.861604
v -2.851444 -1.534561 -0.572783
v -2.851675 -1.534561 -0.469034
v -2.851230 -1.534561 -0.669057
v -2.852138 -1.534561 -0.261536
v -2.851015 -1.534561 -0.765330
v -3.613343 -1.311300 -0.957878
v -4.041179 -1.186071 -0.957878
v -4.551270 -1.036767 -0.957878
v -4.082306 -1.174033 -0.957878
v -5.020233 -0.899500 -0.957878
v -5.231771 -0.837582 -0.957878
v -5.489196 -0.762233 -0.957878
v -5.763745 -0.681872 -0.957878
v -6.038295 -0.601511 -0.957878
v -6.312844 -0.521149 -0.957878
v -6.397312 -0.487138 1.042122
v -6.369450 -0.137996 1.042123
v -6.342862 0.195173 1.042123
v -6.316275 0.528343 1.042122
v -6.312844 0.571331 1.042122
v -6.289687 0.861513 1.042122
vn -0.0000 -0.0000 1.0000
vn -0.0000 1.0000 -0.0000
vn -1.0000 -0.0000 -0.0000
vn -0.0000 -0.0000 -1.0000
vn -0.0000 -1.0000 -0.0000
vt 0.376106 0.635144
vt 0.375856 0.692004
vt 0.367549 0.692227
vt 0.367834 0.631462
vt 0.375606 0.748864
vt 0.367264 0.752993
vt 0.359242 0.692451
vt 0.359563 0.627780
vt 0.358922 0.757122
vt 0.384592 0.585871
vt 0.384377 0.638826
vt 0.376356 0.578283
vt 0.384163 0.691781
vt 0.383948 0.744736
vt 0.383733 0.797691
vt 0.375356 0.805725
vt 0.366978 0.813759
vt 0.358601 0.821793
vt 0.350223 0.829827
vt 0.350579 0.761251
vt 0.350935 0.692674
vt 0.351291 0.624098
vt 0.359883 0.563109
vt 0.351647 0.555522
vt 0.368120 0.570696
vt 0.421318 0.390739
vt 0.424766 0.404371
vt 0.414900 0.404367
vt 0.410980 0.390734
vt 0.428214 0.418004
vt 0.418819 0.418000
vt 0.405033 0.404362
vt 0.400641 0.390729
vt 0.409425 0.417996
vt 0.428681 0.377111
vt 0.431657 0.390743
vt 0.417870 0.377106
vt 0.434632 0.404376
vt 0.437608 0.418008
vt 0.440583 0.431641
vt 0.431661 0.431637
vt 0.422739 0.431633
vt 0.413818 0.431629
vt 0.404896 0.431626
vt 0.400031 0.417992
vt 0.395167 0.404358
vt 0.390303 0.390724
vt 0.396249 0.377096
vt 0.385438 0.377091
vt 0.407060 0.377101
vt 0.435072 0.799507
vt 0.439342 0.816160
vt 0.424296 0.815438
vt 0.423036 0.798423
vt 0.443612 0.832813
vt 0.425555 0.832452
vt 0.409250 0.814715
vt 0.411001 0.797339
vt 0.407499 0.832091
vt 0.439828 0.784299
vt 0.447108 0.800591
vt 0.430803 0.782854
vt 0.454388 0.816883
vt 0.461668 0.833174
vt 0.468947 0.849466
vt 0.447881 0.849466
vt 0.426815 0.849467
vt 0.405749 0.849467
vt 0.384683 0.849467
vt 0.389444 0.831730
vt 0.394204 0.813993
vt 0.398965 0.796255
vt 0.412751 0.779964
vt 0.403725 0.778518
vt 0.421777 0.781409
vt 0.074997 0.503165
vt 0.072003 0.702905
vt 0.039857 0.704406
vt 0.043327 0.489548
vt 0.069010 0.902644
vt 0.036388 0.919265
vt 0.007711 0.705908
vt 0.011656 0.475930
vt 0.006583 0.934451
vt 0.007049 0.744531
vt 0.109185 0.332162
vt 0.106667 0.516783
vt 0.077991 0.303426
vt 0.104149 0.701403
vt 0.101632 0.886023
vt 0.100250 0.987301
vt 0.067660 0.992674
vt 0.035164 0.995088
vt 0.006452 0.994627
vt 0.007151 0.705935
vt 0.007818 0.474280
vt 0.015601 0.245952
vt 0.008584 0.239487
vt 0.046796 0.274689
vt 0.605924 0.639216
vt 0.606097 0.687587
vt 0.601060 0.687650
vt 0.600903 0.641508
vt 0.606269 0.735959
vt 0.601217 0.733793
vt 0.596024 0.687714
vt 0.595882 0.643800
vt 0.596166 0.731627
vt 0.610756 0.586323
vt 0.610945 0.636923
vt 0.605751 0.590844
vt 0.611133 0.687524
vt 0.611321 0.738125
vt 0.611509 0.788725
vt 0.606442 0.784330
vt 0.601375 0.779935
vt 0.596307 0.775541
vt 0.591240 0.771146
vt 0.591114 0.729461
vt 0.590987 0.687777
vt 0.590861 0.646093
vt 0.595740 0.599887
vt 0.590735 0.604408
vt 0.600746 0.595365
vt 0.431127 0.650353
vt 0.431019 0.694520
vt 0.422019 0.693440
vt 0.422140 0.649455
vt 0.430910 0.738687
vt 0.421898 0.737424
vt 0.413019 0.692359
vt 0.413153 0.648557
vt 0.412885 0.736161
vt 0.440208 0.606902
vt 0.440113 0.651251
vt 0.431234 0.606186
vt 0.440018 0.695601
vt 0.439923 0.739950
vt 0.403873 0.734898
vt 0.404020 0.691279
vt 0.404167 0.647659
vt 0.413287 0.604754
vt 0.404314 0.604039
vt 0.422261 0.605470
vt 0.666698 0.611559
vt 0.667125 0.686940
vt 0.659696 0.687010
vt 0.659305 0.614917
vt 0.667553 0.762321
vt 0.660087 0.759103
vt 0.652267 0.687080
vt 0.651911 0.618274
vt 0.652622 0.755885
vt 0.673628 0.529532
vt 0.674091 0.608201
vt 0.666271 0.536178
vt 0.674555 0.686870
vt 0.675018 0.765539
vt 0.675482 0.844208
vt 0.667980 0.837702
vt 0.660479 0.831196
vt 0.652977 0.824690
vt 0.645476 0.818184
vt 0.645157 0.752667
vt 0.644837 0.687150
vt 0.644518 0.621632
vt 0.651556 0.549469
vt 0.644198 0.556115
vt 0.658913 0.542823
vt 0.617925 0.898445
vt 0.626307 0.912922
vt 0.597404 0.912924
vt 0.590893 0.898447
vt 0.634688 0.927399
vt 0.603914 0.927401
vt 0.568501 0.912926
vt 0.563861 0.898448
vt 0.573141 0.927404
vt 0.634706 0.883967
vt 0.644957 0.898443
vt 0.609544 0.883968
vt 0.655209 0.912920
vt 0.665461 0.927396
vt 0.675713 0.941872
vt 0.643069 0.941875
vt 0.610425 0.941879
vt 0.577781 0.941882
vt 0.545138 0.941885
vt 0.542368 0.927407
vt 0.539599 0.912928
vt 0.536829 0.898450
vt 0.559221 0.883970
vt 0.534059 0.883971
vt 0.584383 0.883969
vt 0.517729 0.898451
vt 0.519176 0.912930
vt 0.498754 0.912932
vt 0.498628 0.898452
vt 0.520624 0.927409
vt 0.498879 0.927411
vt 0.478332 0.912933
vt 0.479528 0.898453
vt 0.477135 0.927413
vt 0.536829 0.898450
vt 0.516281 0.883972
vt 0.542368 0.927407
vt 0.522071 0.941888
vt 0.499005 0.941890
vt 0.475939 0.941893
vt 0.452873 0.941895
vt 0.455391 0.927415
vt 0.457909 0.912935
vt 0.460427 0.898455
vt 0.480724 0.883974
vt 0.462946 0.883974
vt 0.498503 0.883973
vt 0.582233 0.647722
vt 0.582348 0.689727
vt 0.573708 0.691676
vt 0.573605 0.649351
vt 0.582462 0.731732
vt 0.573811 0.734002
vt 0.565068 0.693626
vt 0.564977 0.650980
vt 0.565159 0.736272
vt 0.582118 0.605717
vt 0.582577 0.773737
vt 0.573913 0.776327
vt 0.565250 0.778918
vt 0.556587 0.781509
vt 0.556507 0.738543
vt 0.556428 0.695576
vt 0.556349 0.652609
vt 0.564886 0.608334
vt 0.556269 0.609643
vt 0.573502 0.607026
vt 0.584325 0.792669
vt 0.586073 0.811601
vt 0.571389 0.812896
vt 0.572651 0.794612
vt 0.587821 0.830533
vt 0.570128 0.831181
vt 0.556706 0.814192
vt 0.560978 0.796555
vt 0.552434 0.831829
vt 0.595998 0.790726
vt 0.600756 0.810305
vt 0.605514 0.829885
vt 0.610272 0.849465
vt 0.589569 0.849465
vt 0.568866 0.849465
vt 0.548162 0.849465
vt 0.527459 0.849466
vt 0.534741 0.832476
vt 0.542023 0.815487
vt 0.549305 0.798498
vt 0.523756 0.799021
vt 0.520114 0.815836
vt 0.498205 0.816185
vt 0.498206 0.799545
vt 0.516472 0.832651
vt 0.498204 0.832826
vt 0.476297 0.816534
vt 0.472657 0.800068
vt 0.479936 0.833000
vt 0.527397 0.782207
vt 0.542023 0.815487
vt 0.512831 0.849466
vt 0.498203 0.849466
vt 0.483575 0.849466
vt 0.461668 0.833175
vt 0.469018 0.783602
vt 0.498208 0.782904
vt 0.595109 0.390819
vt 0.590621 0.404446
vt 0.581147 0.404442
vt 0.585182 0.390814
vt 0.586132 0.418073
vt 0.577112 0.418069
vt 0.571673 0.404437
vt 0.575254 0.390810
vt 0.568091 0.418065
vt 0.609979 0.377197
vt 0.605037 0.390824
vt 0.599598 0.377192
vt 0.600095 0.404450
vt 0.595153 0.418077
vt 0.590212 0.431703
vt 0.581644 0.431700
vt 0.573076 0.431696
vt 0.564509 0.431692
vt 0.555941 0.431689
vt 0.559070 0.418061
vt 0.562198 0.404433
vt 0.565327 0.390805
vt 0.578836 0.377182
vt 0.568456 0.377177
vt 0.589217 0.377187
vt 0.465077 0.390759
vt 0.466526 0.404390
vt 0.455895 0.404385
vt 0.453937 0.390754
vt 0.467976 0.418021
vt 0.457853 0.418017
vt 0.445264 0.404381
vt 0.442797 0.390749
vt 0.447730 0.418013
vt 0.475277 0.377133
vt 0.476217 0.390764
vt 0.463628 0.377128
vt 0.477158 0.404395
vt 0.478098 0.418026
vt 0.479039 0.431657
vt 0.469425 0.431653
vt 0.459811 0.431649
vt 0.450197 0.431645
vt 0.437608 0.418008
vt 0.431657 0.390743
vt 0.440330 0.377117
vt 0.451979 0.377122
vt 0.649133 0.226803
vt 0.642584 0.246687
vt 0.627863 0.246678
vt 0.633751 0.226793
vt 0.636035 0.266571
vt 0.621975 0.266562
vt 0.613141 0.246669
vt 0.618368 0.226784
vt 0.607914 0.266554
vt 0.671727 0.206930
vt 0.664516 0.226813
vt 0.655683 0.206919
vt 0.657306 0.246696
vt 0.650095 0.266579
vt 0.642884 0.286462
vt 0.629485 0.286454
vt 0.616086 0.286447
vt 0.602688 0.286439
vt 0.589289 0.286432
vt 0.593854 0.266546
vt 0.598420 0.246660
vt 0.602985 0.226774
vt 0.623594 0.206898
vt 0.607550 0.206888
vt 0.639639 0.206909
vt 0.447632 0.226676
vt 0.449747 0.246569
vt 0.433225 0.246559
vt 0.430368 0.226665
vt 0.451862 0.266462
vt 0.436083 0.266453
vt 0.416703 0.246549
vt 0.413103 0.226654
vt 0.420303 0.266443
vt 0.463525 0.206795
vt 0.464897 0.226687
vt 0.445517 0.206783
vt 0.466269 0.246579
vt 0.467642 0.266471
vt 0.469014 0.286364
vt 0.453977 0.286355
vt 0.438940 0.286346
vt 0.423903 0.286338
vt 0.408866 0.286329
vt 0.404523 0.266434
vt 0.400181 0.246539
vt 0.395838 0.226643
vt 0.409503 0.206760
vt 0.391496 0.206748
vt 0.427510 0.206771
vt 0.432919 0.898456
vt 0.428497 0.912937
vt 0.399084 0.912939
vt 0.405411 0.898458
vt 0.424074 0.927418
vt 0.392757 0.927420
vt 0.369671 0.912941
vt 0.377903 0.898460
vt 0.361440 0.927423
vt 0.460427 0.898454
vt 0.437342 0.883976
vt 0.455391 0.927415
vt 0.419651 0.941898
vt 0.386430 0.941902
vt 0.353209 0.941905
vt 0.319988 0.941909
vt 0.330123 0.927426
vt 0.340259 0.912944
vt 0.350394 0.898461
vt 0.386134 0.883978
vt 0.360530 0.883979
vt 0.411738 0.883977
vt 0.379815 0.226633
vt 0.384847 0.246529
vt 0.369514 0.246520
vt 0.363793 0.226623
vt 0.389879 0.266425
vt 0.375235 0.266417
vt 0.354180 0.246511
vt 0.347770 0.226613
vt 0.360590 0.266408
vt 0.395838 0.226643
vt 0.374784 0.206737
vt 0.404523 0.266434
vt 0.394911 0.286321
vt 0.380956 0.286314
vt 0.367000 0.286306
vt 0.353045 0.286298
vt 0.345946 0.266399
vt 0.338846 0.246501
vt 0.331747 0.226603
vt 0.341360 0.206715
vt 0.324647 0.206705
vt 0.358072 0.206726
vt 0.445246 0.858094
vt 0.442612 0.866721
vt 0.419276 0.866722
vt 0.423046 0.858094
vt 0.439977 0.875348
vt 0.415507 0.875349
vt 0.395941 0.866722
vt 0.400845 0.858094
vt 0.391038 0.875350
vt 0.467447 0.858093
vt 0.465947 0.866720
vt 0.464446 0.875347
vt 0.437342 0.883976
vt 0.411738 0.883977
vt 0.366568 0.875351
vt 0.372606 0.866723
vt 0.378645 0.858095
vt 0.456390 0.309048
vt 0.458803 0.331741
vt 0.445460 0.331734
vt 0.442200 0.309040
vt 0.461215 0.354434
vt 0.448719 0.354428
vt 0.432117 0.331727
vt 0.428010 0.309033
vt 0.436223 0.354422
vt 0.470580 0.309056
vt 0.453977 0.286355
vt 0.472146 0.331748
vt 0.473711 0.354441
vt 0.463628 0.377128
vt 0.440330 0.377117
vt 0.423727 0.354416
vt 0.418774 0.331720
vt 0.413820 0.309025
vt 0.423903 0.286338
vt 0.622014 0.309139
vt 0.614542 0.331823
vt 0.602652 0.331817
vt 0.609369 0.309132
vt 0.607070 0.354508
vt 0.595935 0.354502
vt 0.590762 0.331811
vt 0.596725 0.309125
vt 0.584799 0.354496
vt 0.634658 0.309146
vt 0.626431 0.331830
vt 0.618205 0.354513
vt 0.599598 0.377192
vt 0.578836 0.377182
vt 0.573664 0.354491
vt 0.578872 0.331805
vt 0.584081 0.309118
vt 0.602688 0.286439
vt 0.513693 0.858092
vt 0.514556 0.866719
vt 0.498353 0.866719
vt 0.498278 0.858093
vt 0.515419 0.875346
vt 0.498428 0.875346
vt 0.482150 0.866720
vt 0.482862 0.858093
vt 0.481437 0.875347
vt 0.529109 0.858092
vt 0.512831 0.849466
vt 0.530759 0.866719
vt 0.532409 0.875345
vt 0.480724 0.883974
vt 0.464446 0.875347
vt 0.467447 0.858093
vt 0.594563 0.858091
vt 0.599557 0.866717
vt 0.576624 0.866717
vt 0.572745 0.858091
vt 0.604550 0.875342
vt 0.580503 0.875343
vt 0.553692 0.866718
vt 0.550927 0.858092
vt 0.556456 0.875344
vt 0.616381 0.858090
vt 0.622489 0.866716
vt 0.628597 0.875341
vt 0.609544 0.883968
vt 0.559221 0.883970
vt 0.530759 0.866719
vt 0.636124 0.625455
vt 0.636411 0.687243
vt 0.627985 0.687337
vt 0.627731 0.629278
vt 0.636698 0.749031
vt 0.628239 0.745396
vt 0.619559 0.687430
vt 0.619338 0.633101
vt 0.619780 0.741760
vt 0.635838 0.563667
vt 0.645156 0.752667
vt 0.636984 0.810819
vt 0.628493 0.803455
vt 0.620001 0.796090
vt 0.611133 0.687524
vt 0.610945 0.636923
vt 0.619117 0.578771
vt 0.627477 0.571219
vt 0.400651 0.309018
vt 0.406391 0.331714
vt 0.394008 0.331707
vt 0.387482 0.309010
vt 0.412130 0.354410
vt 0.400534 0.354404
vt 0.381625 0.331701
vt 0.374312 0.309003
vt 0.388937 0.354398
vt 0.413820 0.309025
vt 0.394911 0.286321
vt 0.423727 0.354416
vt 0.417870 0.377106
vt 0.396249 0.377096
vt 0.377340 0.354392
vt 0.369242 0.331694
vt 0.361143 0.308996
vt 0.367000 0.286306
vt 0.399219 0.645450
vt 0.399055 0.691404
vt 0.394091 0.691530
vt 0.394272 0.643242
vt 0.398891 0.737358
vt 0.393910 0.739817
vt 0.389127 0.691655
vt 0.389325 0.641034
vt 0.388929 0.742276
vt 0.399384 0.599497
vt 0.398727 0.783311
vt 0.393729 0.788105
vt 0.388731 0.792898
vt 0.383948 0.744736
vt 0.384163 0.691781
vt 0.384377 0.638826
vt 0.389523 0.590413
vt 0.394453 0.594955
vt 0.327604 0.020185
vt 0.338299 0.062476
vt 0.316590 0.062458
vt 0.304429 0.020165
vt 0.294880 0.062441
vt 0.281254 0.020146
vt 0.350779 0.020205
vt 0.360009 0.062493
vt 0.369239 0.104781
vt 0.348995 0.104766
vt 0.328750 0.104751
vt 0.308506 0.104735
vt 0.288261 0.104720
vt 0.273170 0.062423
vt 0.258079 0.020126
vt 0.355442 0.130259
vt 0.361889 0.155751
vt 0.343411 0.155738
vt 0.336081 0.130245
vt 0.368336 0.181244
vt 0.350741 0.181232
vt 0.324933 0.155725
vt 0.316719 0.130230
vt 0.333146 0.181220
vt 0.374804 0.130273
vt 0.348995 0.104766
vt 0.380368 0.155765
vt 0.385932 0.181256
vt 0.374784 0.206737
vt 0.341360 0.206715
vt 0.315551 0.181209
vt 0.306454 0.155712
vt 0.297358 0.130216
vt 0.308506 0.104735
vt 0.714291 0.954680
vt 0.743796 0.954677
vt 0.755716 0.967487
vt 0.724787 0.967491
vt 0.773301 0.954673
vt 0.786644 0.967483
vt 0.767636 0.980297
vt 0.735283 0.980302
vt 0.799988 0.980292
vt 0.703794 0.941869
vt 0.684785 0.954684
vt 0.731876 0.941866
vt 0.759957 0.941863
vt 0.788039 0.941861
vt 0.802806 0.954670
vt 0.817573 0.967479
vt 0.832340 0.980288
vt 0.839369 0.986384
vt 0.806334 0.986385
vt 0.773301 0.986386
vt 0.740269 0.986387
vt 0.702931 0.980306
vt 0.707237 0.986387
vt 0.693858 0.967495
vt 0.635151 0.858090
vt 0.653921 0.858090
vt 0.661947 0.866715
vt 0.642218 0.866715
vt 0.672692 0.858089
vt 0.681676 0.866714
vt 0.669973 0.875340
vt 0.649285 0.875341
vt 0.690660 0.875339
vt 0.628084 0.849465
vt 0.645896 0.849465
vt 0.663707 0.849465
vt 0.681519 0.849465
vt 0.691462 0.858089
vt 0.701405 0.866714
vt 0.711348 0.875338
vt 0.721291 0.883963
vt 0.699645 0.883964
vt 0.677999 0.883965
vt 0.656352 0.883966
vt 0.425687 0.020268
vt 0.430183 0.062549
vt 0.406791 0.062531
vt 0.400718 0.020247
vt 0.383400 0.062512
vt 0.375748 0.020226
vt 0.450657 0.020290
vt 0.453574 0.062568
vt 0.456491 0.104847
vt 0.434678 0.104830
vt 0.412865 0.104814
vt 0.391052 0.104798
vt 0.360009 0.062493
vt 0.437388 0.130319
vt 0.440098 0.155807
vt 0.420188 0.155793
vt 0.416526 0.130303
vt 0.442807 0.181295
vt 0.423849 0.181282
vt 0.400278 0.155779
vt 0.395665 0.130288
vt 0.404890 0.181269
vt 0.458249 0.130334
vt 0.434678 0.104830
vt 0.460008 0.155821
vt 0.461766 0.181308
vt 0.445517 0.206783
vt 0.409503 0.206760
vt 0.385932 0.181256
vt 0.374804 0.130273
vt 0.717081 0.020516
vt 0.703163 0.062769
vt 0.682325 0.062752
vt 0.694837 0.020497
vt 0.661487 0.062736
vt 0.672594 0.020478
vt 0.739324 0.020535
vt 0.724002 0.062786
vt 0.708679 0.105037
vt 0.689246 0.105022
vt 0.669813 0.105007
vt 0.650380 0.104993
vt 0.630946 0.104978
vt 0.640648 0.062719
vt 0.650350 0.020459
vt 0.680855 0.130496
vt 0.672464 0.155971
vt 0.654726 0.155958
vt 0.662269 0.130483
vt 0.664074 0.181445
vt 0.647182 0.181433
vt 0.636987 0.155946
vt 0.643683 0.130469
vt 0.630291 0.181422
vt 0.699441 0.130510
vt 0.689246 0.105022
vt 0.690203 0.155983
vt 0.680965 0.181456
vt 0.655683 0.206919
vt 0.623594 0.206898
vt 0.613399 0.181411
vt 0.619248 0.155933
vt 0.625097 0.130456
vt 0.650380 0.104993
vt 0.523353 0.954702
vt 0.524634 0.967517
vt 0.499227 0.967520
vt 0.499116 0.954705
vt 0.525915 0.980332
vt 0.499339 0.980336
vt 0.473821 0.967524
vt 0.474880 0.954708
vt 0.472762 0.980339
vt 0.547589 0.954700
vt 0.522071 0.941888
vt 0.550040 0.967514
vt 0.552491 0.980328
vt 0.553651 0.986392
vt 0.526521 0.986393
vt 0.499391 0.986393
vt 0.472262 0.986394
vt 0.445134 0.986395
vt 0.446186 0.980343
vt 0.448415 0.967527
vt 0.450644 0.954711
vt 0.475939 0.941893
vt 0.650486 0.954687
vt 0.657903 0.967500
vt 0.621949 0.967504
vt 0.616187 0.954692
vt 0.665321 0.980312
vt 0.627711 0.980317
vt 0.585995 0.967509
vt 0.581888 0.954696
vt 0.590101 0.980322
vt 0.684785 0.954683
vt 0.643069 0.941875
vt 0.668839 0.986389
vt 0.630442 0.986390
vt 0.592046 0.986391
vt 0.553651 0.986392
vt 0.552491 0.980328
vt 0.547589 0.954700
vt 0.577781 0.941882
vt 0.988797 0.467571
vt 0.992527 0.686930
vt 0.959993 0.686712
vt 0.956717 0.481746
vt 0.993008 0.715233
vt 0.993474 0.905057
vt 0.963268 0.891678
vt 0.927459 0.686494
vt 0.924637 0.495920
vt 0.930281 0.877067
vt 0.964906 0.994132
vt 0.931980 0.991830
vt 0.898961 0.986582
vt 0.897293 0.862456
vt 0.894925 0.686276
vt 0.892557 0.510095
vt 0.921815 0.305347
vt 0.890189 0.333914
vt 0.953441 0.276779
vt 0.985067 0.248212
vt 0.863382 0.523135
vt 0.865449 0.686274
vt 0.835974 0.686273
vt 0.834207 0.536175
vt 0.867517 0.849413
vt 0.837741 0.836370
vt 0.806498 0.686271
vt 0.805032 0.549216
vt 0.807965 0.823326
vt 0.892557 0.510095
vt 0.861315 0.359996
vt 0.869335 0.992868
vt 0.848825 0.994547
vt 0.839508 0.986467
vt 0.809431 0.960382
vt 0.779355 0.934296
vt 0.778189 0.810283
vt 0.777023 0.686270
vt 0.775857 0.562256
vt 0.803565 0.412160
vt 0.774691 0.438242
vt 0.832440 0.386078
vt 0.759938 0.569431
vt 0.760984 0.686347
vt 0.744946 0.686424
vt 0.744018 0.576605
vt 0.762031 0.803263
vt 0.745873 0.796244
vt 0.728907 0.686502
vt 0.728099 0.583780
vt 0.729716 0.789224
vt 0.775857 0.562256
vt 0.758891 0.452514
vt 0.778189 0.810283
vt 0.763078 0.920179
vt 0.746801 0.906063
vt 0.730524 0.891946
vt 0.714247 0.877829
vt 0.713558 0.782204
vt 0.712869 0.686579
vt 0.712180 0.590955
vt 0.727291 0.481058
vt 0.711491 0.495330
vt 0.743091 0.466786
vt 0.702658 0.595266
vt 0.703290 0.686652
vt 0.693712 0.686725
vt 0.693136 0.599578
vt 0.703923 0.778038
vt 0.694288 0.773872
vt 0.684133 0.686797
vt 0.683614 0.603889
vt 0.684653 0.769705
vt 0.712180 0.590955
vt 0.702025 0.503881
vt 0.713558 0.782204
vt 0.704556 0.869424
vt 0.694864 0.861018
vt 0.685173 0.852613
vt 0.675018 0.765539
vt 0.674091 0.608201
vt 0.683094 0.520981
vt 0.692559 0.512431
vt 0.344004 0.620865
vt 0.343609 0.692885
vt 0.336284 0.693096
vt 0.336717 0.617631
vt 0.343215 0.764906
vt 0.335851 0.768561
vt 0.328958 0.693307
vt 0.329429 0.614398
vt 0.328486 0.772216
vt 0.351291 0.624098
vt 0.344399 0.548844
vt 0.350579 0.761251
vt 0.342820 0.836927
vt 0.335417 0.844026
vt 0.328014 0.851125
vt 0.320612 0.858225
vt 0.321122 0.775871
vt 0.321632 0.693518
vt 0.322142 0.611164
vt 0.329901 0.535488
vt 0.322652 0.528811
vt 0.337150 0.542166
vt 0.312755 0.607014
vt 0.312185 0.693809
vt 0.302738 0.694100
vt 0.303367 0.602863
vt 0.311615 0.780604
vt 0.302108 0.785337
vt 0.293290 0.694391
vt 0.293980 0.598712
vt 0.292601 0.790070
vt 0.322142 0.611164
vt 0.313325 0.520218
vt 0.321122 0.775871
vt 0.311045 0.867400
vt 0.301478 0.876575
vt 0.291911 0.885749
vt 0.282344 0.894924
vt 0.283093 0.794803
vt 0.283843 0.694682
vt 0.284593 0.594562
vt 0.294670 0.503033
vt 0.285343 0.494441
vt 0.303997 0.511626
vt 0.268895 0.587657
vt 0.268019 0.695219
vt 0.252195 0.695755
vt 0.253197 0.580753
vt 0.267143 0.802780
vt 0.251193 0.810757
vt 0.236371 0.696291
vt 0.237499 0.573848
vt 0.235243 0.818733
vt 0.284593 0.594562
vt 0.269771 0.480096
vt 0.283093 0.794803
vt 0.266268 0.910341
vt 0.250191 0.925758
vt 0.234115 0.941176
vt 0.218039 0.956593
vt 0.219293 0.826710
vt 0.220547 0.696827
vt 0.221801 0.566944
vt 0.238627 0.451406
vt 0.223055 0.437061
vt 0.254199 0.465751
vt 0.193018 0.554403
vt 0.191448 0.697971
vt 0.162348 0.699115
vt 0.164234 0.541863
vt 0.189878 0.841538
vt 0.160462 0.856366
vt 0.133249 0.700259
vt 0.135451 0.529323
vt 0.131047 0.871194
vt 0.221801 0.566944
vt 0.194588 0.410836
vt 0.188308 0.985105
vt 0.179423 0.993626
vt 0.158797 0.995191
vt 0.129471 0.993533
vt 0.100250 0.987301
vt 0.101632 0.886023
vt 0.137653 0.358387
vt 0.166120 0.384612
vt 0.350604 0.875351
vt 0.334641 0.875352
vt 0.342159 0.866724
vt 0.357383 0.866723
vt 0.318677 0.875353
vt 0.326936 0.866724
vt 0.349678 0.858095
vt 0.364161 0.858095
vt 0.335195 0.858096
vt 0.343826 0.883980
vt 0.366568 0.875351
vt 0.327122 0.883980
vt 0.310418 0.883981
vt 0.293714 0.883982
vt 0.302713 0.875353
vt 0.311712 0.866725
vt 0.320712 0.858096
vt 0.329711 0.849467
vt 0.343454 0.849467
vt 0.357197 0.849467
vt 0.370940 0.849467
vt 0.378645 0.858095
vt 0.372606 0.866723
vt 0.309692 0.927428
vt 0.289260 0.927430
vt 0.301880 0.912947
vt 0.321070 0.912945
vt 0.268828 0.927432
vt 0.282691 0.912948
vt 0.314501 0.898464
vt 0.332448 0.898462
vt 0.296555 0.898465
vt 0.298313 0.941911
vt 0.330123 0.927426
vt 0.276639 0.941913
vt 0.254964 0.941915
vt 0.233290 0.941918
vt 0.248396 0.927434
vt 0.263502 0.912950
vt 0.278608 0.898466
vt 0.310418 0.883981
vt 0.343826 0.883980
vt 0.350394 0.898461
vt 0.415737 0.954715
vt 0.411822 0.967532
vt 0.375230 0.967537
vt 0.380830 0.954719
vt 0.407908 0.980349
vt 0.369630 0.980354
vt 0.338638 0.967542
vt 0.345923 0.954723
vt 0.331352 0.980360
vt 0.450644 0.954711
vt 0.419651 0.941898
vt 0.446186 0.980343
vt 0.445133 0.986395
vt 0.406061 0.986396
vt 0.366990 0.986397
vt 0.327920 0.986398
vt 0.288851 0.986399
vt 0.293074 0.980365
vt 0.302045 0.967546
vt 0.311017 0.954727
vt 0.353209 0.941905
vt 0.614276 0.804155
vt 0.631754 0.817243
vt 0.627677 0.823358
vt 0.615066 0.817243
vt 0.647479 0.832960
vt 0.636212 0.835588
vt 0.621276 0.832960
vt 0.615065 0.817243
vt 0.591240 0.771146
vt 0.613810 0.790725
vt 0.595998 0.790725
vt 0.636379 0.810305
vt 0.600756 0.810305
vt 0.681519 0.849464
vt 0.663707 0.849465
vt 0.658949 0.829885
vt 0.645896 0.849465
vt 0.610272 0.849465
vt 0.605514 0.829885
vt 0.628084 0.849465
vt 0.668213 0.898442
vt 0.691468 0.898440
vt 0.704937 0.912916
vt 0.680073 0.912918
vt 0.714723 0.898439
vt 0.729801 0.912914
vt 0.718407 0.927391
vt 0.691934 0.927393
vt 0.744879 0.927389
vt 0.656352 0.883966
vt 0.644958 0.898443
vt 0.699645 0.883964
vt 0.737978 0.898438
vt 0.754665 0.912912
vt 0.771352 0.927386
vt 0.759957 0.941863
vt 0.703794 0.941869
vt 0.268100 0.980369
vt 0.243125 0.980373
vt 0.254296 0.967553
vt 0.278171 0.967550
vt 0.218150 0.980376
vt 0.230422 0.967556
vt 0.265468 0.954733
vt 0.288242 0.954730
vt 0.242693 0.954736
vt 0.193176 0.980380
vt 0.206547 0.967559
vt 0.219918 0.954738
vt 0.254964 0.941915
vt 0.298313 0.941911
vt 0.311017 0.954727
vt 0.293074 0.980365
vt 0.377111 0.834515
vt 0.365441 0.836897
vt 0.372706 0.825817
vt 0.382777 0.820278
vt 0.356893 0.834516
vt 0.369901 0.820278
vt 0.365441 0.836896
vt 0.384115 0.808421
vt 0.382777 0.820278
vt 0.369901 0.820278
vt 0.384683 0.849467
vt 0.370940 0.849467
vt 0.389443 0.831730
vt 0.357197 0.849467
vt 0.394204 0.813993
vt 0.329711 0.849467
vt 0.348214 0.831730
vt 0.366718 0.813993
vt 0.403725 0.778518
vt 0.398965 0.796255
vt 0.385222 0.796256
vt 0.197601 0.134950
vt 0.196094 0.272893
vt 0.167923 0.234107
vt 0.169726 0.083603
vt 0.139752 0.195322
vt 0.141851 0.032257
vt 0.226687 0.060914
vt 0.225476 0.186296
vt 0.199056 0.001772
vt 0.201527 0.002611
vt 0.224266 0.311678
vt 0.194588 0.410836
vt 0.137653 0.358387
vt 0.111581 0.156536
vt 0.113458 0.018883
vt 0.129277 0.009095
vt 0.272320 0.166841
vt 0.271470 0.271259
vt 0.256139 0.242938
vt 0.257109 0.131532
vt 0.270621 0.375678
vt 0.255169 0.354345
vt 0.240808 0.214617
vt 0.241898 0.096223
vt 0.239717 0.333012
vt 0.287531 0.202150
vt 0.273170 0.062423
vt 0.286802 0.299580
vt 0.286072 0.397011
vt 0.269771 0.480096
vt 0.238627 0.451406
vt 0.224266 0.311678
vt 0.226687 0.060914
vt 0.242720 0.006919
vt 0.252377 0.004143
vt 0.314994 0.265961
vt 0.314438 0.350713
vt 0.305226 0.333669
vt 0.305840 0.244691
vt 0.313881 0.435466
vt 0.304612 0.422647
vt 0.296014 0.316625
vt 0.296686 0.223421
vt 0.295342 0.409829
vt 0.324149 0.287231
vt 0.315551 0.181209
vt 0.323650 0.367758
vt 0.323151 0.448284
vt 0.313325 0.520218
vt 0.286072 0.397011
vt 0.287531 0.202150
vt 0.297358 0.130216
vt 0.345559 0.337011
vt 0.345172 0.407622
vt 0.337998 0.394334
vt 0.338422 0.320417
vt 0.344785 0.478233
vt 0.337574 0.468250
vt 0.330824 0.381046
vt 0.331285 0.303824
vt 0.330362 0.458267
vt 0.352696 0.353604
vt 0.352346 0.420910
vt 0.351997 0.488216
vt 0.344399 0.548844
vt 0.329901 0.535488
vt 0.323151 0.448284
vt 0.324149 0.287231
vt 0.331747 0.226603
vt 0.399869 0.463368
vt 0.399707 0.508744
vt 0.394810 0.499656
vt 0.394989 0.452007
vt 0.399545 0.554120
vt 0.394632 0.547305
vt 0.389913 0.490568
vt 0.390108 0.440646
vt 0.389718 0.540491
vt 0.404750 0.474729
vt 0.400031 0.417992
vt 0.404605 0.517832
vt 0.404459 0.560935
vt 0.399384 0.599497
vt 0.394453 0.594955
vt 0.389523 0.590413
vt 0.384804 0.533676
vt 0.385015 0.481481
vt 0.385227 0.429286
vt 0.390303 0.390724
vt 0.431555 0.475274
vt 0.431448 0.518911
vt 0.422500 0.518552
vt 0.422620 0.475092
vt 0.431341 0.562549
vt 0.422381 0.562011
vt 0.413553 0.518192
vt 0.413685 0.474911
vt 0.413420 0.561473
vt 0.440489 0.475456
vt 0.431661 0.431637
vt 0.440396 0.519271
vt 0.440302 0.563087
vt 0.431235 0.606186
vt 0.413288 0.604755
vt 0.404459 0.560935
vt 0.413818 0.431629
vt 0.111581 0.156536
vt 0.077991 0.303426
vt 0.080822 0.114347
vt 0.050063 0.072157
vt 0.015601 0.245952
vt 0.019304 0.029968
vt 0.008584 0.239487
vt 0.009193 0.016099
vt 0.377094 0.410365
vt 0.376848 0.466338
vt 0.368681 0.451195
vt 0.368961 0.391445
vt 0.376602 0.522311
vt 0.368400 0.510946
vt 0.360513 0.436052
vt 0.360828 0.372524
vt 0.360198 0.499581
vt 0.385227 0.429285
vt 0.377340 0.354392
vt 0.384804 0.533676
vt 0.376356 0.578283
vt 0.359884 0.563109
vt 0.351997 0.488216
vt 0.352696 0.353604
vt 0.361143 0.308996
vt 0.700087 0.223853
vt 0.700733 0.317195
vt 0.691381 0.334207
vt 0.690792 0.245095
vt 0.701379 0.410538
vt 0.691970 0.423319
vt 0.682029 0.351219
vt 0.681497 0.266338
vt 0.682562 0.436100
vt 0.709382 0.202610
vt 0.699441 0.130510
vt 0.710085 0.300183
vt 0.710788 0.397757
vt 0.702025 0.503881
vt 0.683094 0.520981
vt 0.673153 0.448881
vt 0.672677 0.368231
vt 0.672202 0.287580
vt 0.755708 0.096842
vt 0.756769 0.215399
vt 0.741208 0.243661
vt 0.740266 0.132098
vt 0.757830 0.333957
vt 0.742149 0.355224
vt 0.725646 0.271922
vt 0.724824 0.167354
vt 0.726469 0.376490
vt 0.771150 0.061586
vt 0.772330 0.187138
vt 0.773510 0.312690
vt 0.758891 0.452514
vt 0.710788 0.397757
vt 0.709382 0.202610
vt 0.857179 0.033478
vt 0.859247 0.196737
vt 0.830668 0.235388
vt 0.828896 0.084698
vt 0.802089 0.274039
vt 0.800613 0.135918
vt 0.887826 0.158086
vt 0.803566 0.412160
vt 0.773511 0.312690
vt 0.981394 0.032017
vt 0.985067 0.248212
vt 0.950205 0.074040
vt 0.921815 0.305347
vt 0.919015 0.116063
vt 0.887826 0.158086
vt 0.634953 0.372776
vt 0.635248 0.436406
vt 0.626954 0.451524
vt 0.626693 0.391677
vt 0.635543 0.500037
vt 0.627216 0.511371
vt 0.618661 0.466642
vt 0.618433 0.410578
vt 0.618889 0.522706
vt 0.643213 0.353875
vt 0.634658 0.309146
vt 0.643541 0.421289
vt 0.643870 0.488702
vt 0.635838 0.563667
vt 0.619117 0.578771
vt 0.610562 0.534041
vt 0.610368 0.481760
vt 0.610173 0.429478
vt 0.581763 0.475204
vt 0.581881 0.518708
vt 0.573289 0.519361
vt 0.573183 0.475528
vt 0.582000 0.562212
vt 0.573396 0.563193
vt 0.564697 0.520013
vt 0.564603 0.475853
vt 0.564792 0.564174
vt 0.590342 0.474879
vt 0.581644 0.431700
vt 0.590473 0.518056
vt 0.590604 0.561232
vt 0.582119 0.605717
vt 0.556187 0.565154
vt 0.556105 0.520666
vt 0.556023 0.476177
vt 0.564509 0.431692
vt 0.664955 0.304154
vt 0.665393 0.381495
vt 0.658109 0.394760
vt 0.657707 0.320728
vt 0.665832 0.458836
vt 0.658511 0.468791
vt 0.650825 0.408024
vt 0.650460 0.337302
vt 0.651191 0.478747
vt 0.664516 0.226813
vt 0.673153 0.448881
vt 0.666270 0.536178
vt 0.643870 0.488702
vt 0.643213 0.353875
vt 0.605215 0.440829
vt 0.605394 0.490834
vt 0.600420 0.499908
vt 0.600258 0.452179
vt 0.605573 0.540839
vt 0.600583 0.547637
vt 0.595447 0.508982
vt 0.595300 0.463529
vt 0.595594 0.554434
vt 0.610173 0.429478
vt 0.605037 0.390824
vt 0.610562 0.534041
vt 0.600746 0.595365
vt 0.595740 0.599887
vt 0.590604 0.561232
vt 0.590342 0.474879
vt 0.604243 0.130440
vt 0.599345 0.155919
vt 0.579441 0.155905
vt 0.583389 0.130425
vt 0.594447 0.181398
vt 0.575494 0.181385
vt 0.559538 0.155891
vt 0.562535 0.130410
vt 0.556541 0.181372
vt 0.625097 0.130456
vt 0.609141 0.104962
vt 0.613399 0.181411
vt 0.589548 0.206876
vt 0.571546 0.206865
vt 0.553545 0.206853
vt 0.535543 0.206841
vt 0.537589 0.181359
vt 0.539634 0.155877
vt 0.541680 0.130395
vt 0.565531 0.104929
vt 0.543726 0.104912
vt 0.587336 0.104945
vt 0.520823 0.130379
vt 0.519728 0.155863
vt 0.499821 0.155849
vt 0.499965 0.130364
vt 0.518633 0.181346
vt 0.499677 0.181333
vt 0.479914 0.155835
vt 0.479107 0.130349
vt 0.480722 0.181321
vt 0.521917 0.104896
vt 0.537589 0.181359
vt 0.517538 0.206830
vt 0.499534 0.206818
vt 0.481529 0.206806
vt 0.461766 0.181308
vt 0.458249 0.130334
vt 0.478300 0.104863
vt 0.500108 0.104880
vt 0.625391 0.020438
vt 0.617266 0.062700
vt 0.593884 0.062681
vt 0.600432 0.020417
vt 0.570502 0.062662
vt 0.575473 0.020396
vt 0.640648 0.062719
vt 0.609141 0.104962
vt 0.565531 0.104929
vt 0.547120 0.062644
vt 0.550514 0.020375
vt 0.525549 0.020353
vt 0.523733 0.062625
vt 0.500347 0.062606
vt 0.500585 0.020332
vt 0.476960 0.062587
vt 0.475621 0.020311
vt 0.547120 0.062644
vt 0.521917 0.104896
vt 0.478300 0.104863
vt 0.453574 0.062568
vt 0.569894 0.309110
vt 0.565532 0.331797
vt 0.552192 0.331790
vt 0.555707 0.309103
vt 0.561171 0.354485
vt 0.548677 0.354478
vt 0.538852 0.331783
vt 0.541520 0.309095
vt 0.536184 0.354472
vt 0.584081 0.309118
vt 0.574255 0.286423
vt 0.573664 0.354491
vt 0.556809 0.377172
vt 0.545162 0.377166
vt 0.533515 0.377161
vt 0.521869 0.377155
vt 0.523690 0.354466
vt 0.525512 0.331776
vt 0.527334 0.309087
vt 0.544189 0.286406
vt 0.529155 0.286398
vt 0.559222 0.286415
vt 0.513145 0.309079
vt 0.512170 0.331769
vt 0.498829 0.331762
vt 0.498957 0.309071
vt 0.511196 0.354459
vt 0.498701 0.354453
vt 0.485487 0.331755
vt 0.484768 0.309064
vt 0.486206 0.354447
vt 0.527333 0.309087
vt 0.514120 0.286389
vt 0.523690 0.354466
vt 0.510221 0.377150
vt 0.498573 0.377144
vt 0.486925 0.377139
vt 0.473711 0.354441
vt 0.470580 0.309056
vt 0.484050 0.286372
vt 0.499085 0.286381
vt 0.585725 0.226763
vt 0.581902 0.246650
vt 0.565384 0.246640
vt 0.568465 0.226752
vt 0.578079 0.266536
vt 0.562303 0.266527
vt 0.548867 0.246630
vt 0.551206 0.226741
vt 0.546528 0.266518
vt 0.602985 0.226774
vt 0.589548 0.206876
vt 0.593854 0.266546
vt 0.544189 0.286406
vt 0.530752 0.266509
vt 0.532349 0.246620
vt 0.533946 0.226730
vt 0.516684 0.226720
vt 0.515829 0.246609
vt 0.499309 0.246599
vt 0.499421 0.226709
vt 0.514975 0.266499
vt 0.499197 0.266490
vt 0.482789 0.246589
vt 0.482159 0.226698
vt 0.483419 0.266481
vt 0.530752 0.266509
vt 0.484050 0.286372
vt 0.467642 0.266471
vt 0.464897 0.226687
vt 0.481529 0.206806
vt 0.554189 0.390800
vt 0.551569 0.404428
vt 0.540939 0.404424
vt 0.543051 0.390795
vt 0.548949 0.418057
vt 0.538828 0.418052
vt 0.530310 0.404419
vt 0.531912 0.390790
vt 0.528707 0.418048
vt 0.565327 0.390805
vt 0.556809 0.377172
vt 0.559070 0.418061
vt 0.546329 0.431685
vt 0.536716 0.431681
vt 0.527104 0.431677
vt 0.517491 0.431673
vt 0.518586 0.418043
vt 0.519680 0.404414
vt 0.520774 0.390785
vt 0.533515 0.377161
vt 0.509635 0.390779
vt 0.509049 0.404409
vt 0.498419 0.404404
vt 0.498496 0.390774
vt 0.508464 0.418039
vt 0.498342 0.418035
vt 0.487788 0.404400
vt 0.487357 0.390769
vt 0.488220 0.418030
vt 0.520774 0.390785
vt 0.510221 0.377150
vt 0.518586 0.418043
vt 0.507878 0.431669
vt 0.498265 0.431665
vt 0.488652 0.431661
vt 0.478098 0.418026
vt 0.476217 0.390764
vt 0.486925 0.377139
vt 0.722465 0.004169
vt 0.745259 0.004170
vt 0.799180 0.001785
vt 0.827872 -0.002396
vt 0.992933 0.686933
vt 0.019645 0.010100
vt 0.051117 0.006823
vt 0.082388 0.009751
vt 0.299823 0.004146
vt 0.323548 0.004147
vt 0.142224 0.003284
vt 0.981022 0.010149
vt 0.990969 0.012386
vt 0.990989 0.019088
vt 0.797081 0.002482
vt 0.771150 0.061586
vt 0.252377 0.004143
vt 0.276099 0.004145
vt 0.628520 0.004163
vt 0.654091 0.004165
vt 0.227122 0.015858
vt 0.372839 0.004150
vt 0.398406 0.004151
vt 0.449543 0.004154
vt 0.475109 0.004155
vt 0.551816 0.004160
vt 0.577382 0.004161
vt 0.993669 0.993677
vt 0.227122 0.015858
vt 0.288851 0.986399
vt 0.263361 0.986400
vt 0.500676 0.004157
vt 0.526245 0.004158
vt 0.347274 0.004148
vt 0.856797 0.003305
vt 0.870475 0.009400
vt 0.770720 0.015850
vt 0.992304 0.466021
vt 0.170757 -0.002420
vt 0.347274 0.004148
vt 0.745259 0.004170
vt 0.754903 0.006918
vt 0.885955 0.018890
vt 0.237872 0.986401
vt 0.212383 0.986402
vt 0.699672 0.004167
vt 0.991588 0.242322
vt 0.676881 0.004166
vt 0.885955 0.018890
vt 0.917443 0.009782
vt 0.949132 0.006869
vt 0.423974 0.004153
vt 0.449543 0.004154
vt 0.113458 0.018883
vt 0.991588 0.242322
vt 0.551816 0.004160
vt 0.602950 0.004162
vt 0.009204 0.012524
vt 0.770720 0.015850
vt 0.654091 0.004165
vt 0.186894 0.986402
s 0
f 537/1/1 538/2/1 541/3/1 540/4/1
f 538/2/1 539/5/1 542/6/1 541/3/1
f 540/4/1 541/3/1 544/7/1 543/8/1
f 541/3/1 542/6/1 545/9/1 544/7/1
f 55/10/1 244/11/1 537/1/1 423/12/1
f 244/11/1 245/13/1 538/2/1 537/1/1
f 245/13/1 246/14/1 539/5/1 538/2/1
f 246/14/1 24/15/1 201/16/1 539/5/1
f 539/5/1 201/16/1 200/17/1 542/6/1
f 542/6/1 200/17/1 199/18/1 545/9/1
f 545/9/1 199/18/1 16/19/1 183/20/1
f 544/7/1 545/9/1 183/20/1 182/21/1
f 543/8/1 544/7/1 182/21/1 181/22/1
f 421/23/1 543/8/1 181/22/1 54/24/1
f 422/25/1 540/4/1 543/8/1 421/23/1
f 423/12/1 537/1/1 540/4/1 422/25/1
f 546/26/2 547/27/2 550/28/2 549/29/2
f 547/27/2 548/30/2 551/31/2 550/28/2
f 549/29/2 550/28/2 553/32/2 552/33/2
f 550/28/2 551/31/2 554/34/2 553/32/2
f 29/35/2 148/36/2 546/26/2 243/37/2
f 148/36/2 149/38/2 547/27/2 546/26/2
f 149/38/2 150/39/2 548/30/2 547/27/2
f 150/39/2 7/40/2 111/41/2 548/30/2
f 548/30/2 111/41/2 110/42/2 551/31/2
f 551/31/2 110/42/2 109/43/2 554/34/2
f 554/34/2 109/43/2 4/44/2 81/45/2
f 553/32/2 554/34/2 81/45/2 80/46/2
f 552/33/2 553/32/2 80/46/2 79/47/2
f 241/48/2 552/33/2 79/47/2 22/49/2
f 242/50/2 549/29/2 552/33/2 241/48/2
f 243/37/2 546/26/2 549/29/2 242/50/2
f 555/51/3 556/52/3 559/53/3 558/54/3
f 556/52/3 557/55/3 560/56/3 559/53/3
f 558/54/3 559/53/3 562/57/3 561/58/3
f 559/53/3 560/56/3 563/59/3 562/57/3
f 10/60/3 145/61/3 555/51/3 120/62/3
f 145/61/3 146/63/3 556/52/3 555/51/3
f 146/63/3 147/64/3 557/55/3 556/52/3
f 147/64/3 8/65/3 114/66/3 557/55/3
f 557/55/3 114/66/3 113/67/3 560/56/3
f 560/56/3 113/67/3 112/68/3 563/59/3
f 563/59/3 112/68/3 2/69/3 87/70/3
f 562/57/3 563/59/3 87/70/3 86/71/3
f 561/58/3 562/57/3 86/71/3 85/72/3
f 118/73/3 561/58/3 85/72/3 6/74/3
f 119/75/3 558/54/3 561/58/3 118/73/3
f 120/62/3 555/51/3 558/54/3 119/75/3
f 564/76/1 565/77/1 568/78/1 567/79/1
f 565/77/1 566/80/1 569/81/1 568/78/1
f 567/79/1 568/78/1 571/82/1 570/83/1
f 568/78/1 569/81/1 1219/84/1 1218/85/1 571/82/1
f 59/86/1 339/87/1 564/76/1 420/88/1
f 339/87/1 340/89/1 565/77/1 564/76/1
f 340/89/1 341/90/1 566/80/1 565/77/1
f 341/90/1 1211/91/1 1212/92/1 566/80/1
f 566/80/1 1212/92/1 1213/93/1 569/81/1
f 569/81/1 1213/93/1 1214/94/1 1219/84/1
f 571/82/1 1218/85/1 1217/95/1
f 570/83/1 571/82/1 1217/95/1 1216/96/1
f 418/97/1 570/83/1 1216/96/1 1215/98/1
f 419/99/1 567/79/1 570/83/1 418/97/1
f 420/88/1 564/76/1 567/79/1 419/99/1
f 572/100/4 573/101/4 576/102/4 575/103/4
f 573/101/4 574/104/4 577/105/4 576/102/4
f 575/103/4 576/102/4 579/106/4 578/107/4
f 576/102/4 577/105/4 580/108/4 579/106/4
f 63/109/4 238/110/4 572/100/4 466/111/4
f 238/110/4 239/112/4 573/101/4 572/100/4
f 239/112/4 240/113/4 574/104/4 573/101/4
f 240/113/4 26/114/4 207/115/4 574/104/4
f 574/104/4 207/115/4 206/116/4 577/105/4
f 577/105/4 206/116/4 205/117/4 580/108/4
f 580/108/4 205/117/4 5/118/4 424/119/4
f 579/106/4 580/108/4 424/119/4 425/120/4
f 578/107/4 579/106/4 425/120/4 426/121/4
f 464/122/4 578/107/4 426/121/4 60/123/4
f 465/124/4 575/103/4 578/107/4 464/122/4
f 466/111/4 572/100/4 575/103/4 465/124/4
f 581/125/3 582/126/3 585/127/3 584/128/3
f 582/126/3 583/129/3 586/130/3 585/127/3
f 584/128/3 585/127/3 588/131/3 587/132/3
f 585/127/3 586/130/3 589/133/3 588/131/3
f 53/134/3 139/135/3 581/125/3 417/136/3
f 139/135/3 140/137/3 582/126/3 581/125/3
f 140/137/3 141/138/3 583/129/3 582/126/3
f 141/138/3 10/60/3 120/62/3 583/129/3
f 583/129/3 120/62/3 119/75/3 586/130/3
f 586/130/3 119/75/3 118/73/3 589/133/3
f 589/133/3 118/73/3 6/74/3 99/139/3
f 588/131/3 589/133/3 99/139/3 98/140/3
f 587/132/3 588/131/3 98/140/3 97/141/3
f 415/142/3 587/132/3 97/141/3 52/143/3
f 416/144/3 584/128/3 587/132/3 415/142/3
f 417/136/3 581/125/3 584/128/3 416/144/3
f 590/145/4 591/146/4 594/147/4 593/148/4
f 591/146/4 592/149/4 595/150/4 594/147/4
f 593/148/4 594/147/4 597/151/4 596/152/4
f 594/147/4 595/150/4 598/153/4 597/151/4
f 67/154/4 327/155/4 590/145/4 463/156/4
f 327/155/4 328/157/4 591/146/4 590/145/4
f 328/157/4 329/158/4 592/149/4 591/146/4
f 329/158/4 34/159/4 260/160/4 592/149/4
f 592/149/4 260/160/4 259/161/4 595/150/4
f 595/150/4 259/161/4 258/162/4 598/153/4
f 598/153/4 258/162/4 17/163/4 180/164/4
f 597/151/4 598/153/4 180/164/4 179/165/4
f 596/152/4 597/151/4 179/165/4 178/166/4
f 461/167/4 596/152/4 178/166/4 62/168/4
f 462/169/4 593/148/4 596/152/4 461/167/4
f 463/156/4 590/145/4 593/148/4 462/169/4
f 599/170/5 600/171/5 603/172/5 602/173/5
f 600/171/5 601/174/5 604/175/5 603/172/5
f 602/173/5 603/172/5 606/176/5 605/177/5
f 603/172/5 604/175/5 607/178/5 606/176/5
f 23/179/5 198/180/5 599/170/5 237/181/5
f 198/180/5 197/182/5 600/171/5 599/170/5
f 197/182/5 196/183/5 601/174/5 600/171/5
f 196/183/5 14/184/5 177/185/5 601/174/5
f 601/174/5 177/185/5 176/186/5 604/175/5
f 604/175/5 176/186/5 175/187/5 607/178/5
f 607/178/5 175/187/5 18/188/5 108/189/5
f 606/176/5 607/178/5 108/189/5 107/190/5
f 605/177/5 606/176/5 107/190/5 106/191/5
f 235/192/5 605/177/5 106/191/5 25/193/5
f 236/194/5 602/173/5 605/177/5 235/192/5
f 237/181/5 599/170/5 602/173/5 236/194/5
f 608/195/5 609/196/5 612/197/5 611/198/5
f 609/196/5 610/199/5 613/200/5 612/197/5
f 611/198/5 612/197/5 615/201/5 614/202/5
f 612/197/5 613/200/5 616/203/5 615/201/5
f 25/193/5 106/204/5 608/195/5 234/205/5
f 106/204/5 107/190/5 609/196/5 608/195/5
f 107/190/5 108/206/5 610/199/5 609/196/5
f 108/206/5 18/188/5 174/207/5 610/199/5
f 610/199/5 174/207/5 173/208/5 613/200/5
f 613/200/5 173/208/5 172/209/5 616/203/5
f 616/203/5 172/209/5 19/210/5 159/211/5
f 615/201/5 616/203/5 159/211/5 158/212/5
f 614/202/5 615/201/5 158/212/5 157/213/5
f 232/214/5 614/202/5 157/213/5 31/215/5
f 233/216/5 611/198/5 614/202/5 232/214/5
f 234/205/5 608/195/5 611/198/5 233/216/5
f 617/217/3 618/218/3 621/219/3 620/220/3
f 618/218/3 619/221/3 622/222/3 621/219/3
f 620/220/3 621/219/3 624/223/3 623/224/3
f 621/219/3 622/222/3 625/225/3 624/223/3
f 60/123/3 426/121/3 617/217/3 460/226/3
f 426/121/3 425/120/3 618/218/3 617/217/3
f 425/120/3 424/119/3 619/221/3 618/218/3
f 424/119/3 5/118/3 105/227/3 619/221/3
f 619/221/3 105/227/3 104/228/3 622/222/3
f 622/222/3 104/228/3 103/229/3 625/225/3
f 625/225/3 103/229/3 11/230/3 138/231/3
f 624/223/3 625/225/3 138/231/3 137/232/3
f 623/224/3 624/223/3 137/232/3 136/233/3
f 458/234/3 623/224/3 136/233/3 61/235/3
f 459/236/3 620/220/3 623/224/3 458/234/3
f 460/226/3 617/217/3 620/220/3 459/236/3
f 626/237/3 627/238/3 630/239/3 629/240/3
f 627/238/3 628/241/3 631/242/3 630/239/3
f 629/240/3 630/239/3 633/243/3 632/244/3
f 630/239/3 631/242/3 634/245/3 633/243/3
f 5/118/3 96/246/3 626/237/3 105/227/3
f 96/246/3 95/247/3 627/238/3 626/237/3
f 95/247/3 94/248/3 628/241/3 627/238/3
f 94/248/3 1/249/3 90/250/3 628/241/3
f 628/241/3 90/250/3 89/251/3 631/242/3
f 631/242/3 89/251/3 88/252/3 634/245/3
f 634/245/3 88/252/3 9/253/3 144/254/3
f 633/243/3 634/245/3 144/254/3 143/255/3
f 632/244/3 633/243/3 143/255/3 142/256/3
f 103/229/3 632/244/3 142/256/3 11/230/3
f 104/228/3 629/240/3 632/244/3 103/229/3
f 105/227/3 626/237/3 629/240/3 104/228/3
f 635/257/3 636/258/3 639/259/3 638/260/3
f 636/258/3 637/261/3 640/262/3 639/259/3
f 638/260/3 639/259/3 642/263/3 641/264/3
f 639/259/3 640/262/3 643/265/3 642/263/3
f 11/230/3 142/256/3 635/257/3 123/266/3
f 142/256/3 143/267/3 636/258/3 635/257/3
f 143/267/3 144/254/3 637/261/3 636/258/3
f 144/254/3 9/253/3 117/268/3 637/261/3
f 637/261/3 117/268/3 116/269/3 640/262/3
f 640/262/3 116/269/3 115/270/3 643/265/3
f 643/265/3 115/270/3 8/65/3 147/271/3
f 642/263/3 643/265/3 147/271/3 146/63/3
f 641/264/3 642/263/3 146/63/3 145/61/3
f 121/272/3 641/264/3 145/61/3 10/60/3
f 122/273/3 638/260/3 641/264/3 121/272/3
f 123/266/3 635/257/3 638/260/3 122/273/3
f 644/274/2 645/275/2 648/276/2 647/277/2
f 645/275/2 646/278/2 649/279/2 648/276/2
f 647/277/2 648/276/2 651/280/2 650/281/2
f 648/276/2 649/279/2 652/282/2 651/280/2
f 30/283/2 219/284/2 644/274/2 231/285/2
f 219/284/2 218/286/2 645/275/2 644/274/2
f 218/286/2 217/287/2 646/278/2 645/275/2
f 217/287/2 3/288/2 469/289/2 646/278/2
f 646/278/2 469/289/2 468/290/2 649/279/2
f 649/279/2 468/290/2 467/291/2 652/282/2
f 652/282/2 467/291/2 68/292/2 475/293/2
f 651/280/2 652/282/2 475/293/2 474/294/2
f 650/281/2 651/280/2 474/294/2 473/295/2
f 229/296/2 650/281/2 473/295/2 28/297/2
f 230/298/2 647/277/2 650/281/2 229/296/2
f 231/285/2 644/274/2 647/277/2 230/298/2
f 653/299/2 654/300/2 657/301/2 656/302/2
f 654/300/2 655/303/2 658/304/2 657/301/2
f 656/302/2 657/301/2 660/305/2 659/306/2
f 657/301/2 658/304/2 661/307/2 660/305/2
f 71/308/2 536/309/2 653/299/2 487/310/2
f 536/309/2 535/311/2 654/300/2 653/299/2
f 535/311/2 534/312/2 655/303/2 654/300/2
f 534/312/2 77/313/2 505/314/2 655/303/2
f 655/303/2 505/314/2 504/315/2 658/304/2
f 658/304/2 504/315/2 503/316/2 661/307/2
f 661/307/2 503/316/2 7/40/2 150/317/2
f 660/305/2 661/307/2 150/317/2 149/38/2
f 659/306/2 660/305/2 149/38/2 148/318/2
f 485/319/2 659/306/2 148/318/2 29/35/2
f 486/320/2 656/302/2 659/306/2 485/319/2
f 487/310/2 653/299/2 656/302/2 486/320/2
f 662/321/2 663/322/2 666/323/2 665/324/2
f 663/322/2 664/325/2 667/326/2 666/323/2
f 665/324/2 666/323/2 669/327/2 668/328/2
f 666/323/2 667/326/2 670/329/2 669/327/2
f 32/330/2 249/331/2 662/321/2 317/332/2
f 249/331/2 248/333/2 663/322/2 662/321/2
f 248/333/2 247/334/2 664/325/2 663/322/2
f 247/334/2 13/335/2 171/336/2 664/325/2
f 664/325/2 171/336/2 170/337/2 667/326/2
f 667/326/2 170/337/2 169/338/2 670/329/2
f 670/329/2 169/338/2 20/339/2 162/340/2
f 669/327/2 670/329/2 162/340/2 161/341/2
f 668/328/2 669/327/2 161/341/2 160/342/2
f 315/343/2 668/328/2 160/342/2 43/344/2
f 316/345/2 665/324/2 668/328/2 315/343/2
f 317/332/2 662/321/2 665/324/2 316/345/2
f 671/346/2 672/347/2 675/348/2 674/349/2
f 672/347/2 673/350/2 676/351/2 675/348/2
f 674/349/2 675/348/2 678/352/2 677/353/2
f 675/348/2 676/351/2 679/354/2 678/352/2
f 75/355/2 530/356/2 671/346/2 499/357/2
f 530/356/2 529/358/2 672/347/2 671/346/2
f 529/358/2 528/359/2 673/350/2 672/347/2
f 528/359/2 69/360/2 481/361/2 673/350/2
f 673/350/2 481/361/2 480/362/2 676/351/2
f 676/351/2 480/362/2 479/363/2 679/354/2
f 679/354/2 479/363/2 21/364/2 165/365/2
f 678/352/2 679/354/2 165/365/2 164/366/2
f 677/353/2 678/352/2 164/366/2 163/367/2
f 497/368/2 677/353/2 163/367/2 45/369/2
f 498/370/2 674/349/2 677/353/2 497/368/2
f 499/357/2 671/346/2 674/349/2 498/370/2
f 680/371/5 681/372/5 684/373/5 683/374/5
f 681/372/5 682/375/5 685/376/5 684/373/5
f 683/374/5 684/373/5 687/377/5 686/378/5
f 684/373/5 685/376/5 688/379/5 687/377/5
f 31/215/5 157/380/5 680/371/5 225/381/5
f 157/380/5 158/212/5 681/372/5 680/371/5
f 158/212/5 159/382/5 682/375/5 681/372/5
f 159/382/5 19/210/5 189/383/5 682/375/5
f 682/375/5 189/383/5 188/384/5 685/376/5
f 685/376/5 188/384/5 187/385/5 688/379/5
f 688/379/5 187/385/5 15/386/5 132/387/5
f 687/377/5 688/379/5 132/387/5 131/388/5
f 686/378/5 687/377/5 131/388/5 130/389/5
f 223/390/5 686/378/5 130/389/5 27/391/5
f 224/392/5 683/374/5 686/378/5 223/390/5
f 225/381/5 680/371/5 683/374/5 224/392/5
f 689/393/2 690/394/2 693/395/2 692/396/2
f 690/394/2 691/397/2 694/398/2 693/395/2
f 692/396/2 693/395/2 696/399/2 695/400/2
f 693/395/2 694/398/2 697/401/2 696/399/2
f 45/369/2 163/402/2 689/393/2 302/403/2
f 163/402/2 164/366/2 690/394/2 689/393/2
f 164/366/2 165/404/2 691/397/2 690/394/2
f 165/404/2 21/364/2 192/405/2 691/397/2
f 691/397/2 192/405/2 191/406/2 694/398/2
f 694/398/2 191/406/2 190/407/2 697/401/2
f 697/401/2 190/407/2 12/408/2 153/409/2
f 696/399/2 697/401/2 153/409/2 152/410/2
f 695/400/2 696/399/2 152/410/2 151/411/2
f 300/412/2 695/400/2 151/411/2 41/413/2
f 301/414/2 692/396/2 695/400/2 300/412/2
f 302/403/2 689/393/2 692/396/2 301/414/2
f 698/415/5 699/416/5 702/417/5 701/418/5
f 699/416/5 700/419/5 703/420/5 702/417/5
f 701/418/5 702/417/5 705/421/5 704/422/5
f 702/417/5 703/420/5 706/423/5 705/421/5
f 8/65/5 220/424/5 698/415/5 114/66/5
f 220/424/5 221/425/5 699/416/5 698/415/5
f 221/425/5 222/426/5 700/419/5 699/416/5
f 222/426/5 31/215/5 225/427/5 700/419/5
f 700/419/5 225/427/5 224/428/5 703/420/5
f 703/420/5 224/428/5 223/390/5 706/423/5
f 706/423/5 223/390/5 27/391/5 210/429/5
f 705/421/5 706/423/5 210/429/5 209/430/5
f 704/422/5 705/421/5 209/430/5 208/431/5
f 112/68/5 704/422/5 208/431/5 2/69/5
f 113/67/5 701/418/5 704/422/5 112/68/5
f 114/66/5 698/415/5 701/418/5 113/67/5
f 707/432/2 708/433/2 711/434/2 710/435/2
f 708/433/2 709/436/2 712/437/2 711/434/2
f 710/435/2 711/434/2 714/438/2 713/439/2
f 711/434/2 712/437/2 715/440/2 714/438/2
f 69/360/2 524/441/2 707/432/2 481/442/2
f 524/441/2 523/443/2 708/433/2 707/432/2
f 523/443/2 522/444/2 709/436/2 708/433/2
f 522/444/2 71/308/2 487/445/2 709/436/2
f 709/436/2 487/445/2 486/320/2 712/437/2
f 712/437/2 486/320/2 485/446/2 715/440/2
f 715/440/2 485/446/2 29/35/2 216/447/2
f 714/438/2 715/440/2 216/447/2 215/448/2
f 713/439/2 714/438/2 215/448/2 214/449/2
f 479/450/2 713/439/2 214/449/2 21/364/2
f 480/362/2 710/435/2 713/439/2 479/450/2
f 481/442/2 707/432/2 710/435/2 480/362/2
f 716/451/2 717/452/2 720/453/2 719/454/2
f 717/452/2 718/455/2 721/456/2 720/453/2
f 719/454/2 720/453/2 723/457/2 722/458/2
f 720/453/2 721/456/2 724/459/2 723/457/2
f 13/335/2 156/460/2 716/451/2 171/336/2
f 156/460/2 155/461/2 717/452/2 716/451/2
f 155/461/2 154/462/2 718/455/2 717/452/2
f 154/462/2 30/283/2 231/463/2 718/455/2
f 718/455/2 231/463/2 230/298/2 721/456/2
f 721/456/2 230/298/2 229/464/2 724/459/2
f 724/459/2 229/464/2 28/297/2 213/465/2
f 723/457/2 724/459/2 213/465/2 212/466/2
f 722/458/2 723/457/2 212/466/2 211/467/2
f 169/468/2 722/458/2 211/467/2 20/339/2
f 170/337/2 719/454/2 722/458/2 169/468/2
f 171/336/2 716/451/2 719/454/2 170/337/2
f 725/469/5 726/470/5 729/471/5 728/472/5
f 726/470/5 727/473/5 730/474/5 729/471/5
f 728/472/5 729/471/5 732/475/5 731/476/5
f 729/471/5 730/474/5 733/477/5 732/475/5
f 9/253/5 202/478/5 725/469/5 117/479/5
f 202/478/5 203/480/5 726/470/5 725/469/5
f 203/480/5 204/481/5 727/473/5 726/470/5
f 204/481/5 25/193/5 234/205/5 727/473/5
f 727/473/5 234/205/5 233/216/5 730/474/5
f 730/474/5 233/216/5 232/482/5 733/477/5
f 733/477/5 232/482/5 31/215/5 222/483/5
f 732/475/5 733/477/5 222/483/5 221/425/5
f 731/476/5 732/475/5 221/425/5 220/484/5
f 115/270/5 731/476/5 220/484/5 8/65/5
f 116/269/5 728/472/5 731/476/5 115/270/5
f 117/479/5 725/469/5 728/472/5 116/269/5
f 734/485/5 735/486/5 738/487/5 737/488/5
f 735/486/5 736/489/5 739/490/5 738/487/5
f 737/488/5 738/487/5 741/491/5 740/492/5
f 738/487/5 739/490/5 742/493/5 741/491/5
f 1/249/5 93/494/5 734/485/5 90/250/5
f 93/494/5 92/495/5 735/486/5 734/485/5
f 92/495/5 91/496/5 736/489/5 735/486/5
f 91/496/5 23/179/5 237/497/5 736/489/5
f 736/489/5 237/497/5 236/194/5 739/490/5
f 739/490/5 236/194/5 235/498/5 742/493/5
f 742/493/5 235/498/5 25/193/5 204/481/5
f 741/491/5 742/493/5 204/481/5 203/499/5
f 740/492/5 741/491/5 203/499/5 202/478/5
f 88/252/5 740/492/5 202/478/5 9/253/5
f 89/251/5 737/488/5 740/492/5 88/252/5
f 90/250/5 734/485/5 737/488/5 89/251/5
f 743/500/4 744/501/4 747/502/4 746/503/4
f 744/501/4 745/504/4 748/505/4 747/502/4
f 746/503/4 747/502/4 750/506/4 749/507/4
f 747/502/4 748/505/4 751/508/4 750/506/4
f 62/168/4 178/166/4 743/500/4 457/509/4
f 178/166/4 179/165/4 744/501/4 743/500/4
f 179/165/4 180/510/4 745/504/4 744/501/4
f 180/510/4 17/163/4 126/511/4 745/504/4
f 745/504/4 126/511/4 125/512/4 748/505/4
f 748/505/4 125/512/4 124/513/4 751/508/4
f 751/508/4 124/513/4 26/114/4 240/113/4
f 750/506/4 751/508/4 240/113/4 239/514/4
f 749/507/4 750/506/4 239/514/4 238/515/4
f 455/516/4 749/507/4 238/515/4 63/109/4
f 456/517/4 746/503/4 749/507/4 455/516/4
f 457/509/4 743/500/4 746/503/4 456/517/4
f 752/518/2 753/519/2 756/520/2 755/521/2
f 753/519/2 754/522/2 757/523/2 756/520/2
f 755/521/2 756/520/2 759/524/2 758/525/2
f 756/520/2 757/523/2 760/526/2 759/524/2
f 21/364/2 214/527/2 752/518/2 192/528/2
f 214/527/2 215/448/2 753/519/2 752/518/2
f 215/448/2 216/529/2 754/522/2 753/519/2
f 216/529/2 29/35/2 243/530/2 754/522/2
f 754/522/2 243/530/2 242/50/2 757/523/2
f 757/523/2 242/50/2 241/531/2 760/526/2
f 760/526/2 241/531/2 22/49/2 195/532/2
f 759/524/2 760/526/2 195/532/2 194/533/2
f 758/525/2 759/524/2 194/533/2 193/534/2
f 190/535/2 758/525/2 193/534/2 12/408/2
f 191/406/2 755/521/2 758/525/2 190/535/2
f 192/528/2 752/518/2 755/521/2 191/406/2
f 761/536/1 762/537/1 765/538/1 764/539/1
f 762/537/1 763/540/1 766/541/1 765/538/1
f 764/539/1 765/538/1 768/542/1 767/543/1
f 765/538/1 766/541/1 769/544/1 768/542/1
f 52/143/1 97/141/1 761/536/1 414/545/1
f 97/141/1 98/140/1 762/537/1 761/536/1
f 98/140/1 99/139/1 763/540/1 762/537/1
f 99/139/1 6/74/1 102/546/1 763/540/1
f 763/540/1 102/546/1 101/547/1 766/541/1
f 766/541/1 101/547/1 100/548/1 769/544/1
f 769/544/1 100/548/1 24/15/1 246/549/1
f 768/542/1 769/544/1 246/549/1 245/550/1
f 767/543/1 768/542/1 245/550/1 244/551/1
f 412/552/1 767/543/1 244/551/1 55/10/1
f 413/553/1 764/539/1 767/543/1 412/552/1
f 414/545/1 761/536/1 764/539/1 413/553/1
f 770/554/2 771/555/2 773/556/2 772/557/2
f 772/557/2 773/556/2 775/558/2 774/559/2
f 292/560/2 293/561/2 771/555/2 770/554/2
f 293/561/2 44/562/2 299/563/2 771/555/2
f 771/555/2 299/563/2 298/564/2 773/556/2
f 773/556/2 298/564/2 297/565/2 775/558/2
f 775/558/2 297/565/2 40/566/2 283/567/2
f 774/559/2 775/558/2 283/567/2 282/568/2
f 776/569/2 777/570/2 780/571/2 779/572/2
f 777/570/2 778/573/2 781/574/2 780/571/2
f 779/572/2 780/571/2 783/575/2 782/576/2
f 780/571/2 781/574/2 784/577/2 783/575/2
f 44/562/2 294/578/2 776/569/2 299/579/2
f 294/578/2 295/580/2 777/570/2 776/569/2
f 295/580/2 296/581/2 778/573/2 777/570/2
f 296/581/2 45/369/2 302/582/2 778/573/2
f 778/573/2 302/582/2 301/414/2 781/574/2
f 781/574/2 301/414/2 300/583/2 784/577/2
f 784/577/2 300/583/2 41/413/2 286/584/2
f 783/575/2 784/577/2 286/584/2 285/585/2
f 782/576/2 783/575/2 285/585/2 284/586/2
f 297/587/2 782/576/2 284/586/2 40/566/2
f 298/564/2 779/572/2 782/576/2 297/587/2
f 299/579/2 776/569/2 779/572/2 298/564/2
f 785/588/5 786/589/5 789/590/5 788/591/5
f 786/589/5 787/592/5 790/593/5 789/590/5
f 788/591/5 789/590/5 792/594/5 791/595/5
f 789/590/5 790/593/5 793/596/5 792/594/5
f 14/184/5 186/597/5 785/588/5 135/598/5
f 186/597/5 185/599/5 786/589/5 785/588/5
f 185/599/5 184/600/5 787/592/5 786/589/5
f 184/600/5 51/601/5 365/602/5 787/592/5
f 787/592/5 365/602/5 364/603/5 790/593/5
f 790/593/5 364/603/5 363/604/5 793/596/5
f 793/596/5 363/604/5 1224/605/5 1222/606/5
f 792/594/5 793/596/5 1222/606/5 1225/607/5
f 791/595/5 792/594/5 1225/607/5 1223/608/5
f 133/609/5 791/595/5 1223/608/5 1207/610/5
f 134/611/5 788/591/5 791/595/5 133/609/5
f 135/598/5 785/588/5 788/591/5 134/611/5
f 794/612/5 795/613/5 798/614/5 797/615/5
f 795/613/5 796/616/5 799/617/5 798/614/5
f 797/615/5 798/614/5 801/618/5 800/619/5
f 798/614/5 799/617/5 802/620/5 801/618/5
f 1/249/5 377/621/5 794/612/5 93/494/5
f 377/621/5 376/622/5 795/613/5 794/612/5
f 376/622/5 375/623/5 796/616/5 795/613/5
f 375/623/5 47/624/5 371/625/5 796/616/5
f 796/616/5 371/625/5 370/626/5 799/617/5
f 799/617/5 370/626/5 369/627/5 802/620/5
f 802/620/5 369/627/5 50/628/5 305/629/5
f 801/618/5 802/620/5 305/629/5 304/630/5
f 800/619/5 801/618/5 304/630/5 303/631/5
f 91/496/5 800/619/5 303/631/5 23/179/5
f 92/495/5 797/615/5 800/619/5 91/496/5
f 93/494/5 794/612/5 797/615/5 92/495/5
f 803/632/2 804/633/2 806/634/2 805/635/2
f 805/635/2 806/634/2 808/636/2 807/637/2
f 518/638/2 517/639/2 804/633/2 803/632/2
f 517/639/2 73/640/2 493/641/2 804/633/2
f 804/633/2 493/641/2 492/642/2 806/634/2
f 806/634/2 492/642/2 491/643/2 808/636/2
f 808/636/2 491/643/2 44/562/2 293/644/2
f 807/637/2 808/636/2 293/644/2 292/560/2
f 809/645/2 810/646/2 813/647/2 812/648/2
f 810/646/2 811/649/2 814/650/2 813/647/2
f 812/648/2 813/647/2 816/651/2 815/652/2
f 813/647/2 814/650/2 817/653/2 816/651/2
f 73/640/2 514/654/2 809/645/2 493/655/2
f 514/654/2 513/656/2 810/646/2 809/645/2
f 513/656/2 512/657/2 811/649/2 810/646/2
f 512/657/2 75/355/2 499/658/2 811/649/2
f 811/649/2 499/658/2 498/370/2 814/650/2
f 814/650/2 498/370/2 497/659/2 817/653/2
f 817/653/2 497/659/2 45/369/2 296/660/2
f 816/651/2 817/653/2 296/660/2 295/580/2
f 815/652/2 816/651/2 295/580/2 294/661/2
f 491/643/2 815/652/2 294/661/2 44/562/2
f 492/642/2 812/648/2 815/652/2 491/643/2
f 493/655/2 809/645/2 812/648/2 492/642/2
f 818/662/2 819/663/2 821/664/2 820/665/2
f 820/665/2 821/664/2 823/666/2 822/667/2
f 254/668/2 253/669/2 819/663/2 818/662/2
f 253/669/2 33/670/2 314/671/2 819/663/2
f 819/663/2 314/671/2 313/672/2 821/664/2
f 821/664/2 313/672/2 312/673/2 823/666/2
f 823/666/2 312/673/2 42/674/2 288/675/2
f 822/667/2 823/666/2 288/675/2 287/676/2
f 824/677/2 825/678/2 828/679/2 827/680/2
f 825/678/2 826/681/2 829/682/2 828/679/2
f 827/680/2 828/679/2 831/683/2 830/684/2
f 828/679/2 829/682/2 832/685/2 831/683/2
f 33/670/2 252/686/2 824/677/2 314/687/2
f 252/686/2 251/688/2 825/678/2 824/677/2
f 251/688/2 250/689/2 826/681/2 825/678/2
f 250/689/2 32/330/2 317/690/2 826/681/2
f 826/681/2 317/690/2 316/345/2 829/682/2
f 829/682/2 316/345/2 315/691/2 832/685/2
f 832/685/2 315/691/2 43/344/2 291/692/2
f 831/683/2 832/685/2 291/692/2 290/693/2
f 830/684/2 831/683/2 290/693/2 289/694/2
f 312/695/2 830/684/2 289/694/2 42/674/2
f 313/672/2 827/680/2 830/684/2 312/695/2
f 314/687/2 824/677/2 827/680/2 313/672/2
f 833/696/5 834/697/5 837/698/5 836/699/5
f 834/697/5 835/700/5 838/701/5 837/698/5
f 836/699/5 837/698/5 840/702/5 839/703/5
f 837/698/5 838/701/5 841/704/5 840/702/5
f 18/188/5 276/705/5 833/696/5 174/706/5
f 276/705/5 277/707/5 834/697/5 833/696/5
f 277/707/5 278/708/5 835/700/5 834/697/5
f 278/708/5 1203/709/5 1201/710/5 835/700/5
f 835/700/5 1201/710/5 1202/711/5 838/701/5
f 838/701/5 1202/711/5 1200/712/5 841/704/5
f 841/704/5 1200/712/5 1199/713/5 281/714/5
f 840/702/5 841/704/5 281/714/5 280/715/5
f 839/703/5 840/702/5 280/715/5 279/716/5
f 172/717/5 839/703/5 279/716/5 19/210/5
f 173/208/5 836/699/5 839/703/5 172/717/5
f 174/706/5 833/696/5 836/699/5 173/208/5
f 842/718/5 843/719/5 846/720/5 845/721/5
f 843/719/5 844/722/5 847/723/5 846/720/5
f 845/721/5 846/720/5 849/724/5 848/725/5
f 846/720/5 847/723/5 850/726/5 849/724/5
f 14/184/5 135/727/5 842/718/5 177/728/5
f 135/727/5 134/611/5 843/719/5 842/718/5
f 134/611/5 133/609/5 844/722/5 843/719/5
f 133/609/5 1207/610/5 1206/729/5 844/722/5
f 844/722/5 1206/729/5 1205/730/5 847/723/5
f 847/723/5 1205/730/5 1204/731/5 850/726/5
f 850/726/5 1204/731/5 1203/732/5 278/733/5
f 849/724/5 850/726/5 278/733/5 277/707/5
f 848/725/5 849/724/5 277/707/5 276/734/5
f 175/735/5 848/725/5 276/734/5 18/188/5
f 176/186/5 845/721/5 848/725/5 175/735/5
f 177/728/5 842/718/5 845/721/5 176/186/5
f 851/736/4 852/737/4 854/738/4 853/739/4
f 852/737/4 1280/740/4 1281/741/4 855/742/4 854/738/4
f 853/739/4 854/738/4 857/743/4 856/744/4
f 854/738/4 855/742/4 858/745/4 857/743/4
f 855/742/4 1230/746/4 1229/747/4 858/745/4
f 858/745/4 1229/747/4 1228/748/4 320/749/4
f 857/743/4 858/745/4 320/749/4 319/750/4
f 856/744/4 857/743/4 319/750/4 318/751/4
f 452/752/4 856/744/4 318/751/4 64/753/4
f 453/754/4 853/739/4 856/744/4 452/752/4
f 454/755/4 851/736/4 853/739/4 453/754/4
f 859/756/4 860/757/4 863/758/4 862/759/4
f 860/757/4 861/760/4 864/761/4 863/758/4
f 862/759/4 863/758/4 866/762/4 865/763/4
f 863/758/4 864/761/4 867/764/4 866/762/4
f 64/753/4 318/765/4 859/756/4 451/766/4
f 318/765/4 319/750/4 860/757/4 859/756/4
f 319/750/4 320/749/4 861/760/4 860/757/4
f 320/749/4 1228/748/4 1226/767/4 861/760/4
f 861/760/4 1226/767/4 1227/768/4 268/769/4 864/761/4
f 864/761/4 268/769/4 267/770/4 867/764/4
f 867/764/4 267/770/4 36/771/4 323/772/4
f 866/762/4 867/764/4 323/772/4 322/773/4
f 865/763/4 866/762/4 322/773/4 321/774/4
f 449/775/4 865/763/4 321/774/4 65/776/4
f 450/777/4 862/759/4 865/763/4 449/775/4
f 451/766/4 859/756/4 862/759/4 450/777/4
f 868/778/4 869/779/4 872/780/4 871/781/4
f 869/779/4 870/782/4 873/783/4 872/780/4
f 871/781/4 872/780/4 875/784/4 874/785/4
f 872/780/4 873/783/4 876/786/4 875/784/4
f 65/776/4 321/787/4 868/778/4 448/788/4
f 321/787/4 322/773/4 869/779/4 868/778/4
f 322/773/4 323/789/4 870/782/4 869/779/4
f 323/789/4 36/771/4 266/790/4 870/782/4
f 870/782/4 266/790/4 265/791/4 873/783/4
f 873/783/4 265/791/4 264/792/4 876/786/4
f 876/786/4 264/792/4 35/793/4 326/794/4
f 875/784/4 876/786/4 326/794/4 325/795/4
f 874/785/4 875/784/4 325/795/4 324/796/4
f 446/797/4 874/785/4 324/796/4 66/798/4
f 447/799/4 871/781/4 874/785/4 446/797/4
f 448/788/4 868/778/4 871/781/4 447/799/4
f 877/800/4 878/801/4 881/802/4 880/803/4
f 878/801/4 879/804/4 882/805/4 881/802/4
f 880/803/4 881/802/4 884/806/4 883/807/4
f 881/802/4 882/805/4 885/808/4 884/806/4
f 66/798/4 324/809/4 877/800/4 445/810/4
f 324/809/4 325/795/4 878/801/4 877/800/4
f 325/795/4 326/811/4 879/804/4 878/801/4
f 326/811/4 35/793/4 263/812/4 879/804/4
f 879/804/4 263/812/4 262/813/4 882/805/4
f 882/805/4 262/813/4 261/814/4 885/808/4
f 885/808/4 261/814/4 34/159/4 329/815/4
f 884/806/4 885/808/4 329/815/4 328/157/4
f 883/807/4 884/806/4 328/157/4 327/816/4
f 443/817/4 883/807/4 327/816/4 67/154/4
f 444/818/4 880/803/4 883/807/4 443/817/4
f 445/810/4 877/800/4 880/803/4 444/818/4
f 886/819/1 887/820/1 890/821/1 889/822/1
f 887/820/1 888/823/1 891/824/1 890/821/1
f 889/822/1 890/821/1 893/825/1 892/826/1
f 890/821/1 891/824/1 894/827/1 893/825/1
f 54/24/1 181/828/1 886/819/1 411/829/1
f 181/828/1 182/21/1 887/820/1 886/819/1
f 182/21/1 183/830/1 888/823/1 887/820/1
f 183/830/1 16/19/1 129/831/1 888/823/1
f 888/823/1 129/831/1 128/832/1 891/824/1
f 891/824/1 128/832/1 127/833/1 894/827/1
f 894/827/1 127/833/1 39/834/1 332/835/1
f 893/825/1 894/827/1 332/835/1 331/836/1
f 892/826/1 893/825/1 331/836/1 330/837/1
f 409/838/1 892/826/1 330/837/1 56/839/1
f 410/840/1 889/822/1 892/826/1 409/838/1
f 411/829/1 886/819/1 889/822/1 410/840/1
f 895/841/1 896/842/1 899/843/1 898/844/1
f 896/842/1 897/845/1 900/846/1 899/843/1
f 898/844/1 899/843/1 902/847/1 901/848/1
f 899/843/1 900/846/1 903/849/1 902/847/1
f 56/839/1 330/850/1 895/841/1 408/851/1
f 330/850/1 331/836/1 896/842/1 895/841/1
f 331/836/1 332/852/1 897/845/1 896/842/1
f 332/852/1 39/834/1 275/853/1 897/845/1
f 897/845/1 275/853/1 274/854/1 900/846/1
f 900/846/1 274/854/1 273/855/1 903/849/1
f 903/849/1 273/855/1 38/856/1 335/857/1
f 902/847/1 903/849/1 335/857/1 334/858/1
f 901/848/1 902/847/1 334/858/1 333/859/1
f 406/860/1 901/848/1 333/859/1 57/861/1
f 407/862/1 898/844/1 901/848/1 406/860/1
f 408/851/1 895/841/1 898/844/1 407/862/1
f 904/863/1 905/864/1 908/865/1 907/866/1
f 905/864/1 906/867/1 909/868/1 908/865/1
f 907/866/1 908/865/1 911/869/1 910/870/1
f 908/865/1 909/868/1 912/871/1 911/869/1
f 57/861/1 333/872/1 904/863/1 405/873/1
f 333/872/1 334/858/1 905/864/1 904/863/1
f 334/858/1 335/874/1 906/867/1 905/864/1
f 335/874/1 38/856/1 272/875/1 906/867/1
f 906/867/1 272/875/1 271/876/1 909/868/1
f 909/868/1 271/876/1 270/877/1 912/871/1
f 912/871/1 270/877/1 37/878/1 338/879/1
f 911/869/1 912/871/1 338/879/1 337/880/1
f 910/870/1 911/869/1 337/880/1 336/881/1
f 403/882/1 910/870/1 336/881/1 58/883/1
f 404/884/1 907/866/1 910/870/1 403/882/1
f 405/873/1 904/863/1 907/866/1 404/884/1
f 913/885/1 914/886/1 917/887/1 916/888/1
f 914/886/1 915/889/1 918/890/1 917/887/1
f 916/888/1 917/887/1 920/891/1 919/892/1
f 917/887/1 918/890/1 921/893/1 920/891/1
f 58/883/1 336/894/1 913/885/1 402/895/1
f 336/894/1 337/880/1 914/886/1 913/885/1
f 337/880/1 338/879/1 915/889/1 914/886/1
f 338/879/1 37/878/1 269/896/1 915/889/1
f 915/889/1 269/896/1 1208/897/1 1209/898/1 918/890/1
f 918/890/1 1209/898/1 1210/899/1 921/893/1
f 921/893/1 1210/899/1 1211/900/1 341/901/1
f 920/891/1 921/893/1 341/901/1 340/89/1
f 919/892/1 920/891/1 340/89/1 339/87/1
f 400/902/1 919/892/1 339/87/1 59/86/1
f 401/903/1 916/888/1 919/892/1 400/902/1
f 402/895/1 913/885/1 916/888/1 401/903/1
f 922/904/5 923/905/5 926/906/5 925/907/5
f 923/905/5 924/908/5 927/909/5 926/906/5
f 925/907/5 926/906/5 929/910/5 928/911/5
f 926/906/5 927/909/5 930/912/5 929/910/5
f 27/391/5 345/913/5 922/904/5 210/914/5
f 345/913/5 346/915/5 923/905/5 922/904/5
f 346/915/5 347/916/5 924/908/5 923/905/5
f 347/916/5 48/917/5 353/918/5 924/908/5
f 924/908/5 353/918/5 352/919/5 927/909/5
f 927/909/5 352/919/5 351/920/5 930/912/5
f 930/912/5 351/920/5 46/921/5 362/922/5
f 929/910/5 930/912/5 362/922/5 361/923/5
f 928/911/5 929/910/5 361/923/5 360/924/5
f 208/925/5 928/911/5 360/924/5 2/69/5
f 209/926/5 925/907/5 928/911/5 208/925/5
f 210/914/5 922/904/5 925/907/5 209/926/5
f 931/927/5 932/928/5 935/929/5 934/930/5
f 932/928/5 933/931/5 936/932/5 935/929/5
f 934/930/5 935/929/5 938/933/5 937/934/5
f 935/929/5 936/932/5 939/935/5 938/933/5
f 15/386/5 344/936/5 931/927/5 132/937/5
f 344/936/5 343/938/5 932/928/5 931/927/5
f 343/938/5 342/939/5 933/931/5 932/928/5
f 342/939/5 49/940/5 350/941/5 933/931/5
f 933/931/5 350/941/5 349/942/5 936/932/5
f 936/932/5 349/942/5 348/943/5 939/935/5
f 939/935/5 348/943/5 48/917/5 347/944/5
f 938/933/5 939/935/5 347/944/5 346/915/5
f 937/934/5 938/933/5 346/915/5 345/945/5
f 130/946/5 937/934/5 345/945/5 27/391/5
f 131/388/5 934/930/5 937/934/5 130/946/5
f 132/937/5 931/927/5 934/930/5 131/388/5
f 940/947/5 941/948/5 944/949/5 943/950/5
f 941/948/5 942/951/5 945/952/5 944/949/5
f 943/950/5 944/949/5 947/953/5 946/954/5
f 944/949/5 945/952/5 948/955/5 947/953/5
f 19/210/5 279/956/5 940/947/5 189/957/5
f 279/956/5 280/715/5 941/948/5 940/947/5
f 280/715/5 281/958/5 942/951/5 941/948/5
f 281/958/5 1199/959/5 1198/960/5 942/951/5
f 942/951/5 1198/960/5 1197/961/5 945/952/5
f 945/952/5 1197/961/5 1196/962/5 948/955/5
f 948/955/5 1196/962/5 1193/963/5 257/964/5
f 947/953/5 948/955/5 257/964/5 256/965/5
f 946/954/5 947/953/5 256/965/5 255/966/5
f 187/967/5 946/954/5 255/966/5 15/386/5
f 188/384/5 943/950/5 946/954/5 187/967/5
f 189/957/5 940/947/5 943/950/5 188/384/5
f 950/968/3 951/969/3 949/970/3 955/971/3
f 952/972/3 953/973/3 949/970/3 951/969/3
f 954/974/3 955/975/3 949/970/3 953/973/3
f 5/976/3 374/977/3 950/968/3 96/978/3
f 374/977/3 373/979/3 951/969/3 950/968/3
f 96/978/3 950/968/3 955/971/3 95/980/3
f 47/981/3 375/982/3 952/972/3 372/983/3
f 375/982/3 376/984/3 953/973/3 952/972/3
f 372/983/3 952/972/3 951/969/3 373/979/3
f 1/985/3 94/986/3 954/974/3 377/987/3
f 94/986/3 95/980/3 955/975/3 954/974/3
f 377/987/3 954/974/3 953/973/3 376/984/3
f 956/988/5 957/989/5 960/990/5 959/991/5
f 957/989/5 958/992/5 961/993/5 960/990/5
f 959/991/5 960/990/5 963/994/5 962/995/5
f 960/990/5 961/993/5 964/996/5 963/994/5
f 23/179/5 303/997/5 956/988/5 198/998/5
f 303/997/5 304/630/5 957/989/5 956/988/5
f 304/630/5 305/999/5 958/992/5 957/989/5
f 305/999/5 50/628/5 359/1000/5 958/992/5
f 958/992/5 359/1000/5 358/1001/5 961/993/5
f 961/993/5 358/1001/5 357/1002/5 964/996/5
f 964/996/5 357/1002/5 51/601/5 184/1003/5
f 963/994/5 964/996/5 184/1003/5 185/599/5
f 962/995/5 963/994/5 185/599/5 186/1004/5
f 196/183/5 962/995/5 186/1004/5 14/184/5
f 197/182/5 959/991/5 962/995/5 196/183/5
f 198/998/5 956/988/5 959/991/5 197/182/5
f 965/1005/5 966/1006/5 969/1007/5 968/1008/5
f 966/1006/5 967/1009/5 970/1010/5 969/1007/5
f 968/1008/5 969/1007/5 972/1011/5 971/1012/5
f 969/1007/5 970/1010/5 973/1013/5 972/1011/5
f 967/1009/5 356/1014/5 355/1015/5 970/1010/5
f 970/1010/5 355/1015/5 354/1016/5 973/1013/5
f 973/1013/5 354/1016/5 49/940/5 342/1017/5
f 972/1011/5 973/1013/5 342/1017/5 343/938/5
f 971/1012/5 972/1011/5 343/938/5 344/1018/5
f 255/1019/5 971/1012/5 344/1018/5 15/386/5
f 256/965/5 968/1008/5 971/1012/5 255/1019/5
f 257/1020/5 965/1005/5 968/1008/5 256/965/5
f 975/1021/3 976/1022/3 974/1023/3 980/1024/3
f 977/1025/3 978/1026/3 974/1023/3 976/1027/3
f 979/1028/3 980/1029/3 974/1023/3 978/1030/3
f 2/1031/3 360/1032/3 975/1021/3 87/1033/3
f 360/1032/3 361/1034/3 976/1022/3 975/1021/3
f 87/1033/3 975/1021/3 980/1024/3 86/1035/3
f 46/1036/3 368/1037/3 977/1025/3 362/922/3
f 368/1037/3 367/1038/3 978/1026/3 977/1025/3
f 362/922/3 977/1025/3 976/1027/3 361/1034/3
f 6/1039/3 85/1040/3 979/1028/3 366/1041/3
f 85/1040/3 86/1035/3 980/1029/3 979/1028/3
f 366/1041/3 979/1028/3 978/1030/3 367/1038/3
f 981/1042/1 982/1043/1 984/1044/1 983/1045/1
f 983/1045/1 984/1044/1 986/1046/1 985/1047/1
f 396/1048/1 397/1049/1 981/1042/1 1269/1050/1 1267/1051/1
f 397/1049/1 398/1052/1 982/1043/1 981/1042/1
f 398/1052/1 58/883/1 402/1053/1 982/1043/1
f 982/1043/1 402/1053/1 401/903/1 984/1044/1
f 984/1044/1 401/903/1 400/1054/1 986/1046/1
f 986/1046/1 400/1054/1 59/86/1 399/1055/1
f 985/1047/1 986/1046/1 399/1055/1 1272/1056/1 1271/1057/1
f 987/1058/1 988/1059/1 991/1060/1 990/1061/1
f 988/1059/1 989/1062/1 992/1063/1 991/1060/1
f 990/1061/1 991/1060/1 994/1064/1 993/1065/1
f 991/1060/1 992/1063/1 995/1066/1 994/1064/1
f 40/566/1 393/1067/1 987/1058/1 283/1068/1
f 393/1067/1 394/1069/1 988/1059/1 987/1058/1
f 394/1069/1 395/1070/1 989/1062/1 988/1059/1
f 395/1070/1 57/861/1 405/1071/1 989/1062/1
f 989/1062/1 405/1071/1 404/884/1 992/1063/1
f 992/1063/1 404/884/1 403/1072/1 995/1066/1
f 995/1066/1 403/1072/1 58/883/1 398/1073/1
f 994/1064/1 995/1066/1 398/1073/1 397/1049/1
f 993/1065/1 994/1064/1 397/1049/1 396/1074/1
f 282/568/1 990/1061/1 993/1065/1 1258/1075/1 1257/1076/1
f 283/1068/1 987/1058/1 990/1061/1 282/568/1
f 996/1077/1 997/1078/1 1000/1079/1 999/1080/1
f 997/1078/1 998/1081/1 1001/1082/1 1000/1079/1
f 999/1080/1 1000/1079/1 1003/1083/1 1002/1084/1
f 1000/1079/1 1001/1082/1 1004/1085/1 1003/1083/1
f 41/413/1 390/1086/1 996/1077/1 286/1087/1
f 390/1086/1 391/1088/1 997/1078/1 996/1077/1
f 391/1088/1 392/1089/1 998/1081/1 997/1078/1
f 392/1089/1 56/839/1 408/1090/1 998/1081/1
f 998/1081/1 408/1090/1 407/862/1 1001/1082/1
f 1001/1082/1 407/862/1 406/860/1 1004/1085/1
f 1004/1085/1 406/860/1 57/861/1 395/1091/1
f 1003/1083/1 1004/1085/1 395/1091/1 394/1069/1
f 1002/1084/1 1003/1083/1 394/1069/1 393/1092/1
f 284/1093/1 1002/1084/1 393/1092/1 40/566/1
f 285/585/1 999/1080/1 1002/1084/1 284/1093/1
f 286/1087/1 996/1077/1 999/1080/1 285/585/1
f 1005/1094/1 1006/1095/1 1009/1096/1 1008/1097/1
f 1006/1095/1 1007/1098/1 1010/1099/1 1009/1096/1
f 1008/1097/1 1009/1096/1 1012/1100/1 1011/1101/1
f 1009/1096/1 1010/1099/1 1013/1102/1 1012/1100/1
f 12/408/1 384/1103/1 1005/1094/1 153/409/1
f 384/1103/1 385/1104/1 1006/1095/1 1005/1094/1
f 385/1104/1 386/1105/1 1007/1098/1 1006/1095/1
f 386/1105/1 54/24/1 411/1106/1 1007/1098/1
f 1007/1098/1 411/1106/1 410/840/1 1010/1099/1
f 1010/1099/1 410/840/1 409/1107/1 1013/1102/1
f 1013/1102/1 409/1107/1 56/839/1 392/1108/1
f 1012/1100/1 1013/1102/1 392/1108/1 391/1088/1
f 1011/1101/1 1012/1100/1 391/1088/1 390/1109/1
f 151/1110/1 1011/1101/1 390/1109/1 41/413/1
f 152/410/1 1008/1097/1 1011/1101/1 151/1110/1
f 153/409/1 1005/1094/1 1008/1097/1 152/410/1
f 1014/1111/1 1015/1112/1 1018/1113/1 1017/1114/1
f 1015/1112/1 1016/1115/1 1019/1116/1 1018/1113/1
f 1017/1114/1 1018/1113/1 1021/1117/1 1020/1118/1
f 1018/1113/1 1019/1116/1 1022/1119/1 1021/1117/1
f 4/44/1 378/1120/1 1014/1111/1 81/1121/1
f 378/1120/1 379/1122/1 1015/1112/1 1014/1111/1
f 379/1122/1 380/1123/1 1016/1115/1 1015/1112/1
f 380/1123/1 52/143/1 414/1124/1 1016/1115/1
f 1016/1115/1 414/1124/1 413/1125/1 1019/1116/1
f 1019/1116/1 413/1125/1 412/1126/1 1022/1119/1
f 1022/1119/1 412/1126/1 55/10/1 389/1127/1
f 1021/1117/1 1022/1119/1 389/1127/1 388/1128/1
f 1020/1118/1 1021/1117/1 388/1128/1 387/1129/1
f 79/1130/1 1020/1118/1 387/1129/1 22/49/1
f 80/46/1 1017/1114/1 1020/1118/1 79/1130/1
f 81/1121/1 1014/1111/1 1017/1114/1 80/46/1
f 1023/1131/3 1024/1132/3 1027/1133/3 1026/1134/3
f 1024/1132/3 1025/1135/3 1028/1136/3 1027/1133/3
f 1026/1134/3 1027/1133/3 1030/1137/3 1029/1138/3
f 1027/1133/3 1028/1136/3 1031/1139/3 1030/1137/3
f 7/40/3 381/1140/3 1023/1131/3 111/1141/3
f 381/1140/3 382/1142/3 1024/1132/3 1023/1131/3
f 382/1142/3 383/1143/3 1025/1135/3 1024/1132/3
f 383/1143/3 53/134/3 417/1144/3 1025/1135/3
f 1025/1135/3 417/1144/3 416/144/3 1028/1136/3
f 1028/1136/3 416/144/3 415/1145/3 1031/1139/3
f 1031/1139/3 415/1145/3 52/143/3 380/1146/3
f 1030/1137/3 1031/1139/3 380/1146/3 379/1122/3
f 1029/1138/3 1030/1137/3 379/1122/3 378/1120/3
f 109/1147/3 1029/1138/3 378/1120/3 4/44/3
f 110/42/3 1026/1134/3 1029/1138/3 109/1147/3
f 111/1141/3 1023/1131/3 1026/1134/3 110/42/3
f 399/1148/1 59/86/1 420/1149/1 1032/1150/1
f 1032/1150/1 420/1149/1 419/99/1 1033/1151/1
f 1033/1151/1 419/99/1 418/1152/1 1034/1153/1
f 1034/1153/1 418/1152/1 1215/1154/1 1221/1155/1
f 1035/1156/1 1036/1157/1 1039/1158/1 1038/1159/1
f 1036/1157/1 1037/1160/1 1040/1161/1 1039/1158/1
f 1038/1159/1 1039/1158/1 1042/1162/1 1041/1163/1
f 1039/1158/1 1040/1161/1 1043/1164/1 1042/1162/1
f 22/49/1 387/1165/1 1035/1156/1 195/1166/1
f 387/1165/1 388/1128/1 1036/1157/1 1035/1156/1
f 388/1128/1 389/1167/1 1037/1160/1 1036/1157/1
f 389/1167/1 55/10/1 423/1168/1 1037/1160/1
f 1037/1160/1 423/1168/1 422/25/1 1040/1161/1
f 1040/1161/1 422/25/1 421/1169/1 1043/1164/1
f 1043/1164/1 421/1169/1 54/24/1 386/1170/1
f 1042/1162/1 1043/1164/1 386/1170/1 385/1104/1
f 1041/1163/1 1042/1162/1 385/1104/1 384/1171/1
f 193/1172/1 1041/1163/1 384/1171/1 12/408/1
f 194/533/1 1038/1159/1 1041/1163/1 193/1172/1
f 195/1166/1 1035/1156/1 1038/1159/1 194/533/1
f 1044/1173/4 1045/1174/4 1048/1175/4 1047/1176/4
f 1045/1174/4 1046/1177/4 1049/1178/4 1048/1175/4
f 1047/1176/4 1048/1175/4 1051/1179/4 1050/1180/4
f 1048/1175/4 1049/1178/4 1052/1181/4 1051/1179/4
f 33/670/4 437/1182/4 1044/1173/4 252/1183/4
f 437/1182/4 438/1184/4 1045/1174/4 1044/1173/4
f 438/1184/4 439/1185/4 1046/1177/4 1045/1174/4
f 439/1185/4 66/798/4 445/1186/4 1046/1177/4
f 1046/1177/4 445/1186/4 444/818/4 1049/1178/4
f 1049/1178/4 444/818/4 443/1187/4 1052/1181/4
f 1052/1181/4 443/1187/4 67/154/4 442/1188/4
f 1051/1179/4 1052/1181/4 442/1188/4 441/1189/4
f 1050/1180/4 1051/1179/4 441/1189/4 440/1190/4
f 250/689/4 1050/1180/4 440/1190/4 32/330/4
f 251/688/4 1047/1176/4 1050/1180/4 250/689/4
f 252/1183/4 1044/1173/4 1047/1176/4 251/688/4
f 1053/1191/4 1054/1192/4 1057/1193/4 1056/1194/4
f 1054/1192/4 1055/1195/4 1058/1196/4 1057/1193/4
f 1056/1194/4 1057/1193/4 1060/1197/4 1059/1198/4
f 1057/1193/4 1058/1196/4 1061/1199/4 1060/1197/4
f 434/1200/4 435/1201/4 1054/1192/4 1053/1191/4
f 435/1201/4 436/1202/4 1055/1195/4 1054/1192/4
f 436/1202/4 65/776/4 448/1203/4 1055/1195/4
f 1055/1195/4 448/1203/4 447/799/4 1058/1196/4
f 1058/1196/4 447/799/4 446/797/4 1061/1199/4
f 1061/1199/4 446/797/4 66/798/4 439/1204/4
f 1060/1197/4 1061/1199/4 439/1204/4 438/1184/4
f 1059/1198/4 1060/1197/4 438/1184/4 437/1205/4
f 253/669/4 1059/1198/4 437/1205/4 33/670/4
f 254/668/4 1056/1194/4 1059/1198/4 253/669/4
f 1062/1206/4 1063/1207/4 1065/1208/4 1064/1209/4
f 1064/1209/4 1065/1208/4 1067/1210/4 1066/1211/4
f 433/1212/4 64/753/4 451/766/4 1063/1207/4
f 1063/1207/4 451/766/4 450/777/4 1065/1208/4
f 1065/1208/4 450/777/4 449/1213/4 1067/1210/4
f 1067/1210/4 449/1213/4 65/776/4 436/1214/4
f 1066/1211/4 1067/1210/4 436/1214/4 435/1201/4
f 1068/1215/4 454/1216/4 453/754/4 1069/1217/4
f 1069/1217/4 453/754/4 452/1218/4 1070/1219/4
f 1070/1219/4 452/1218/4 64/753/4 433/1220/4
f 1071/1221/4 1072/1222/4 1075/1223/4 1074/1224/4
f 1072/1222/4 1073/1225/4 1076/1226/4 1075/1223/4
f 1074/1224/4 1075/1223/4 1078/1227/4 1077/1228/4
f 1075/1223/4 1076/1226/4 1079/1229/4 1078/1227/4
f 13/335/4 427/1230/4 1071/1221/4 156/1231/4
f 427/1230/4 428/1232/4 1072/1222/4 1071/1221/4
f 428/1232/4 429/1233/4 1073/1225/4 1072/1222/4
f 429/1233/4 62/168/4 457/1234/4 1073/1225/4
f 1073/1225/4 457/1234/4 456/517/4 1076/1226/4
f 1076/1226/4 456/517/4 455/1235/4 1079/1229/4
f 1079/1229/4 455/1235/4 63/109/4 432/1236/4
f 1078/1227/4 1079/1229/4 432/1236/4 431/1237/4
f 1077/1228/4 1078/1227/4 431/1237/4 430/1238/4
f 154/462/4 1077/1228/4 430/1238/4 30/283/4
f 155/461/4 1074/1224/4 1077/1228/4 154/462/4
f 156/1231/4 1071/1221/4 1074/1224/4 155/461/4
f 1080/1239/3 1081/1240/3 1084/1241/3 1083/1242/3
f 1081/1240/3 1082/1243/3 1085/1244/3 1084/1241/3
f 1083/1242/3 1084/1241/3 1087/1245/3 1086/1246/3
f 1084/1241/3 1085/1244/3 1088/1247/3 1087/1245/3
f 3/288/3 84/1248/3 1080/1239/3 469/1249/3
f 84/1248/3 83/1250/3 1081/1240/3 1080/1239/3
f 83/1250/3 82/1251/3 1082/1243/3 1081/1240/3
f 82/1251/3 60/123/3 460/1252/3 1082/1243/3
f 1082/1243/3 460/1252/3 459/236/3 1085/1244/3
f 1085/1244/3 459/236/3 458/234/3 1088/1247/3
f 1088/1247/3 458/234/3 61/235/3 478/1253/3
f 1087/1245/3 1088/1247/3 478/1253/3 477/1254/3
f 1086/1246/3 1087/1245/3 477/1254/3 476/1255/3
f 467/1256/3 1086/1246/3 476/1255/3 68/292/3
f 468/290/3 1083/1242/3 1086/1246/3 467/1256/3
f 469/1249/3 1080/1239/3 1083/1242/3 468/290/3
f 1089/1257/4 1090/1258/4 1093/1259/4 1092/1260/4
f 1090/1258/4 1091/1261/4 1094/1262/4 1093/1259/4
f 1092/1260/4 1093/1259/4 1096/1263/4 1095/1264/4
f 1093/1259/4 1094/1262/4 1097/1265/4 1096/1263/4
f 32/330/4 440/1190/4 1089/1257/4 249/1266/4
f 440/1190/4 441/1189/4 1090/1258/4 1089/1257/4
f 441/1189/4 442/1267/4 1091/1261/4 1090/1258/4
f 442/1267/4 67/154/4 463/1268/4 1091/1261/4
f 1091/1261/4 463/1268/4 462/169/4 1094/1262/4
f 1094/1262/4 462/169/4 461/167/4 1097/1265/4
f 1097/1265/4 461/167/4 62/168/4 429/1269/4
f 1096/1263/4 1097/1265/4 429/1269/4 428/1232/4
f 1095/1264/4 1096/1263/4 428/1232/4 427/1270/4
f 247/334/4 1095/1264/4 427/1270/4 13/335/4
f 248/333/4 1092/1260/4 1095/1264/4 247/334/4
f 249/1266/4 1089/1257/4 1092/1260/4 248/333/4
f 1098/1271/4 1099/1272/4 1102/1273/4 1101/1274/4
f 1099/1272/4 1100/1275/4 1103/1276/4 1102/1273/4
f 1101/1274/4 1102/1273/4 1105/1277/4 1104/1278/4
f 1102/1273/4 1103/1276/4 1106/1279/4 1105/1277/4
f 30/283/4 430/1280/4 1098/1271/4 219/1281/4
f 430/1280/4 431/1237/4 1099/1272/4 1098/1271/4
f 431/1237/4 432/1282/4 1100/1275/4 1099/1272/4
f 432/1282/4 63/109/4 466/111/4 1100/1275/4
f 1100/1275/4 466/111/4 465/1283/4 1103/1276/4
f 1103/1276/4 465/1283/4 464/1284/4 1106/1279/4
f 1106/1279/4 464/1284/4 60/123/4 82/1285/4
f 1105/1277/4 1106/1279/4 82/1285/4 83/1250/4
f 1104/1278/4 1105/1277/4 83/1250/4 84/1286/4
f 217/287/4 1104/1278/4 84/1286/4 3/288/4
f 218/286/4 1101/1274/4 1104/1278/4 217/287/4
f 219/1281/4 1098/1271/4 1101/1274/4 218/286/4
f 1107/1287/2 1108/1288/2 1111/1289/2 1110/1290/2
f 1108/1288/2 1109/1291/2 1112/1292/2 1111/1289/2
f 1110/1290/2 1111/1289/2 1114/1293/2 1113/1294/2
f 1111/1289/2 1112/1292/2 1115/1295/2 1114/1293/2
f 42/674/2 289/1296/2 1107/1287/2 308/1297/2
f 289/1296/2 290/693/2 1108/1288/2 1107/1287/2
f 290/693/2 291/1298/2 1109/1291/2 1108/1288/2
f 291/1298/2 43/344/2 311/1299/2 1109/1291/2
f 1109/1291/2 311/1299/2 310/1300/2 1112/1292/2
f 1112/1292/2 310/1300/2 309/1301/2 1115/1295/2
f 1115/1295/2 309/1301/2 76/1302/2 509/1303/2
f 1114/1293/2 1115/1295/2 509/1303/2 510/1304/2
f 1113/1294/2 1114/1293/2 510/1304/2 511/1305/2
f 306/1306/2 1113/1294/2 511/1305/2 74/1307/2
f 307/1308/2 1110/1290/2 1113/1294/2 306/1306/2
f 308/1297/2 1107/1287/2 1110/1290/2 307/1308/2
f 1116/1309/2 1117/1310/2 1120/1311/2 1119/1312/2
f 1117/1310/2 1118/1313/2 1121/1314/2 1120/1311/2
f 1119/1312/2 1120/1311/2 1123/1315/2 1122/1316/2
f 1120/1311/2 1121/1314/2 1124/1317/2 1123/1315/2
f 74/1307/2 511/1305/2 1116/1309/2 496/1318/2
f 511/1305/2 510/1304/2 1117/1310/2 1116/1309/2
f 510/1304/2 509/1319/2 1118/1313/2 1117/1310/2
f 509/1319/2 76/1302/2 502/1320/2 1118/1313/2
f 1118/1313/2 502/1320/2 501/1321/2 1121/1314/2
f 1121/1314/2 501/1321/2 500/1322/2 1124/1317/2
f 1124/1317/2 500/1322/2 75/355/2 512/1323/2
f 1123/1315/2 1124/1317/2 512/1323/2 513/656/2
f 1122/1316/2 1123/1315/2 513/656/2 514/1324/2
f 494/1325/2 1122/1316/2 514/1324/2 73/640/2
f 495/1326/2 1119/1312/2 1122/1316/2 494/1325/2
f 496/1318/2 1116/1309/2 1119/1312/2 495/1326/2
f 1125/1327/2 1126/1328/2 1128/1329/2 1127/1330/2
f 1127/1330/2 1128/1329/2 1130/1331/2 1129/1332/2
f 287/676/2 288/1333/2 1126/1328/2 1125/1327/2
f 288/1333/2 42/674/2 308/1334/2 1126/1328/2
f 1126/1328/2 308/1334/2 307/1308/2 1128/1329/2
f 1128/1329/2 307/1308/2 306/1335/2 1130/1331/2
f 1130/1331/2 306/1335/2 74/1307/2 515/1336/2
f 1129/1332/2 1130/1331/2 515/1336/2 516/1337/2
f 1131/1338/2 1132/1339/2 1134/1340/2 1133/1341/2
f 1133/1341/2 1134/1340/2 1136/1342/2 1135/1343/2
f 516/1337/2 515/1344/2 1132/1339/2 1131/1338/2
f 515/1344/2 74/1307/2 496/1345/2 1132/1339/2
f 1132/1339/2 496/1345/2 495/1326/2 1134/1340/2
f 1134/1340/2 495/1326/2 494/1346/2 1136/1342/2
f 1136/1342/2 494/1346/2 73/640/2 517/1347/2
f 1135/1343/2 1136/1342/2 517/1347/2 518/638/2
f 1137/1348/2 1138/1349/2 1141/1350/2 1140/1351/2
f 1138/1349/2 1139/1352/2 1142/1353/2 1141/1350/2
f 1140/1351/2 1141/1350/2 1144/1354/2 1143/1355/2
f 1141/1350/2 1142/1353/2 1145/1356/2 1144/1354/2
f 20/339/2 211/1357/2 1137/1348/2 168/1358/2
f 211/1357/2 212/466/2 1138/1349/2 1137/1348/2
f 212/466/2 213/1359/2 1139/1352/2 1138/1349/2
f 213/1359/2 28/297/2 228/1360/2 1139/1352/2
f 1139/1352/2 228/1360/2 227/1361/2 1142/1353/2
f 1142/1353/2 227/1361/2 226/1362/2 1145/1356/2
f 1145/1356/2 226/1362/2 72/1363/2 519/1364/2
f 1144/1354/2 1145/1356/2 519/1364/2 520/1365/2
f 1143/1355/2 1144/1354/2 520/1365/2 521/1366/2
f 166/1367/2 1143/1355/2 521/1366/2 70/1368/2
f 167/1369/2 1140/1351/2 1143/1355/2 166/1367/2
f 168/1358/2 1137/1348/2 1140/1351/2 167/1369/2
f 1146/1370/2 1147/1371/2 1150/1372/2 1149/1373/2
f 1147/1371/2 1148/1374/2 1151/1375/2 1150/1372/2
f 1149/1373/2 1150/1372/2 1153/1376/2 1152/1377/2
f 1150/1372/2 1151/1375/2 1154/1378/2 1153/1376/2
f 70/1368/2 521/1379/2 1146/1370/2 484/1380/2
f 521/1379/2 520/1365/2 1147/1371/2 1146/1370/2
f 520/1365/2 519/1381/2 1148/1374/2 1147/1371/2
f 519/1381/2 72/1363/2 490/1382/2 1148/1374/2
f 1148/1374/2 490/1382/2 489/1383/2 1151/1375/2
f 1151/1375/2 489/1383/2 488/1384/2 1154/1378/2
f 1154/1378/2 488/1384/2 71/308/2 522/1385/2
f 1153/1376/2 1154/1378/2 522/1385/2 523/443/2
f 1152/1377/2 1153/1376/2 523/443/2 524/1386/2
f 482/1387/2 1152/1377/2 524/1386/2 69/360/2
f 483/1388/2 1149/1373/2 1152/1377/2 482/1387/2
f 484/1380/2 1146/1370/2 1149/1373/2 483/1388/2
f 1155/1389/2 1156/1390/2 1159/1391/2 1158/1392/2
f 1156/1390/2 1157/1393/2 1160/1394/2 1159/1391/2
f 1158/1392/2 1159/1391/2 1162/1395/2 1161/1396/2
f 1159/1391/2 1160/1394/2 1163/1397/2 1162/1395/2
f 43/344/2 160/1398/2 1155/1389/2 311/1399/2
f 160/1398/2 161/341/2 1156/1390/2 1155/1389/2
f 161/341/2 162/1400/2 1157/1393/2 1156/1390/2
f 162/1400/2 20/339/2 168/1358/2 1157/1393/2
f 1157/1393/2 168/1358/2 167/1369/2 1160/1394/2
f 1160/1394/2 167/1369/2 166/1401/2 1163/1397/2
f 1163/1397/2 166/1401/2 70/1368/2 525/1402/2
f 1162/1395/2 1163/1397/2 525/1402/2 526/1403/2
f 1161/1396/2 1162/1395/2 526/1403/2 527/1404/2
f 309/1301/2 1161/1396/2 527/1404/2 76/1302/2
f 310/1300/2 1158/1392/2 1161/1396/2 309/1301/2
f 311/1399/2 1155/1389/2 1158/1392/2 310/1300/2
f 1164/1405/2 1165/1406/2 1168/1407/2 1167/1408/2
f 1165/1406/2 1166/1409/2 1169/1410/2 1168/1407/2
f 1167/1408/2 1168/1407/2 1171/1411/2 1170/1412/2
f 1168/1407/2 1169/1410/2 1172/1413/2 1171/1411/2
f 76/1302/2 527/1404/2 1164/1405/2 502/1320/2
f 527/1404/2 526/1403/2 1165/1406/2 1164/1405/2
f 526/1403/2 525/1414/2 1166/1409/2 1165/1406/2
f 525/1414/2 70/1368/2 484/1380/2 1166/1409/2
f 1166/1409/2 484/1380/2 483/1388/2 1169/1410/2
f 1169/1410/2 483/1388/2 482/1415/2 1172/1413/2
f 1172/1413/2 482/1415/2 69/360/2 528/1416/2
f 1171/1411/2 1172/1413/2 528/1416/2 529/358/2
f 1170/1412/2 1171/1411/2 529/358/2 530/1417/2
f 500/1418/2 1170/1412/2 530/1417/2 75/355/2
f 501/1321/2 1167/1408/2 1170/1412/2 500/1418/2
f 502/1320/2 1164/1405/2 1167/1408/2 501/1321/2
f 1173/1419/2 1174/1420/2 1177/1421/2 1176/1422/2
f 1174/1420/2 1175/1423/2 1178/1424/2 1177/1421/2
f 1176/1422/2 1177/1421/2 1180/1425/2 1179/1426/2
f 1177/1421/2 1178/1424/2 1181/1427/2 1180/1425/2
f 28/297/2 473/1428/2 1173/1419/2 228/1429/2
f 473/1428/2 474/294/2 1174/1420/2 1173/1419/2
f 474/294/2 475/1430/2 1175/1423/2 1174/1420/2
f 475/1430/2 68/292/2 472/1431/2 1175/1423/2
f 1175/1423/2 472/1431/2 471/1432/2 1178/1424/2
f 1178/1424/2 471/1432/2 470/1433/2 1181/1427/2
f 1181/1427/2 470/1433/2 78/1434/2 531/1435/2
f 1180/1425/2 1181/1427/2 531/1435/2 532/1436/2
f 1179/1426/2 1180/1425/2 532/1436/2 533/1437/2
f 226/1438/2 1179/1426/2 533/1437/2 72/1363/2
f 227/1361/2 1176/1422/2 1179/1426/2 226/1438/2
f 228/1429/2 1173/1419/2 1176/1422/2 227/1361/2
f 1182/1439/2 1183/1440/2 1186/1441/2 1185/1442/2
f 1183/1440/2 1184/1443/2 1187/1444/2 1186/1441/2
f 1185/1442/2 1186/1441/2 1189/1445/2 1188/1446/2
f 1186/1441/2 1187/1444/2 1190/1447/2 1189/1445/2
f 72/1363/2 533/1448/2 1182/1439/2 490/1449/2
f 533/1448/2 532/1436/2 1183/1440/2 1182/1439/2
f 532/1436/2 531/1450/2 1184/1443/2 1183/1440/2
f 531/1450/2 78/1434/2 508/1451/2 1184/1443/2
f 1184/1443/2 508/1451/2 507/1452/2 1187/1444/2
f 1187/1444/2 507/1452/2 506/1453/2 1190/1447/2
f 1190/1447/2 506/1453/2 77/313/2 534/1454/2
f 1189/1445/2 1190/1447/2 534/1454/2 535/311/2
f 1188/1446/2 1189/1445/2 535/311/2 536/1455/2
f 488/1456/2 1188/1446/2 536/1455/2 71/308/2
f 489/1383/2 1185/1442/2 1188/1446/2 488/1456/2
f 490/1449/2 1182/1439/2 1185/1442/2 489/1383/2
f 1234/1457/2 1243/1458/2 254/668/2 818/662/2
f 1249/1459/4 1248/1460/4 1064/1209/4 1066/1211/4
f 1279/1461/4 1280/740/4 852/737/4
f 1275/1462/1 1274/1463/1 1033/1151/1 1034/1153/1
f 1274/1463/1 1273/1464/1 1032/1150/1 1033/1151/1
f 1265/1465/2 1263/1466/2 770/554/2 772/557/2
f 1271/1057/1 1270/1467/1 985/1047/1
f 1255/1468/4 1256/1469/4 1276/1470/4 1068/1215/4
f 1247/1471/4 1249/1459/4 1066/1211/4 435/1201/4 434/1472/4
f 1257/1473/2 1260/1474/2 774/559/2 282/568/2
f 1244/1475/2 1242/1476/2 287/676/2 1125/1327/2
f 1267/1051/1 1266/1477/1 396/1048/1
f 1262/1478/2 1259/1479/2 805/635/2 807/637/2
f 1240/1480/2 1237/1481/2 1135/1343/2 518/638/2
f 1235/1482/2 1233/1483/2 1129/1332/2 516/1337/2
f 1281/741/4 1231/1484/4 1230/746/4 855/742/4
f 1266/1485/1 1258/1075/1 993/1065/1 396/1074/1
f 1193/1486/5 1192/1487/5 965/1005/5 257/1020/5
f 1232/1488/2 1236/1489/2 1131/1338/2 1133/1341/2
f 1263/1466/2 1261/1490/2 292/560/2 770/554/2
f 1251/1491/4 1250/1492/4 1062/1206/4
f 1246/1493/4 1247/1471/4 434/1472/4
f 1278/1494/4 1279/1461/4 852/737/4 851/736/4
f 1268/1495/1 1269/1050/1 981/1042/1 983/1045/1
f 1248/1460/4 1251/1491/4 1062/1206/4 1064/1209/4
f 1261/1496/2 1262/1478/2 807/637/2 292/560/2
f 1243/1497/4 1245/1498/4 1053/1191/4 1056/1194/4 254/668/4
f 1250/1492/4 1252/1499/4 433/1212/4 1063/1207/4 1062/1206/4
f 1191/1500/5 1194/1501/5 967/1009/5 966/1006/5
f 1239/1502/2 1234/1457/2 818/662/2 820/665/2
f 1276/1470/4 1277/1503/4 454/1216/4 1068/1215/4
f 1238/1504/2 1239/1502/2 820/665/2 822/667/2
f 1192/1487/5 1191/1500/5 966/1006/5 965/1005/5
f 1252/1505/4 1253/1506/4 1070/1219/4 433/1220/4
f 1253/1506/4 1254/1507/4 1069/1217/4 1070/1219/4
f 1264/1508/2 1240/1509/2 518/638/2 803/632/2
f 1273/1464/1 1272/1510/1 399/1148/1 1032/1150/1
f 1259/1479/2 1264/1508/2 803/632/2 805/635/2
f 1270/1467/1 1268/1495/1 983/1045/1 985/1047/1
f 1254/1507/4 1255/1468/4 1068/1215/4 1069/1217/4
f 1277/1511/4 1278/1494/4 851/736/4 454/755/4
f 1236/1489/2 1235/1512/2 516/1337/2 1131/1338/2
f 1241/1513/2 1244/1475/2 1125/1327/2 1127/1330/2
f 1233/1483/2 1241/1513/2 1127/1330/2 1129/1332/2
f 1221/1155/1 1220/1514/1 1275/1462/1 1034/1153/1
f 1260/1474/2 1265/1465/2 772/557/2 774/559/2
f 1245/1498/4 1246/1515/4 434/1200/4 1053/1191/4
f 1242/1516/2 1238/1504/2 822/667/2 287/676/2
f 1194/1501/5 1195/1517/5 356/1014/5 967/1009/5
f 1237/1481/2 1232/1488/2 1133/1341/2 1135/1343/2
o bathroom-far
v 8.900000 -1.534561 -0.572783
v 8.900000 1.277030 0.672205
v 10.837013 -1.534561 0.103210
v 8.900000 -1.534561 0.672205
v 10.837013 1.287181 0.103210
v 18.687275 -1.534561 -0.887887
v 18.687275 1.691929 -0.887887
v 8.900000 -1.534561 0.098429
v 18.687275 -1.534561 0.128982
v 10.829487 -1.534561 -0.634143
v 10.829487 -1.534561 0.103231
v 18.687275 1.674211 0.128982
v 18.687275 0.649061 -0.887887
v 18.687275 1.568384 0.128982
v 18.682693 1.658499 1.004409
v 18.687275 0.016912 0.128982
v 18.687275 -0.910669 -0.887887
v 9.868506 -1.534561 0.387707
v 10.837013 -0.123690 0.103210
v 18.687275 1.170495 -0.887887
v 14.758381 -1.534561 -0.761015
v 18.687275 -1.534561 -0.379453
v 14.758381 -1.534561 0.116106
v 18.687275 1.683070 -0.379453
v 9.864742 -1.534561 0.100830
v 10.829487 -1.534561 -0.265456
v 18.687275 -0.758825 0.128982
v 18.687275 -0.130804 -0.887887
v 18.687275 1.621297 0.128982
v 18.687275 1.108722 -0.379453
v 18.684982 1.613441 0.566696
v 9.868506 1.282105 0.387707
v 8.900000 -0.128766 0.672205
v 8.900000 -1.534561 0.385317
v 8.900000 -1.534561 -0.237177
v 9.864743 -1.534561 -0.603463
v 9.864742 -1.534561 0.387718
v 18.684982 1.666355 0.566696
v 18.687275 0.792648 0.128982
v 18.687275 -1.222615 -0.887887
v 18.687275 -0.446879 -0.379453
v 9.868506 -0.126228 0.387707
v 14.758382 -1.534561 -0.322454
v 18.687275 1.395896 -0.379453
v 9.543161 -1.534561 0.291288
v 9.864743 -1.534561 -0.251317
v 18.687275 0.330922 -0.379453
v 18.685745 1.633698 0.420791
v 18.687275 -0.990720 -0.379453
vn -0.2818 -0.0000 -0.9595
vn -0.0000 1.0000 -0.0000
vn -1.0000 -0.0000 -0.0000
vn -1.0000 -0.0000 -0.0052
vt 0.555941 0.431689
vt 0.556264 0.606599
vt 0.529447 0.610680
vt 0.529285 0.443585
vt 0.556587 0.781509
vt 0.529609 0.777775
vt 0.502631 0.774041
vt 0.502630 0.614762
vt 0.502630 0.455482
vt 0.502634 0.455398
vt 0.502627 0.487299
vt 0.471568 0.487288
vt 0.471618 0.455386
vt 0.502620 0.519201
vt 0.471518 0.519190
vt 0.440415 0.519180
vt 0.440508 0.487277
vt 0.440602 0.455373
vt 0.502621 0.774022
vt 0.502621 0.778407
vt 0.471280 0.759899
vt 0.471326 0.736273
vt 0.502621 0.782792
vt 0.471234 0.783524
vt 0.439848 0.784257
vt 0.439939 0.741391
vt 0.440031 0.698524
vt 0.555941 0.431689
vt 0.529287 0.443543
vt 0.520451 0.439584
vt 0.529360 0.431678
vt 0.502634 0.455398
vt 0.502707 0.443532
vt 0.502780 0.431667
vt 0.502780 0.431667
vt 0.502707 0.443532
vt 0.471649 0.443520
vt 0.471681 0.431654
vt 0.440592 0.443507
vt 0.440583 0.431641
vt 0.502621 0.646611
vt 0.502621 0.710317
vt 0.471395 0.672395
vt 0.471463 0.608516
vt 0.440168 0.634473
vt 0.440305 0.570421
vt 0.502621 0.774022
vt 0.529641 0.777765
vt 0.520634 0.779440
vt 0.502621 0.778407
vt 0.556661 0.781507
vt 0.529641 0.782150
vt 0.502621 0.782792
vt 0.502621 0.582906
vt 0.471490 0.563853
vt 0.471518 0.519190
vt 0.471463 0.608516
vt 0.440360 0.544801
s 0
f 1285/1518/6 1314/1519/6 1323/1520/6 1299/1521/6
f 1314/1519/6 1283/1522/6 1313/1523/6 1323/1520/6
f 1323/1520/6 1313/1523/6 1286/1524/6 1300/1525/6
f 1299/1521/6 1323/1520/6 1300/1525/6 1284/1526/6
f 1292/1527/7 1304/1528/7 1324/1529/7 1307/1530/7
f 1304/1528/7 1290/1531/7 1303/1532/7 1324/1529/7
f 1324/1529/7 1303/1532/7 1287/1533/7 1302/1534/7
f 1307/1530/7 1324/1529/7 1302/1534/7 1291/1535/7
f 1295/1536/8 1310/1537/8 1325/1538/8 1311/1539/8
f 1310/1537/8 1293/1540/8 1305/1541/8 1325/1538/8
f 1325/1538/8 1305/1541/8 1288/1542/8 1301/1543/8
f 1311/1539/8 1325/1538/8 1301/1543/8 1294/1544/8
f 1285/1545/7 1318/1546/7 1326/1547/7 1315/1548/7
f 1292/1549/7 1306/1550/7 1326/1547/7 1318/1546/7
f 1289/1551/7 1315/1548/7 1326/1547/7 1306/1550/7
f 1289/1552/7 1306/1553/7 1327/1554/7 1316/1555/7
f 1306/1553/7 1292/1527/7 1307/1530/7 1327/1554/7
f 1327/1554/7 1307/1530/7 1291/1535/7 1317/1556/7
f 1316/1555/7 1327/1554/7 1317/1556/7 1282/1557/7
f 1297/1558/8 1320/1559/8 1328/1560/8 1322/1561/8
f 1320/1559/8 1295/1536/8 1311/1539/8 1328/1560/8
f 1328/1560/8 1311/1539/8 1294/1544/8 1309/1562/8
f 1322/1561/8 1328/1560/8 1309/1562/8 1298/1563/8
f 1295/1564/9 1312/1565/9 1329/1566/9 1310/1567/9
f 1296/1568/9 1319/1569/9 1329/1566/9 1312/1565/9
f 1293/1570/9 1310/1567/9 1329/1566/9 1319/1569/9
f 1290/1531/8 1308/1571/8 1330/1572/8 1303/1573/8
f 1308/1571/8 1297/1558/8 1322/1574/8 1330/1572/8
f 1330/1572/8 1322/1574/8 1298/1563/8 1321/1575/8
f 1303/1573/8 1330/1572/8 1321/1575/8 1287/1533/8
